037c 0b70 fbec 01eb 050d
02f6 f74f fbec 0746 fea6
fa3c 0c7f fbec f9ba fabe
017e 02ce fbec 044c feb0
fb2e f344 fbec fb73 fae9
fafa 05b5 fbec 00af f545
fdb5 04be fbec 0273 f8f7
0587 f758 fbec 09e0 012e
f91b f6c1 fbec fcdd f559
0a78 0a24 fbec 079b 0d55
01ae 0864 fbec fd11 064b
06f7 00da fbec 07d1 061d
0900 f98f fbec 0f90 0270
fde4 00b4 fbec fe98 fd30
0b9c 0a1d fbec 08b8 0e80
034a fac8 fbec fe12 0882
0ae4 f9fb fbec 04df 10e9
0139 fc5d fbec fd96 04dc
f951 00d5 fbec fa26 f87c
0b16 06bd fbec 04d2 115a
f807 fc9f fbec f4a6 fb68
faba f65f fbec fe1a f75a
f887 0a72 fbec f5f8 fb16
071c f9f7 fbec 0113 0d25
f6f5 fa71 fbec f166 fc84
0000 f40f fbec 0110 fef0
f868 0862 fbec f3c9 fd07
f6d1 0936 fbec f306 fa9c
0c9b f796 fbec 1132 0804
fcd9 0a86 fbec fa5e ff54
08cb f8b0 fbec 0e7c 031a
07e7 f3f8 fbec 08e0 06ee
f9aa f9ca fbec f374 ffe0
025b 0057 fbec 02b2 0204
f861 fa7a fbec f2db fde7
0394 00ba fbec 044e 02da
0a7e f3db fbec 0b5a 09a2
fd25 fa06 fbec f72b 031f
0143 fdd3 fbec ff16 0370
f99e 0974 fbec f611 fd2b
0338 f9d9 fd0a 0303 036d
fe2d 0311 fd0a fa66 01f4
0b87 0af8 fd0a 10cd 0641
095a f5db fd0a 0bba 06fa
05d3 0968 fd0a 0158 0a4e
06c6 025f fd0a 0a2a 0362
04e4 0700 fd0a 0141 0887
0c06 fe43 fd0a 0a70 0d9c
fd02 03c5 fd0a ff92 fa72
f617 f3a3 fd0a f866 f3c8
f566 f567 fd0a f48e f63e
f311 f89d fd0a f144 f4de
0487 0b6b fd0a 0644 02ca
f857 f536 fd0a fea8 f206
0893 f80e fd0a 0341 0de5
01d1 09b4 fd0a 037b 0027
0728 03c7 fd0a 0a39 0417
021f 0a53 fd0a fe55 05e9
f78e 0770 fd0a f621 f8fb
fb2f ff45 fd0a f995 fcc9
0039 f419 fd0a 0641 fa31
0a75 08ca fd0a 052e 0fbc
02ad 0646 fd0a 0431 0129
f96e 0103 fd0a f32a ffb2
0ac6 0699 fd0a 0db2 07da
f62c f747 fd0a f93b f31d
07a5 0c3d fd0a 0a47 0503
f551 049e fd0a f409 f699
0c84 05c5 fd0a 0e0a 0afe
fd2d 0276 fd0a ffdc fa7e
090e 04fa fd0a 04f2 0d2a
082f 0261 fd0a 0c14 044a
05e6 ff06 fd0a 07ee 03de
f748 092e fd0a f131 fd5f
f43d 0888 fd0a f857 f023
0479 f667 fd0a 031c 05d6
fb49 fec8 fd0a fab3 fbdf
0b2b f650 fd0a 0a83 0bd3
0c34 0bec fd0a 0def 0a79
f9af 0512 fd0a fb9f f7bf
f340 f82a fe99 f79b eee5
fa8f 025a fe99 f4c4 005a
fe19 0355 fe99 ff28 fd0a
f522 0598 fe99 f2ac f798
f3c2 f522 fe99 f2d6 f4ae
085f f634 fe99 0c07 04b7
f3fe 0b5c fe99 f060 f79c
06c4 0460 fe99 06e0 06a8
0908 f47e fe99 06cb 0b45
fa97 0b09 fe99 ffbe f570
0335 023b fe99 fd16 0954
f751 0c8e fe99 f5ae f8f4
ffeb 00bd fe99 061d f9b9
f83b 0ca0 fe99 f5f2 fa84
f3e7 01a9 fe99 f8d2 eefc
0cce fca7 fe99 0a72 0f2a
07a3 f3a4 fe99 0607 093f
f7ae fdfb fe99 fbdb f381
0b4c fe7a fe99 0802 0e96
029c 0138 fe99 000a 052e
fb75 f98d fe99 0179 f571
0386 fd2e fe99 094e fdbe
fa60 f572 fe99 f976 fb4a
0967 0b11 fe99 0427 0ea7
0b42 fff3 fe99 0a48 0c3c
faf0 0367 fe99 fb59 fa87
f53d f352 fe99 f979 f101
f417 fd07 fe99 f6f1 f13d
03ef 09fe fe99 0a09 fdd5
f421 034c fe99 f583 f2bf
f56b 0105 fe99 f905 f1d1
0ce4 f4a3 fe99 136f 0659
0a7b fa28 fe99 0522 0fd4
0125 f80f fe99 0679 fbd1
0293 0334 fe99 fc27 08ff
fc05 f728 fe99 0100 f70a
f9ea f4b7 fe99 f9f5 f9df
fab6 036e fe99 00a6 f4c6
fe1a f6ae fe99 fbeb 0049
04bb 0147 fe99 0a4a ff2c
082c 06ff fa13 0e6a 01ee
f3f8 07a8 fa13 f9d0 ee20
f4d5 0397 fa13 f448 f562
fbc9 0a39 fa13 f600 0192
f8aa fdd8 fa13 f3e3 fd71
f980 0c60 fa13 f8a6 fa5a
fe29 01c8 fa13 f7ee 0464
f516 023c fa13 f6bd f36f
f4a8 09b0 fa13 f746 f20a
feeb 0755 fa13 04ba f91c
fd7f 0b5b fa13 fe6a fc94
f442 0454 fa13 f02f f855
0b8d 03ef fa13 0a41 0cd9
0a0d 0650 fa13 04a0 0f7a
f4bd f5c9 fa13 fa36 ef44
fb82 04e1 fa13 fb69 fb9b
f4e8 00f2 fa13 f61b f3b5
0501 fe3c fa13 0a9c ff66
f8df f4f1 fa13 f915 f8a9
fea0 f847 fa13 fb70 01d0
fb55 f805 fa13 f574 0136
f464 f9f9 fa13 ee69 fa5f
ffbd 04cd fa13 02c4 fcb6
f36e 0756 fa13 f915 edc7
070c 0620 fa13 091f 04f9
0986 fb66 fa13 0b88 0784
f6f6 f454 fa13 f5b2 f83a
0a1a f601 fa13 06d3 0d61
fc91 f9cc fa13 fd9e fb84
f8e2 0797 fa13 f461 fd63
fb97 ff64 fa13 f9f5 fd39
01e2 0300 fa13 feeb 04d9
fd00 ff77 fa13 f866 019a
07d6 f391 fa13 0b08 04a4
05c9 0bf8 fa13 082e 0364
0756 0316 fa13 00ef 0dbd
0a22 028e fa13 0bfa 084a
0094 f545 fa13 00ab 007d
0973 f3e1 fa13 0d26 05c0
fc4b 0a61 fa13 fd43 fb53
0287 fc90 05d5 fd61 07ad
0cf6 079d 05d5 0a35 0fb7
f48a fd88 05d5 fa10 ef04
0634 fd80 05d5 0730 0538
f737 fbca 05d5 fd43 f12b
0794 fef2 05d5 03ee 0b3a
08f9 0241 05d5 0801 09f1
0187 f386 05d5 035a ffb4
01a6 0c47 05d5 06a6 fca6
07e2 0554 05d5 018f 0e35
064e fdb3 05d5 0077 0c25
fc05 fba2 05d5 f860 ffaa
02ea fbad 05d5 08c3 fd11
fe5e 0123 05d5 fdad ff0f
0551 f762 05d5 088c 0216
f3bd fedf 05d5 ef10 f86a
fcc6 092a 05d5 faf4 fe98
f7ea ffd7 05d5 fde9 f1eb
f43b f74e 05d5 f91e ef58
f6a1 0bc1 05d5 f71f f623
fefe 0662 05d5 fc51 01ab
0083 088e 05d5 0135 ffd1
0998 fb10 05d5 07a3 0b8d
f48b 02c5 05d5 f072 f8a4
f4cb 0860 05d5 eee5 fab1
01c9 f928 05d5 fc07 078b
05b1 f7d8 05d5 045a 0708
f439 f6e4 05d5 f77c f0f6
f7b0 fe62 05d5 fd5d f203
fc78 0cc1 05d5 ff2b f9c5
0b81 0423 05d5 116f 0593
ff50 fa8d 05d5 fdcd 00d3
fa83 0c6d 05d5 f490 0076
0782 f9c9 05d5 0bd3 0331
fcc8 02d3 05d5 fa20 ff70
f3be 00ac 05d5 ed4d fa2f
f81b ffc1 05d5 f81f f817
fedd 043d 05d5 000a fdb0
fd5d fcfa 05d5 f9d7 00e3
f873 fb16 05d5 f365 fd81
f67c 020b 058e f62b f6cd
0685 f829 058e 08e7 0423
08b1 0686 058e 0939 0829
01b7 fc99 058e 03e2 ff8c
fcd9 f75a 058e fcf8 fcba
0b97 0aa0 058e 0854 0eda
0301 07fc 058e 00a6 055c
0935 fc1a 058e 0aee 077c
f574 fa0f 058e f77e f36a
04f3 00e1 058e ff7e 0a68
f9b3 0117 058e f718 fc4e
fd1c 0787 058e f8e9 014f
fbee 0456 058e fcc0 fb1c
ffd7 09de 058e 004d ff61
0544 0b24 058e 01c0 08c8
092a fac1 058e 071e 0b36
fed5 fd4f 058e f9c1 03e9
0260 fd91 058e 03ac 0114
f5f1 0ab4 058e efe2 fc00
f4dc f567 058e ef57 fa61
f9b8 fe06 058e fcdc f694
fa8e 001a 058e f985 fb97
faa5 fd67 058e fc9d f8ad
090b 08cf 058e 05ca 0c4c
037f f896 058e 010a 05f4
0730 f761 058e 0b88 02d8
0171 fa06 058e 0757 fb8b
0811 f49b 058e 07ab 0877
f9f0 f91d 058e fe9c f544
006c 09b3 058e ff18 01c0
f645 0c71 058e f300 f98a
f8d2 025a 058e f7dc f9c8
f563 fc41 058e ef0e fbb8
0666 0183 058e 097f 034d
0979 f8bc 058e 0981 0971
04e3 fe3b 058e 086b 015b
f30c fcec 058e f169 f4af
fd4a fbbf 058e fc22 fe72
fc2b f8d7 058e fda0 fab6
fa25 065f 058e f5ba fe90
fa8d f6f1 011f f48f 008b
02bb fa73 011f 0610 ff66
f835 f643 011f fd3d f32d
f8d8 ffb8 011f f879 f937
f6d6 f967 011f f0d7 fcd5
f341 f3e7 011f f5e5 f09d
ff53 fc40 011f feb6 fff0
0b97 f72e 011f 0f7c 07b2
0322 035b 011f 098c fcb8
05b9 05a8 011f 0768 040a
f8e5 0b77 011f ff2c f29e
f940 061e 011f fe12 f46e
f923 033f 011f f320 ff26
f5d9 f8ac 011f f592 f620
0b64 fd12 011f 0671 1057
ff54 fe4f 011f 02b2 fbf6
f89d f6a5 011f fb9f f59b
fe32 fda6 011f fd9f fec5
f36a 0c1b 011f f297 f43d
f9a1 08a1 011f f6bf fc83
07af 03b8 011f 0e09 0155
07c7 02f3 011f 0ac4 04ca
feae 0b0e 011f fa1f 033d
fddc 0700 011f ffdf fbd9
006d 0c73 011f 0180 ff5a
fa86 076a 011f f4c6 0046
f3fe 0518 011f f4ef f30d
0977 0a0a 011f 0fd9 0315
06c7 fd50 011f 061f 076f
0cc7 0a51 011f 0c1f 0d6f
0adc f8b8 011f 087a 0d3e
0713 f7e3 011f 0cce 0158
0543 f94f 011f 037a 070c
f3d9 f8f1 011f f7b8 effa
f5bb fb9a 011f fa67 f10f
f668 0153 011f f8b2 f41e
fa7b 02db 011f f4ad 0049
0319 0c61 011f 00d4 055e
023b fef8 011f fc89 07ed
fda8 f610 011f 01e2 f96e
0bf1 faf4 00ca 0a7a 0d68
0568 fe01 00ca 033a 0796
f320 0a5c 00ca ed3c f904
0705 feda 00ca 0870 059a
fc19 0b46 00ca fe1a fa18
0b31 09ec 00ca 0b6a 0af8
006c f93b 00ca fa95 0643
05b2 08d3 00ca 0b63 0001
0ba8 f321 00ca 073f 1011
f3b3 f6c0 00ca f10e f658
f522 f863 00ca ef02 fb42
0604 f605 00ca 081f 03e9
f9c4 fad5 00ca f9a5 f9e3
fd58 0171 00ca fd4a fd66
fbe5 f88d 00ca fedb f8ef
fa16 0523 00ca f9b7 fa75
03d2 fcfe 00ca 01f6 05ae
f450 01e3 00ca f4c5 f3db
00b0 fe98 00ca 048c fcd4
ffde 086e 00ca fc18 03a4
f324 fec5 00ca f004 f644
06ea 0124 00ca 0be0 01f4
0320 fc3c 00ca 08d6 fd6a
0157 03e2 00ca 03fa feb4
0587 f5e0 00ca 021b 08f3
f6b9 016b 00ca fccd f0a5
061f 0842 00ca 0ca5 ff99
041d 0caa 00ca 0203 0637
f68e 0999 00ca f4ec f830
0658 07a2 00ca 0306 09aa
fd63 fbaa 00ca 009e fa28
f7a5 09b1 00ca f77d f7cd
0047 0251 00ca 0100 ff8e
02cf f375 00ca 0391 020d
01bf 032f 00ca fc9f 06df
0220 f887 00ca fe37 0609
0036 fa37 00ca fcdf 038d
05c6 f7cc 00ca 069d 04ef
f5d0 0b46 00ca f7d1 f3cf
f6f4 f69f 00ca fc08 f1e0
031d fb3f ff55 fffb 063f
f50a f5f8 ff55 f20d f807
faa7 0705 ff55 fe28 f726
f9aa 01a5 ff55 fda2 f5b2
ffa5 f5e2 ff55 fc6b 02df
fc6b 0273 ff55 fcb5 fc21
0a29 fce0 ff55 0768 0cea
0c2b f7b9 ff55 0c45 0c11
f77e fcd1 ff55 f788 f774
0b23 0224 ff55 08cc 0d7a
fb4f 0488 ff55 fc0d fa91
02fb 0671 ff55 03b3 0243
0199 fb83 ff55 077a fbb8
0a37 07ee ff55 0503 0f6b
00a8 0494 ff55 ff2a 0226
f6a5 fcee ff55 f9f4 f356
0939 ff39 ff55 02ee 0f84
fb0f 0779 ff55 fea3 f77b
0348 fdb5 ff55 ffe1 06af
07e5 f5af ff55 0e2a 01a0
06e4 027f ff55 04f2 08d6
06f8 0223 ff55 007b 0d75
02d8 04df ff55 0064 054c
06ef fc7a ff55 0a2b 03b3
fcaf 0b2a ff55 f95b 0003
0bf4 f354 ff55 0d77 0a71
08c3 08ea ff55 08a7 08df
fdbd fe36 ff55 fc53 ff27
00e7 f4c4 ff55 fa94 073a
f504 0b27 ff55 f23f f7c9
fc44 f408 ff55 f645 0243
0ccd 062a ff55 1212 0788
0295 f89e ff55 0364 01c6
0ae4 fa34 ff55 0575 1053
0bed 00cc ff55 0cf4 0ae6
083a 0044 ff55 043c 0c38
0b6c 0be8 ff55 1010 06c8
f5ae fb72 ff55 f60e f54e
fc0a f558 ff55 f880 ff94
0ca0 0104 ff55 0be5 0d5b
0719 f5df 026e 0a91 03a1
0795 fbda 026e 051f 0a0b
03bf fb44 026e 0836 ff48
06b8 07b4 026e 0393 09dd
0bdd f8db 026e 07a0 101a
004f 095f 026e ff09 0195
0cac fee3 026e 08ed 106b
f4de fab4 026e f938 f084
0583 f413 026e 06d0 0436
f8d4 ff41 026e f781 fa27
f741 03af 026e f1f2 fc90
03bd 0481 026e ff23 0857
03b0 079c 026e 02b1 04af
0984 0907 026e 0bc9 073f
fda3 f815 026e f79e 03a8
0c42 0645 026e 0ee0 09a4
fc15 f5bb 026e f5c5 0265
01ec f6ca 026e fe71 0567
06dd 061e 026e 0338 0a82
0869 04cd 026e 0e58 027a
0ce8 0b2e 026e 0a48 0f88
f3a5 fa7e 026e f654 f0f6
03ec 0c89 026e 01a9 062f
fc78 fc79 026e 0288 f668
09ff 0b3b 026e 0dcb 0633
f991 f4cd 026e fdb9 f569
03a6 09cb 026e 05b6 0196
03bb 0cc6 026e 0398 03de
0360 0404 026e fe0b 08b5
fa8e f8ee 026e f5b3 ff69
0b8c f4f5 026e 1075 06a3
077b 00eb 026e 0d89 016d
0b8a fc02 026e 09d5 0d3f
f625 0c20 026e fa08 f242
0cde f8e8 026e 0f0d 0aaf
f379 0074 026e f1c2 f530
fef1 f97a 026e 033a faa8
f73d f342 026e f253 fc27
0302 f67f 026e fc7d 0987
0b29 fd29 026e 0a23 0c2f
049e f85b 0629 feaa 0a92
0b58 02bc 0629 05eb 10c5
0111 0147 0629 0085 019d
02ad 0271 0629 05ba ffa0
07ad 06de 0629 06a5 08b5
0291 0c03 0629 0622 ff00
f664 fcf8 0629 f689 f63f
072f 0983 0629 0965 04f9
0a71 0195 0629 10af 0433
0bd4 0c63 0629 09bf 0de9
ff62 fd10 0629 049e fa26
f5d0 fb22 0629 f2ba f8e6
06bc 0bfb 0629 0445 0933
f43b fc68 0629 efd8 f89e
f942 f97b 0629 fc5e f626
0012 f35a 0629 03a8 fc7c
f5ec 0149 0629 f6e2 f4f6
06d4 020c 0629 0bc2 01e6
0948 fd1a 0629 090d 0983
f45c f743 0629 f861 f057
f9e2 00a6 0629 f4fe fec6
f8cc fdb1 0629 f55f fc39
0b11 01d3 0629 0c09 0a19
0b86 fc8d 0629 0906 0e06
0232 fc7f 0629 0225 023f
fd95 03d8 0629 fe34 fcf6
fd6d 046a 0629 f715 03c5
0149 0201 0629 fdec 04a6
f888 0a17 0629 f549 fbc7
fccd f7fd 0629 fe01 fb99
f8a7 06e9 0629 f2e9 fe65
0170 0704 0629 030c ffd4
0b8d 0b57 0629 0f7c 079e
feaf 01d2 0629 fee6 fe78
fafd 0bee 0629 fbba fa40
f995 fcad 0629 f533 fdf7
f77c 0b74 0629 f746 f7b2
fdb3 fadd 0629 fa9c 00ca
0199 fc1d 0629 05b0 fd82
0460 f49a 0629 0223 069d
ff07 fa47 00b6 0271 fb9d
0758 fca4 00b6 08ba 05f6
f49f 0cf5 00b6 f646 f2f8
0af6 07ac 00b6 0d9c 0850
005b fb5e 00b6 011d ff99
0167 f6fe 00b6 0055 0279
fe89 fda6 00b6 fce7 002b
fea3 0819 00b6 0288 fabe
f84e fce2 00b6 f7a7 f8f5
09ba 0119 00b6 0d4c 0628
f746 0696 00b6 f2b0 fbdc
f301 f961 00b6 f594 f06e
f7b3 0080 00b6 f314 fc52
0cf0 0557 00b6 1084 095c
0212 f5df 00b6 04c2 ff62
0c10 0592 00b6 1145 06db
0147 025a 00b6 02e9 ffa5
0107 0a30 00b6 0607 fc07
f778 00ea 00b6 f7c2 f72e
0288 0254 00b6 fe7d 0693
09bd f90d 00b6 0ae0 089a
07d4 0577 00b6 0700 08a8
fe7d f37c 00b6 fd88 ff72
fef1 f61c 00b6 fc7b 0167
09b3 fae8 00b6 0733 0c33
f360 fc4d 00b6 f6fc efc4
f9a5 fc68 00b6 f649 fd01
0263 05db 00b6 00cb 03fb
fa88 f7b0 00b6 f475 009b
00af 02db 00b6 00cf 008f
0361 f749 00b6 01bc 0506
f5aa 0297 00b6 f226 f92e
f4cf fa5e 00b6 f1ce f7d0
0232 fa8e 00b6 0596 fece
0c98 0bed 00b6 0b96 0d9a
01ed 0a52 00b6 fbbe 081c
0627 f463 00b6 0926 0328
f32c f4ab 00b6 f942 ed16
0b64 06b7 00b6 0583 1145
0097 f5d0 00b6 fb97 0597
fd63 0882 03c2 fa08 00be
0ad9 0b6b 03c2 0dc1 07f1
f43a 06f7 03c2 f674 f200
f693 0a3a 03c2 f638 f6ee
f7a0 0afe 03c2 f7a9 f797
0004 f339 03c2 fa07 0601
f953 0173 03c2 ffa3 f303
04aa 03ce 03c2 0657 02fd
0293 fe04 03c2 00c4 0462
fbf1 fa25 03c2 f581 0261
083a fa30 03c2 0477 0bfd
f5e5 06c3 03c2 f162 fa68
f8e4 fd92 03c2 fed1 f2f7
fe02 02d6 03c2 f88e 0376
f5bf fdb9 03c2 f6f9 f485
04b8 08ed 03c2 087a 00f6
0484 fafb 03c2 ff4d 09bb
f376 f659 03c2 f41c f2d0
01b3 f76e 03c2 fffb 036b
f72a 035a 03c2 f7d0 f684
0694 ffa1 03c2 0d06 0022
07bb fc8c 03c2 0a37 053f
0a94 fab5 03c2 0acc 0a5c
02a4 f9ab 03c2 07e7 fd61
f323 0a90 03c2 f26c f3da
09f2 f872 03c2 0fe9 03fb
fa63 feb8 03c2 f3e5 00e1
00cc fc08 03c2 fd2e 046a
0aef fd6a 03c2 0aad 0b31
fbf3 047d 03c2 f68b 015b
040f ff74 03c2 01ec 0632
ff72 022e 03c2 ff3b ffa9
0158 06e7 03c2 fe7f 0431
fef3 0c64 03c2 f9dc 040a
f976 0bcc 03c2 feaf f43d
0567 0cb8 03c2 0432 069c
f4d3 fe44 03c2 fa4f ef57
08b3 0408 03c2 0463 0d03
f3da f8d7 03c2 f3a6 f40e
01d7 fb6a 03c2 0842 fb6c
f695 06f9 fb4e f69d f68d
0b4a fcc5 fb4e 0d20 0974
06c2 ff5a fb4e 0c7d 0107
0735 00e9 fb4e 096d 04fd
0bdb f7a6 fb4e 0ff1 07c5
0301 027c fb4e 00a2 0560
fe20 f6e5 fb4e 0237 fa09
03ca f3ab fb4e 0972 fe22
f6e5 0479 fb4e fa60 f36a
f83c 0b50 fb4e f7e8 f890
0517 0c0d fb4e 05d6 0458
0000 086b fb4e 0456 fbaa
f8f4 02c8 fb4e fc1b f5cd
0b83 f50e fb4e 0c83 0a83
fd2e f635 fb4e fcb1 fdab
f91c 0242 fb4e f95e f8da
0377 0b30 fb4e fec2 082c
f347 0b46 fb4e f5a5 f0e9
0a1b 03bb fb4e 0cc8 076e
0993 07ec fb4e 0921 0a05
07c9 0a14 fb4e 019a 0df8
f4c5 0c21 fb4e f020 f96a
0a3e 0383 fb4e 0f02 057a
07e6 004f fb4e 0c9d 032f
f5e0 0abb fb4e f6b2 f50e
0b48 fa4f fb4e 0ddf 08b1
f3bb 058f fb4e ed4d fa29
f59b f423 fb4e f4ed f649
0bc7 03f3 fb4e 0c5d 0b31
fe25 02a7 fb4e fd30 ff1a
098e fe77 fb4e 0b73 07a9
ffbf 0734 fb4e fce1 029d
f651 0c44 fb4e f53e f764
0674 f6e3 fb4e 0b15 01d3
f5bf fc92 fb4e f853 f32b
0b88 044f fb4e 0d54 09bc
07c8 fb4d fb4e 06ee 08a2
f5f4 091c fb4e f198 fa50
086e 0a44 fb4e 0250 0e8c
061f fd48 fb4e 0ba9 0095
0a36 f3ca fa3e 0646 0e26
096e fbb0 fa3e 0d5b 0581
090f 095a fa3e 0b80 069e
0be5 0287 fa3e 0685 1145
fdb4 fde3 fa3e f79b 03cd
fdba 0921 fa3e 0384 f7f0
0bc4 f828 fa3e 0903 0e85
fe9b fb79 fa3e fd52 ffe4
f7fb fa92 fa3e fd6b f28b
f387 00b1 fa3e f6d2 f03c
fa75 fe86 fa3e ff8c f55e
f8e9 05fb fa3e f4c6 fd0c
f672 07d5 fa3e f288 fa5c
0ae8 f464 fa3e 0b28 0aa8
fea0 064b fa3e 0340 fa00
0c47 f86d fa3e 06d7 11b7
0cc5 0620 fa3e 0cd9 0cb1
fbdf fc68 fa3e f8a4 ff1a
fda9 0c00 fa3e fe9c fcb6
0b56 0ca8 fa3e 0894 0e18
fbf4 f55e fa3e f8b3 ff35
fa4a f65e fa3e 00de f3b6
0bda 090a fa3e 0588 122c
099e 0b20 fa3e 06d7 0c65
02b0 fb68 fa3e 02a1 02bf
f748 f8db fa3e fc44 f24c
f83d f760 fa3e f316 fd64
fc41 05be fa3e ff94 f8ee
02bc fe6a fa3e fd9b 07dd
0ade f9da fa3e 0a75 0b47
f457 ff38 fa3e f1f1 f6bd
0bb4 027b fa3e 05aa 11be
0ac0 0593 fa3e 0987 0bf9
0ba1 fde8 fa3e 10a5 069d
f5a5 f703 fa3e f1d9 f971
08ef f613 fa3e 04dc 0d02
f787 f7c9 fa3e f1af fd5f
0abd fe0a fa3e 0d4d 082d
0be4 0538 fa3e 1078 0750
fa4f 0a18 fa3e f5ed feb1
0520 01d2 05bc 0a70 ffd0
0910 fa43 05bc 0308 0f18
0ae0 0a1a 05bc 0ee8 06d8
07cf f986 05bc 0d21 027d
0a24 06c5 05bc 0931 0b17
025c f62d 05bc 016d 034b
f791 04ea 05bc f4f1 fa31
0b61 f97f 05bc 07f8 0eca
055a 0ca5 05bc 0212 08a2
f55d 0894 05bc f245 f875
f667 fdbf 05bc fb44 f18a
fe81 fe9b 05bc fb62 01a0
f52c 0105 05bc f3bd f69b
f720 f72e 05bc f37c fac4
fe70 0587 05bc 0048 fc98
fe8a fa39 05bc 0254 fac0
0c71 fd94 05bc 0a1e 0ec4
f95d fb52 05bc f515 fda5
0343 f427 05bc 0678 000e
fe26 faf9 05bc fe0b fe41
0651 f3f4 05bc ffca 0cd8
0493 03f3 05bc 07d7 014f
fb6a fde3 05bc febc f818
f55c 040d 05bc f3e6 f6d2
fcc8 fbb5 05bc f782 020e
f4d5 03f2 05bc f147 f863
fadb f8e6 05bc f440 0176
f49f f6ce 05bc f96e efd0
0298 f3c0 05bc 0585 ffab
051f 06eb 05bc 0344 06fa
f91f f37f 05bc fadc f762
004d ff2d 05bc 04a6 fbf4
088c 0171 05bc 027c 0e9c
ffc4 fa55 05bc ff77 0011
0a82 ffed 05bc 0af6 0a0e
f9e9 0c07 05bc f858 fb7a
0b80 f4d1 05bc 10d0 0630
085c f31e 05bc 0bba 04fe
fabb 096d 05bc f533 0043
045e 0696 05bc 07f6 00c6
01a9 f6c6 023d 016b 01e7
033d 0c7f 023d 08f9 fd81
ffc3 f73f 023d fc62 0324
0413 f81d 023d 0a4f fdd7
ffe4 0c76 023d fb38 0490
0b8c 0106 023d 0f65 07b3
f476 0419 023d f801 f0eb
07c7 f709 023d 06fb 0893
078a fa57 023d 09a3 0571
f809 0929 023d f1a0 fe72
fb74 fb8a 023d 016a f57e
06df 0a44 023d 0295 0b29
0004 01ef 023d 0030 ffd8
fdf7 00eb 023d fc9a ff54
fd7f 0bee 023d f79f 035f
f4b6 02fd 023d f4fa f472
f399 01b5 023d f1ba f578
f666 f880 023d fa11 f2bb
05a0 fcba 023d 0bfb ff45
f4e2 fc37 023d f2d0 f6f4
ff7b f31d 023d fb28 03ce
06d4 f46c 023d 0cbc 00ec
f3be 005b 023d f4ee f28e
ff72 0962 023d f9ec 04f8
fc63 05e2 023d fb2d fd99
fa21 034d 023d fbde f864
057e f72a 023d 03d7 0725
fab2 ff0c 023d fea8 f6bc
0b4e fa55 023d 0b17 0b85
07af 0691 023d 0dc2 019c
0a73 0591 023d 069c 0e4a
0989 fd68 023d 0904 0a0e
01a2 09ea 023d fd50 05f4
047f 0b4f 023d 09d6 ff28
f874 f764 023d f8d8 f810
f4a7 ffef 023d fb01 ee4d
f50f 0751 023d ef10 fb0e
f766 04f4 023d f415 fab7
00b4 000d 023d 02bb fead
f906 0cda 023d f2f1 ff1b
0431 05a1 fad3 06fd 0165
08bf 051b fad3 0513 0c6b
0297 0bb5 fad3 0217 0317
fd71 02d7 fad3 0274 f86e
053e 0903 fad3 024b 0831
015a f792 fad3 fe1a 049a
0c43 f39c fad3 1183 0703
092f ffd4 fad3 04bb 0da3
0044 fc10 fad3 0119 ff6f
f555 f939 fad3 f127 f983
f998 fdd7 fad3 f347 ffe9
f6f1 fcf7 fad3 f525 f8bd
0685 0831 fad3 0bdf 012b
f392 016e fad3 f3f7 f32d
09fa fbce fad3 0421 0fd3
f6c6 0a50 fad3 f0e1 fcab
f60b 06a7 fad3 f370 f8a6
f3c4 f39a fad3 f2e7 f4a1
fd9c 07d8 fad3 fd80 fdb8
fe8e fed2 fad3 feba fe62
0862 fe18 fad3 0c31 0493
05d2 fea6 fad3 018a 0a1a
0b73 0889 fad3 0cb4 0a32
080e 0bd2 fad3 0bac 0470
0259 084e fad3 fed0 05e2
0ae5 f7cf fad3 058b 103f
f982 00ab fad3 f589 fd7b
ff1a 0b83 fad3 01d1 fc63
fee1 05f0 fad3 0294 fb2e
09eb f89d fad3 0a0c 09ca
f5f9 fca3 fad3 f77f f473
009b f658 fad3 ffdc 015a
0a28 011d fad3 108a 03c6
032a ff1e fad3 0192 04c2
05a4 fb31 fad3 078c 03bc
f350 fbd7 fad3 f578 f128
fe7d f951 fad3 02a6 fa54
07b6 f3d5 fad3 0ba3 03c9
f944 facc fad3 f80b fa7d
f73d f715 fad3 f586 f8f4
f3da fffc 0108 f8f0 eec4
f41c fc35 0108 f9da ee5e
013b 0026 0108 04ee fd88
0068 0a97 0108 05f3 fadd
f8fd f8ec 0108 fb3a f6c0
fa0f f3ef 0108 f3fe 0020
fc22 fc00 0108 fdbe fa86
fe30 010b 0108 034e f912
fdf0 f445 0108 ff8f fc51
03ae f702 0108 04c2 029a
073d 08ff 0108 0b64 0316
0bdc 088c 0108 0cb0 0b08
0464 f717 0108 fe46 0a82
faf8 05f4 0108 facf fb21
f3a0 06aa 0108 f620 f120
f4f8 01d1 0108 f568 f488
0c91 0a23 0108 098e 0f94
fee7 fe14 0108 0049 fd85
0068 0450 0108 011c ffb4
f91e 0b1c 0108 f81a fa22
fb89 f463 0108 fe06 f90c
fc94 0228 0108 fcee fc3a
0acb 0ba3 0108 0dae 07e8
f56f f4f7 0108 f1cc f912
f8b3 0209 0108 f2f4 fe72
f609 ff50 0108 f8c0 f352
f6a3 06fa 0108 fb73 f1d3
f378 08cf 0108 f3a2 f34e
f6d8 0ace 0108 f0f9 fcb7
0cfe 0151 0108 0721 12db
094e f7cf 0108 034e 0f4e
0534 f878 0108 fee3 0b85
00de 0855 0108 001b 01a1
037f fb8c 0108 098e fd70
05f9 0a4c 0108 0959 0299
f9b5 f8f3 0108 f98c f9de
f8fc 03c4 0108 f5a4 fc54
0990 05bb 0108 0a5b 08c5
faa4 f400 0108 ff78 f5d0
0200 04f2 0108 04c9 ff37
fe0a fdf1 017f 0278 f99c
f635 fc67 017f f1a9 fac1
0c6d fa73 017f 0bef 0ceb
0ae6 0501 017f 0a72 0b5a
0482 f740 017f 0263 06a1
fb2b 0c8a 017f fe44 f812
06da f4ca 017f 007a 0d3a
046d 065c 017f 020b 06cf
f9b8 0886 017f ff89 f3e7
fa43 0352 017f f892 fbf4
fbbe 0737 017f faa7 fcd5
f3ec fb50 017f f340 f498
fd4e fd26 017f 01aa f8f2
0804 0656 017f 0a0d 05fb
09ed f46e 017f 0646 0d94
0b5c ff95 017f 059f 1119
01ff 01ad 017f 04b5 ff49
0adb fcb6 017f 06a8 0f0e
008d 0b5d 017f fdb7 0363
f98b fc30 017f fcfc f61a
0a97 faf1 017f 0859 0cd5
fc59 f4a7 017f fc3d fc75
f8f6 0aa9 017f f8a0 f94c
03b3 0790 017f 0899 fecd
fbfd f937 017f fa1b fddf
054f f947 017f 04a6 05f8
f9c1 00b3 017f fe7e f504
f6f7 00c0 017f f8a2 f54c
fc1a fe5e 017f f7cb 0069
fe6c f6ef 017f fd6d ff6b
053e f8f0 017f 0a20 005c
fcbe 07a2 017f 0164 f818
ffa1 f87d 017f 04aa fa98
fa00 ff16 017f fd40 f6c0
fc4b 0056 017f fdfd fa99
00cb 05fe 017f 029b fefb
0042 f8e0 017f 03eb fc99
f9cb 0ca4 017f f6c0 fcd6
05b5 ff5c 017f 096e 01fc
0430 0aa3 017f 0845 001b
f667 fb6a fcc3 f3d5 f8f9
f54e 0060 fcc3 f336 f766
ff1f f9e9 fcc3 f907 0537
01c9 fd74 fcc3 0756 fc3c
020f fc17 fcc3 034d 00d1
f962 07b6 fcc3 fbd8 f6ec
fade 0ab6 fcc3 f995 fc27
f6ea 065e fcc3 fc8b f149
0766 07e3 fcc3 0c21 02ab
060e f5d8 fcc3 0669 05b3
f73c 093e fcc3 f57b f8fd
062c f514 fcc3 0222 0a36
05c8 0a87 fcc3 0470 0720
f753 0ab9 fcc3 f2b9 fbed
f916 fc5c fcc3 fc13 f619
029c f448 fcc3 0305 0233
05fb 03bd fcc3 015d 0a99
f5a1 0c37 fcc3 f7de f364
fec4 0232 fcc3 01ae fbda
0448 fe6e fcc3 068c 0204
0509 07ff fcc3 04d2 0540
f941 06c4 fcc3 f628 fc5a
0ac5 0541 fcc3 065c 0f2e
0cf8 06b6 fcc3 0c58 0d98
f47e fca3 fcc3 f704 f1f8
0848 04fe fcc3 0ceb 03a5
097c 0ace fcc3 07ad 0b4b
09d4 fe4a fcc3 0ce1 06c7
fc18 08ed fcc3 f8db ff55
fc25 fe0b fcc3 f6d1 0179
011f ff13 fcc3 030a ff34
082a 0b1f fcc3 07d7 087d
0a37 fd85 fcc3 09fa 0a74
f471 08d5 fcc3 f1ba f728
0c30 05e4 fcc3 09a4 0ebc
fbce 0cb6 fcc3 00b1 f6eb
f988 f672 fcc3 f8b2 fa5e
f369 0176 fcc3 f617 f0bb
076f f736 fcc3 0afe 03e0
0343 014b fcc3 0176 0510
ffcc 05bf 05b2 fc7b 031d
0aeb f806 05b2 065d 0f79
0770 045e 05b2 04ed 09f3
0c57 f750 05b2 06fc 11b2
fd6b 06bf 05b2 fe16 fcc0
fd14 fe14 05b2 f97c 00ac
f75b 0785 05b2 fc53 f263
05df fa37 05b2 0700 04be
0a31 0043 05b2 0bd8 088a
f902 0350 05b2 fc74 f590
079d f784 05b2 0da2 0198
0726 075d 05b2 035e 0aee
f440 f384 05b2 f756 f12a
fdfc 0619 05b2 015a fa9e
f527 f923 05b2 faed ef61
f374 0b14 05b2 efa4 f744
0af7 0799 05b2 074e 0ea0
05cb fa3b 05b2 07cc 03ca
045e fefc 05b2 ff82 093a
0615 0468 05b2 05c2 0668
f4bc 05a4 05b2 f884 f0f4
0911 f924 05b2 0f0f 0313
ff13 0877 05b2 04f7 f92f
fcd9 fba8 05b2 00ac f906
f39f 0594 05b2 f3e7 f357
fedc 0c1a 05b2 0058 fd60
0a1d 083b 05b2 0fe2 0458
f65a fd04 05b2 f847 f46d
0c62 0cd7 05b2 1033 0891
f440 06e1 05b2 ef5a f926
fe76 0a02 05b2 ffbb fd31
06ef f746 05b2 0c65 0179
0ce1 0ca6 05b2 12fb 06c7
00e5 0c16 05b2 0181 0049
055d 0a3f 05b2 06f9 03c1
04f9 f708 05b2 09e0 0012
f9aa fbd0 05b2 f93c fa18
0926 0028 05b2 04e5 0d67
f361 0036 05b2 f230 f492
fdef 0a7c 05b2 ffe2 fbfc
f5b5 08cb f9be f10a fa60
f97d 077a f9be f7f5 fb05
0ad9 051d f9be 0828 0d8a
0422 f872 f9be ffb7 088d
fe30 fef6 f9be fe63 fdfd
0abe fd4a f9be 0b11 0a6b
f627 0846 f9be f816 f438
097e 03bf f9be 0d39 05c3
f6f2 f57a f9be fa87 f35d
f710 06b4 f9be f28d fb93
0a03 030a f9be 0377 108f
0aa5 0688 f9be 0b40 0a0a
f5d1 0786 f9be f541 f661
00c7 087b f9be fe52 033c
f339 fa61 f9be efc1 f6b1
fb78 f9c9 f9be 0167 f589
0116 0b21 f9be 0159 00d3
0bfa 00a0 f9be 078e 1066
f705 fba2 f9be f375 fa95
02f3 0942 f9be ff38 06ae
0c7c feb3 f9be 0b9c 0d5c
01c2 0bf1 f9be 0179 020b
01e0 ff57 f9be 0592 fe2e
055e 0468 f9be 0567 0555
ff30 f7f2 f9be f91b 0545
f522 fe97 f9be f655 f3ef
fee2 0851 f9be f909 04bb
0427 0b37 f9be 01db 0673
07a4 fc19 f9be 0504 0a44
f5b1 07e4 f9be f862 f300
ff3e 0a9d f9be 01da fca2
ffb5 febc f9be ff8f ffdb
039b fdea f9be ff82 07b4
0740 ff7e f9be 0117 0d69
0a3c f7be f9be 044a 102e
0133 f315 f9be fea4 03c2
08a4 004a f9be 05f2 0b56
0c3f 09a1 f9be 0784 10fa
f60f 0b2b f9be f2cb f953
fffe fd45 f9be fb94 0468
013d 0139 ff7e 058d fced
060c f8b3 ff7e 0107 0b11
f49d fed3 ff7e fac5 ee75
fbd4 0798 ff7e 0142 f666
ff80 f8e7 ff7e 052b f9d5
042f 0981 ff7e 0716 0148
07be 08ed ff7e 073c 0840
0970 03b0 ff7e 0966 097a
fcc3 00cc ff7e f8ad 00d9
02a3 f4e2 ff7e 07e1 fd65
011d f7f7 ff7e 0578 fcc2
0aad f5d7 ff7e 0441 1119
fd56 0596 ff7e f827 0285
f380 071f ff7e f311 f3ef
0772 072c ff7e 09af 0535
f8ae 0611 ff7e f6c5 fa97
f6a4 0679 ff7e fd1a f02e
0864 000d ff7e 0b10 05b8
f5ff 0cd3 ff7e f08b fb73
003b f34f ff7e 00ab ffcb
0c77 0529 ff7e 0be3 0d0b
fe14 ff59 ff7e ffc4 fc64
fd9f fb47 ff7e fc36 ff08
0460 0131 ff7e 060b 02b5
fdd8 ff33 ff7e fcb9 fef7
fbe6 f8ba ff7e 0152 f67a
fe9b 06f3 ff7e 0322 fa14
000d fc2a ff7e fd48 02d2
08e1 f591 ff7e 0f14 02ae
075e 087a ff7e 063b 0881
fad2 fe4a ff7e f5d3 ffd1
f3b8 ff90 ff7e f5b5 f1bb
fcbc 01cf ff7e 01de f79a
f7d6 0266 ff7e f5fe f9ae
f80f fca9 ff7e f362 fcbc
0c98 0849 ff7e 1064 08cc
0b7b f3c7 ff7e 0c93 0a63
00d8 f505 ff7e 0647 fb69
03c1 fb5d ff7e ffdd 07a5
f678 f794 ff7e f27b fa75
fb45 f859 fd57 f94e fd3c
030a 03f1 fd57 05cc 0048
fb69 fc3a fd57 fe1b f8b7
f3cc 0523 fd57 f78f f009
f748 f7f4 fd57 f1e2 fcae
0991 0150 fd57 08a1 0a81
08dd faa1 fd57 08fc 08be
ff84 f9c8 fd57 003e feca
f5e8 0745 fd57 f825 f3ab
fafd 06d6 fd57 f61b ffdf
02e2 fb5b fd57 fec5 06ff
05bc fa23 fd57 0635 0543
0b89 0098 fd57 0cf8 0a1a
08f0 fb69 fd57 04c9 0d17
f322 f431 fd57 f423 f221
09f7 f8ef fd57 0b4c 08a2
fcff 0290 fd57 fd06 fcf8
0cfe 0b7e fd57 0fee 0a0e
fca7 0b54 fd57 ffb5 f999
fe45 009b fd57 0369 f921
007c fd77 fd57 0070 0088
01dc f608 fd57 ffb1 0407
0c02 0704 fd57 1049 07bb
fdae f650 fd57 f974 01e8
fd78 f4c6 fd57 fc33 febd
05be 058f fd57 ffea 0b92
03d8 f982 fd57 04c4 02ec
0669 081e fd57 080b 04c7
05b2 fe4f fd57 ff79 0beb
f884 024f fd57 fa95 f673
05a9 f78e fd57 0443 070f
0432 f8ae fd57 0791 00d3
0252 096d fd57 fd72 0732
068a fc83 fd57 0cbf 0055
08e7 f30c fd57 034b 0e83
f7fc fa2c fd57 f693 f965
fb58 0623 fd57 faad fc03
f9ff fd21 fd57 fc0c f7f2
0410 f3ca fd57 037f 04a1
07a9 0bef fd57 02da 0c78
f322 f658 03f9 f405 f23f
ff95 ff12 03f9 0367 fbc3
0cf6 00e8 03f9 0c14 0dd8
077b 04ba 03f9 08ee 0608
f409 0091 03f9 f6bc f156
f969 09e7 03f9 f3b0 ff22
f813 060d 03f9 fc9b f38b
fb65 fe6b 03f9 fe9e f82c
f8de 0903 03f9 fabd f6ff
0bb7 06cd 03f9 0d46 0a28
0ad3 f50f 03f9 0c67 093f
0837 02c6 03f9 030c 0d62
0a79 06e4 03f9 051b 0fd7
f3b4 0b2f 03f9 f21d f54b
097d fa40 03f9 0a9b 085f
f6a9 0af9 03f9 f580 f7d2
0ad3 fd3c 03f9 0658 0f4e
08eb 077c 03f9 0b7e 0658
0c63 006a 03f9 082c 109a
fd27 0cca 03f9 0268 f7e6
0a32 0a4e 03f9 0ebb 05a9
f4cb 0a31 03f9 f630 f366
fdbd fa40 03f9 fedb fc9f
0397 f472 03f9 0858 fed6
0530 f972 03f9 fecb 0b95
065f 096a 03f9 057f 073f
fd15 f8f6 03f9 f6b6 0374
fbba 0894 03f9 ffed f787
fa2f 0b69 03f9 fee0 f57e
0168 f3ee 03f9 05c4 fd0c
0a5f f3d0 03f9 106a 0454
fd05 0a28 03f9 02d2 f738
f60d f579 03f9 f36a f8b0
f8c0 ffda 03f9 fa04 f77c
08bf f489 03f9 0693 0aeb
09e2 f911 03f9 034c 1078
faa3 f48a 03f9 00a5 f4a1
fe43 ff08 03f9 fe4f fe37
074d fe7d 03f9 01b6 0ce4
061d ff16 03f9 03a4 0896
0681 0497 02dc 0455 08ad
033d 052f 02dc 06a1 ffd9
02d6 f7f7 02dc 0852 fd5a
fe53 f64c 02dc fbb6 00f0
0464 05fd 02dc 0929 ff9f
fd0b fd30 02dc 00cf f947
f712 f4a1 02dc f95d f4c7
f634 0985 02dc f19f fac9
f6ec f8da 02dc f5a8 f830
06dd f44d 02dc 02a9 0b11
0943 05de 02dc 0e44 0442
0a4c 0432 02dc 051d 0f7b
00d1 f531 02dc 04f5 fcad
f43d 04b2 02dc f67a f200
0257 0402 02dc 00e0 03ce
07f5 fa62 02dc 06aa 0940
ff7d fb54 02dc fcc9 0231
07bf 0789 02dc 07d8 07a6
0251 0c47 02dc 03b9 00e9
02f2 face 02dc 064a ff9a
0ad9 09d4 02dc 0f51 0661
f69e 0995 02dc f977 f3c5
fb0a f5e2 02dc f7f8 fe1c
f716 fa93 02dc f42a fa02
0ced 0cac 02dc 1158 0882
f942 fd92 02dc f9c4 f8c0
0b45 0069 02dc 09a3 0ce7
f85d 00e3 02dc fe9e f21c
fff3 0c88 02dc fa27 05bf
08f0 049b 02dc 0f20 02c0
019a 0703 02dc 07bf fb75
ffa0 0551 02dc fc0c 0334
04ca f82b 02dc 01e9 07ab
f7de f54b 02dc f153 fe69
fb33 059f 02dc fe95 f7d1
f3fd 0946 02dc edc9 fa31
fc37 fd04 02dc ff0e f960
04e8 085f 02dc 0a19 ffb7
f95f fcb6 02dc f540 fd7e
fa30 07b9 02dc f691 fdcf
0197 f6dd 0260 027a 00b4
0151 0363 0260 fbe8 06ba
05c5 0134 0260 0122 0a68
0887 f681 0260 0e02 030c
02c2 09eb 0260 03c2 01c2
fd24 fab5 0260 fc63 fde5
fd1e fb56 0260 0154 f8e8
f9f7 099f 0260 fda1 f64d
f4a6 069f 0260 f9e9 ef63
0990 f3a5 0260 05cc 0d54
0600 f817 0260 04c7 0739
02b6 0a38 0260 ff4d 061f
f99b 036f 0260 f940 f9f6
073c f39d 0260 046f 0a09
f58c 0887 0260 f3f8 f720
0565 0166 0260 047b 064f
f427 f847 0260 fa25 ee29
0420 f6a6 0260 0a05 fe3b
f9a3 fb2b 0260 fae8 f85e
f516 097a 0260 f856 f1d6
f45e f532 0260 f99d ef1f
f702 0a52 0260 fa37 f3cd
0c63 0b5e 0260 0fc8 08fe
0329 0a87 0260 04da 0178
f55f 01fe 0260 ef21 fb9d
063a 0125 0260 01c6 0aae
fb86 012d 0260 f61b 00f1
f40c 01af 0260 f5b5 f263
f614 087f 0260 f577 f6b1
f4bd f342 0260 f4c9 f4b1
0275 0379 0260 fda5 0745
0c90 014f 0260 0ccc 0c54
087a 0202 0260 0841 08b3
09e0 f57d 0260 0e34 058c
0592 f500 0260 0718 040c
feb3 f47a 0260 0021 fd45
fc3a fd22 0260 f679 01fb
f9ca f82c 0260 fae9 f8ab
f83f f3ce 0260 faea f594
fd27 fe5c 0260 024b f803
f9df fe37 f9fa 0047 f377
f8ac 09c0 f9fa fb6a f5ee
f97e f76d f9fa fb8d f76f
08b7 00c8 f9fa 05af 0bbf
f7bb fe38 f9fa fa7b f4fb
f5e4 0138 f9fa f97c f24c
f650 000f f9fa f37c f924
0667 0957 f9fa 02ef 09df
fbad f85e f9fa 00d8 f682
0b4b 0071 f9fa 0e43 0853
ff31 09b4 f9fa f9cb 0497
f862 014b f9fa f787 f93d
087a fc4e f9fa 0840 08b4
0283 0551 f9fa 06da fe2c
fb1a 05ff f9fa 0072 f5c2
ffa7 f70d f9fa 019b fdb3
faf4 f325 f9fa ff0f f6d9
fea5 f428 f9fa 0511 f839
000c 0a32 f9fa 021a fdfe
03ba 0cba f9fa 033e 0436
fc6e fd01 f9fa f7ee 00ee
06a8 0708 f9fa 0562 07ee
f33c f867 f9fa f181 f4f7
0602 fbdb f9fa 0a20 01e4
0b2f 0b43 f9fa 1062 05fc
0b48 fca0 f9fa 0a55 0c3b
fab8 097e f9fa f7b3 fdbd
0077 0440 f9fa 01a9 ff45
045f feec f9fa ff31 098d
0c7d f72a f9fa 0c71 0c89
fc1d 0690 f9fa f775 00c5
fa31 f6ce f9fa f86b fbf7
0b9a 0534 f9fa 11f1 0543
febd f607 f9fa fc57 0123
0c10 fcb1 f9fa 0dfa 0a26
f5ce fcf6 f9fa f283 f919
0030 0a44 f9fa 0173 feed
f87b 07eb f9fa f97d f779
f6aa 07c5 f9fa f391 f9c3
f875 00d7 f9fa f299 fe51
f80f 0c22 019b f9ef f62f
f9ae 01a4 019b fc9f f6bd
f9b7 ff4d 019b fc45 f729
0a3a f72b 019b 0572 0f02
029e 0653 019b 0493 00a9
0b8f fa69 019b 113c 05e2
fc8e 0a19 019b f6f9 0223
f621 f6b7 019b fa32 f210
f562 0b33 019b fb40 ef84
02f4 f75e 019b ff8d 065b
03ee 0c43 019b ffd0 080c
ff6c 019e 019b ffe8 fef0
f585 fbb2 019b f50c f5fe
f7ce 08d6 019b fad4 f4c8
f39b 0b5d 019b f0aa f68c
f857 00f0 019b f297 fe17
fcac f5aa 019b f872 00e6
fd75 fd51 019b fbb6 ff34
0c3c fcda 019b 0b9b 0cdd
0607 0420 019b 0956 02b8
f7ca 0adf 019b f544 fa50
f5e9 0976 019b f0c4 fb0e
f98f 00c0 019b fa29 f8f5
f6e8 0668 019b faf6 f2da
f6c6 f3b9 019b f4eb f8a1
0159 f8a4 019b fd12 05a0
fe97 f35f 019b fee4 fe4a
02d5 f7da 019b 0287 0323
fbe9 0545 019b f755 007d
09e3 08b4 019b 07a8 0c1e
f54c 053d 019b f1c7 f8d1
0333 0552 019b 01c7 049f
ffb3 f8b4 019b f94e 0618
ffa0 00cb 019b f9e5 055b
f359 01f0 019b f2bc f3f6
fc81 f98f 019b fb44 fdbe
f8dc f3f6 019b f3cf fde9
f9fb 00af 019b fe75 f581
f391 0054 019b eef4 f82e
ffd7 fbc4 019b f9bc 05f2
0152 f3af ff33 060a fc9a
0b4d fd5b ff33 0590 110a
08bd f34e ff33 06b8 0ac2
f8cc 01b8 ff33 f797 fa01
fa54 0107 ff33 f9b2 faf6
f8fa febb ff33 fcad f547
f8c3 0a2f ff33 f723 fa63
fc9e 043a ff33 f758 01e4
0cb1 fccd ff33 1155 080d
0c9e 0bdf ff33 0d1e 0c1e
fa9c f89d ff33 f69b fe9d
048d f941 ff33 03c3 0557
05c9 0ab1 ff33 0548 064a
fb4d fe4b ff33 f9a2 fcf8
0058 fc5d ff33 ff9e 0112
0b73 0b55 ff33 0e29 08bd
0789 f983 ff33 0884 068e
073f f717 ff33 0ce2 019c
f666 05c7 ff33 f673 f659
07a3 f307 ff33 044e 0af8
03be 0a73 ff33 064e 012e
fd57 f9ab ff33 faaa 0004
f8f1 0183 ff33 ff2e f2b4
070e fb3d ff33 093f 04dd
0365 02ec ff33 fd71 0959
f502 fc69 ff33 f5c9 f43b
0640 fc93 ff33 05ca 06b6
0848 0715 ff33 0903 078d
f98c f469 ff33 f511 fe07
06ad f331 ff33 021b 0b3f
0315 012d ff33 0961 fcc9
0012 fa6c ff33 0329 fcfb
0823 fa25 ff33 09ea 065c
0505 fa1c ff33 026b 079f
f90f f472 ff33 f8f5 f929
ffca fed0 ff33 fc5e 0336
0b85 07f9 ff33 0ed1 0839
f3d9 fe36 ff33 f94d ee65
fe9e fe7c ff33 fdac ff90
f403 01ff ff33 f41e f3e8
0793 0c97 f9dd 05bb 096b
0bf0 f482 f9dd 11b0 0630
f6da 085e f9dd fa40 f374
ff2b fe52 f9dd fe8f ffc7
f47d f540 f9dd f864 f096
f9e4 fd5d f9dd f3cb fffd
f55e 0241 f9dd f945 f177
f838 fbd5 f9dd f658 fa18
f716 f556 f9dd f385 faa7
0256 f7d3 f9dd 0009 04a3
fcab 0cea f9dd 00ee f868
ff58 0ccb f9dd fb37 0379
fc9c fa4c f9dd fbc0 fd78
fcea 03bd f9dd fd1f fcb5
0684 09d8 f9dd ffce 0d3a
0b4a fda8 f9dd 0ba6 0aee
ff9c fe29 f9dd fd8d 01ab
08f2 f8f9 f9dd 0d3b 04a9
0247 0a3d f9dd 0762 fd2c
058a f44e f9dd 0092 0a82
015d f882 f9dd 0120 019a
082d 02a9 f9dd 0782 08d8
0262 0c77 f9dd 01f2 02d2
0aca 0806 f9dd 050d 1087
0a7c 099e f9dd 0cd3 0825
0618 f719 f9dd 0577 06b9
f5de 0184 f9dd f1d2 f9ea
0b44 0034 f9dd 08fb 0d8d
0716 013d f9dd 0969 04c3
0448 fc04 f9dd 0a18 fe78
f52b 0311 f9dd efee fa68
f641 f85f f9dd face f1b4
0b66 fad6 f9dd 0afa 0bd2
01a0 ffe2 f9dd fc71 06cf
f48b feb0 f9dd f64e f2c8
0434 fb6e f9dd 0a1b fe4d
f821 05c6 f9dd f1b2 fe90
f44d 0593 f9dd f35c f53e
f47d 0835 f9dd f670 f28a
06f4 0281 f9dd 080b 05dd
ff41 0627 04c7 fbbf 02c3
fd6e 0717 04c7 f7c7 0315
0b99 044d 04c7 0626 110c
f55e 0192 04c7 f40d f6af
f823 035f 04c7 f717 f92f
0135 09f5 04c7 04ed fd7d
0ccc fbea 04c7 0f51 0a47
fbec fe9e 04c7 ff69 f86f
f5cf f521 04c7 fb02 f09c
f6c2 0794 04c7 fc2e f156
f973 06ba 04c7 ffd8 f30e
011d ff32 04c7 02a1 ff99
07a3 ff6e 04c7 0bde 0368
0255 01a3 04c7 0734 fd76
0371 0053 04c7 061d 00c5
03c0 06cb 04c7 0354 042c
07c5 fced 04c7 0396 0bf4
0628 030a 04c7 002e 0c22
02ee fd9c 04c7 013f 049d
017d f412 04c7 ffd8 0322
0441 0947 04c7 069a 01e8
fac6 f916 04c7 ff36 f656
f313 060d 04c7 f93a ecec
00c3 f5df 04c7 ff63 0223
f498 f988 04c7 f7b0 f180
f32a 03e4 04c7 f938 ed1c
0441 0324 04c7 019f 06e3
f304 f798 04c7 f557 f0b1
031e 04f2 04c7 01e2 045a
f6a1 f3ef 04c7 f47c f8c6
092f f4ac 04c7 0c57 0607
fcf6 092b 04c7 f9b5 0037
0540 f81c 04c7 008b 09f5
f648 0824 04c7 f537 f759
f9a4 f38e 04c7 ff07 f441
040c 021a 04c7 0037 07e1
0651 f4fd 04c7 09e3 02bf
f413 fdf6 04c7 eff6 f830
f730 fee9 04c7 f451 fa0f
f6e3 05b3 04c7 f277 fb4f
fa88 03f2 028c 000a f506
0bd1 096d 028c 0ad0 0cd2
f6e5 025d 028c f8e8 f4e2
f52c 083e 028c f284 f7d4
0284 022a 028c 039b 016d
f58f f3e4 028c f28f f88f
f93a ff87 028c f8d3 f9a1
fbe3 f41f 028c f726 00a0
0809 0a7b 028c 0507 0b0b
fe3d f8a9 028c 007b fbff
f920 fe7d 028c f2e5 ff5b
0276 0aca 028c fd91 075b
fa40 fef7 028c f5b7 fec9
00aa f588 028c fa8c 06c8
031f f5e0 028c 06c1 ff7d
f87c f79d 028c f250 fea8
00ed 0165 028c 0761 fa79
0b32 04fa 028c 06f1 0f73
012c 0b1d 028c ff90 02c8
0ced 0245 028c 09ea 0ff0
0cc3 facd 028c 0856 1130
0c27 0187 028c 0a8d 0dc1
0b6f 0989 028c 079f 0f3f
047d f431 028c 0a05 fef5
f72e f415 028c f284 fbd8
05d3 f6bd 028c 091e 0288
f99c f88e 028c fff4 f344
fdf5 0af8 028c 0086 fb64
fcc8 f87d 028c fa26 ff6a
06eb ff89 028c 091a 04bc
f542 0543 028c f45d f627
fd19 f7ea 028c ff75 fabd
f4f0 fa4a 028c f02f f9b1
f5cf 0c5f 028c f469 f735
f719 01cf 028c f790 f6a2
0398 007c 028c 07e0 ff50
f768 f5de 028c f874 f65c
fe19 06f8 028c 0310 f922
04db f997 028c 02bb 06fb
039a fdae 028c 02cf 0465
fa68 0419 fdd8 fb14 f9bc
fb07 00f0 fdd8 f4cc 0142
f7ef fee5 fdd8 fded f1f1
f889 f390 fdd8 f480 fc92
ff46 01d6 fdd8 02c9 fbc3
074e 09c1 fdd8 073b 0761
fc7f 054b fdd8 fd5a fba4
f56c fd0e fdd8 f833 f2a5
08bb f59f fdd8 044a 0d2c
08e7 f85d fdd8 041e 0db0
fbaa f790 fdd8 ffb9 f79b
f52a 0ba7 fdd8 f3da f67a
fab7 fcad fdd8 0048 f526
00db 07cc fdd8 0679 fb3d
0ca8 ff22 fdd8 0d8b 0bc5
f493 0a3a fdd8 f797 f18f
00db 0ad6 fdd8 fc92 0524
0a20 02b4 fdd8 0cc0 0780
0a42 0347 fdd8 0841 0c43
ff0a 05d4 fdd8 fe3c ffd8
fb8e 0386 fdd8 00db f641
f8a1 fa60 fdd8 f700 fa42
f9fd 07c2 fdd8 f592 fe68
0611 0c5c fdd8 0309 0919
059f fabe fdd8 0218 0926
0773 fd05 fdd8 0ce6 0200
ffa2 f739 fdd8 0383 fbc1
f4a2 0728 fdd8 f6ec f258
f82b 029e fdd8 f452 fc04
f67c f7bb fdd8 fac8 f230
fac2 f9aa fdd8 fb25 fa5f
f5cc faee fdd8 f106 fa92
fabb 0a83 fdd8 f514 0062
0429 07f9 fdd8 096c fee6
03e0 fa15 fdd8 fe81 093f
f622 0736 fdd8 f444 f800
0025 0b44 fdd8 0237 fe13
066a 0869 fdd8 046f 0865
f960 0872 fdd8 f4b9 fe07
0b57 0746 fdd8 11ba 04f4
0c8c f395 03f7 0e25 0af3
07d9 f626 03f7 03b3 0bff
f9a2 ffab 03f7 fbc3 f781
ff32 06f5 03f7 0513 f951
0579 0384 03f7 020e 08e4
f7e2 00be 03f7 fac6 f4fe
f705 02fe 03f7 f7b9 f651
0bef 0a3c 03f7 0c19 0bc5
0875 05da 03f7 0ab7 0633
fc58 0352 03f7 0110 f7a0
f77a fc07 03f7 f196 fd5e
f791 f302 03f7 f223 fcff
0ce6 085e 03f7 0b44 0e88
f5b3 fafa 03f7 f131 fa35
f606 021a 03f7 f342 f8ca
f71d f7ad 03f7 f62d f80d
f989 f526 03f7 f4ea fe28
023b 0bc0 03f7 fe08 066e
0ba2 f452 03f7 0943 0e01
025c ff18 03f7 fd76 0742
fd30 f90c 03f7 fe2b fc35
00d8 f9a1 03f7 fc90 0520
0439 f698 03f7 01cf 06a3
0732 f48b 03f7 05b1 08b3
0656 f602 03f7 0253 0a59
03ed fc27 03f7 0979 fe61
f997 00de 03f7 faea f844
febd f4fc 03f7 f81c 055e
fbfc 060c 03f7 f61b 01dd
0457 f3aa 03f7 06f1 01bd
f926 091c 03f7 fa68 f7e4
0a7c 0138 03f7 04f7 1001
fc62 0599 03f7 faea fdda
f6aa fb52 03f7 f79a f5ba
f4ed 042d 03f7 f365 f675
f615 059a 03f7 fb79 f0b1
ff92 fcb2 03f7 fc48 02dc
06be 06cc 03f7 0478 0904
fecd fb74 03f7 fee3 feb7
ff88 08d3 03f7 fa34 04dc
04bd fefc faf3 fe66 0b14
00d3 f94d faf3 0545 fc61
03dc 08aa faf3 fda0 0a18
fbeb f70d faf3 feec f8ea
06cf fdb1 faf3 0d41 005d
037c 07f1 faf3 037e 037a
030a f6e9 faf3 06c4 ff50
0abb fdd0 faf3 0614 0f62
fd4f f95d faf3 fe8b fc13
fdc1 03dd faf3 f8b6 02cc
0471 0a9f faf3 0012 08d0
093e fcc8 faf3 058e 0cee
fbe7 0711 faf3 01da f5f4
f6b0 0c88 faf3 f016 fd4a
fecd f5b9 faf3 fe84 ff16
02f7 0482 faf3 0232 03bc
03a7 02f1 faf3 0075 06d9
0932 f8b4 faf3 0d76 04ee
0677 0c06 faf3 0332 09bc
0497 fc0f faf3 0725 0209
07c1 f411 faf3 0188 0dfa
0ba1 06ce faf3 1065 06dd
0325 01a8 faf3 0915 fd35
ff62 f856 faf3 f941 0583
0c59 f4d8 faf3 0d54 0b5e
f9eb 0b6b faf3 fa1f f9b7
0248 0891 faf3 fc30 0860
ff68 00b3 faf3 041f fab1
08f2 f775 faf3 0415 0dcf
0524 f8d8 faf3 08af 0199
fb8e f8d6 faf3 f5bf 015d
ffc9 f6bf faf3 0230 fd62
05ae fcbb faf3 063a 0522
f8f4 fbb1 faf3 fe1e f3ca
0cc2 05df faf3 1259 072b
fd8d 0083 faf3 fee5 fc35
0ce5 fcdf faf3 0cb8 0d12
0bd1 0711 faf3 11c4 05de
02a5 ffa3 faf3 fced 085d
0289 0c30 faf3 0097 047b
0662 fcd1 05d3 0596 072e
0595 0667 05d3 0a27 0103
06bb fc19 05d3 016e 0c08
f824 fdcd 05d3 fcaa f39e
0880 f9c0 05d3 03d3 0d2d
feee fe67 05d3 fe09 ffd3
0636 f516 05d3 09c4 02a8
f9fe 0499 05d3 f4cf ff2d
05c4 02c1 05d3 04dc 06ac
f301 0aa9 05d3 efa0 f662
050d fa4b 05d3 0300 071a
f4f1 f48a 05d3 f9e0 f002
fe78 fdc7 05d3 0102 fbee
013c f465 05d3 fe44 0434
fb1e 04b0 05d3 f4df 015d
0739 03f5 05d3 087c 05f6
fac2 0bb2 05d3 fcaa f8da
f727 fef2 05d3 f8e2 f56c
f94c 0472 05d3 f438 fe60
f786 fd5e 05d3 f158 fdb4
fbf5 fe6b 05d3 f80d ffdd
f543 0149 05d3 f15f f927
0b50 f7e6 05d3 05eb 10b5
0c76 094a 05d3 0a08 0ee4
fa5a 0b22 05d3 00a6 f40e
0bd0 f613 05d3 10af 06f1
f503 0123 05d3 fa3a efcc
f427 fe77 05d3 f437 f417
fd96 f829 05d3 fd03 fe29
0659 fc67 05d3 00d6 0bdc
f5fc feff 05d3 f7ae f44a
f468 011b 05d3 f2a4 f62c
fe92 09ce 05d3 00c9 fc5b
f466 0386 05d3 f7f6 f0d6
fb3a f41f 05d3 ff73 f701
01fe fc2b 05d3 02a5 0157
f674 f3d1 05d3 fae3 f205
0809 fdff 05d3 076c 08a6
05ee 027d 05d3 0435 07a7
fe21 0597 05d3 0343 f8ff
feda 066a fee6 0049 fd6b
07b0 08dc fee6 0b6d 03f3
f914 08df fee6 fd7e f4aa
fcfd fd8a fee6 fe1e fbdc
0ab7 0075 fee6 0b10 0a5e
fcce fa49 fee6 0104 f898
0b92 06d0 fee6 09f9 0d2b
0aba f97a fee6 0752 0e22
0adc 011d fee6 0a0a 0bae
fdcf 012b fee6 f779 0425
fafc fa30 fee6 fde6 f812
ffdc f4e3 fee6 0085 ff33
f9a4 000b fee6 f373 ffd5
03a6 02c9 fee6 ff8b 07c1
03a7 fa87 fee6 0028 0726
f9b0 0777 fee6 fb08 f858
054c 0140 fee6 03b1 06e7
f566 09e5 fee6 ef7a fb52
07d1 0264 fee6 02a2 0d00
fcf9 0a02 fee6 01eb f807
02e8 f421 fee6 078c fe44
f4d7 0ab3 fee6 faa5 ef09
fd7a 0ae0 fee6 006a fa8a
f80e 0969 fee6 f48b fb91
f709 0c80 fee6 f3fc fa16
0846 0201 fee6 06cc 09c0
f54d 0c9f fee6 f4e6 f5b4
f46b 0698 fee6 eee0 f9f6
f4d1 fa7b fee6 ee9e fb04
f8e9 0bf0 fee6 fc6f f563
060b 0023 fee6 0542 06d4
f621 0ad4 fee6 f65d f5e5
02d7 0885 fee6 fffc 05b2
febc 019b fee6 004a fd2e
f8d0 f40a fee6 f3f0 fdb0
f415 025f fee6 f671 f1b9
0c1f 01d9 fee6 05f8 1246
0663 09fb fee6 0116 0bb0
053a f758 fee6 08de 0196
ff32 044c fee6 043e fa26
0cff 04c6 f9f8 1177 0887
0bc9 03a1 f9f8 11f3 059f
f3b3 03e3 f9f8 f682 f0e4
003a 08af f9f8 03a7 fccd
ff78 03b0 f9f8 fc01 02ef
f358 0908 f9f8 f5fd f0b3
ff44 0558 f9f8 0560 f928
f722 09af f9f8 faf1 f353
0910 00f9 f9f8 0545 0cdb
f511 f7e9 f9f8 ef6e fab4
fb2e 0761 f9f8 fc47 fa15
fa1b f7c5 f9f8 fe93 f5a3
fef7 fdd3 f9f8 0114 fcda
0bb5 0a3f f9f8 0e1b 094f
faac 00bc f9f8 fb5c f9fc
f52a f8bc f9f8 f2ca f78a
fbe0 083b f9f8 f768 0058
f6a7 fcb3 f9f8 fb96 f1b8
0333 fe4f f9f8 ff67 06ff
0886 f8c9 f9f8 0679 0a93
05e3 090a f9f8 0b95 0031
07af 0944 f9f8 0ad3 048b
fc10 02d9 f9f8 fc3d fbe3
0094 0a58 f9f8 fb99 058f
09ad fd77 f9f8 0e7f 04db
0ade f6ed f9f8 0af3 0ac9
fc3c fbde f9f8 fadb fd9d
fdee fa18 f9f8 f93b 02a1
066b 002e f9f8 0b91 0145
0493 f3d6 f9f8 00ef 0837
f3b7 f55a f9f8 f6c0 f0ae
f589 fc7f f9f8 f92c f1e6
0670 0086 f9f8 02c7 0a19
fd07 fcd2 f9f8 f6bb 0353
0709 0903 f9f8 088e 0584
f6f2 fe07 f9f8 fa5b f389
0ab0 0bc4 f9f8 0ec9 0697
044c 03ec f9f8 0154 0744
0709 f5ac f9f8 051d 08f5
fbe9 f918 f9f8 f6d4 00fe
0286 01fe 0204 fd0e 07fe
0231 f8c8 0204 046a fff8
0c18 f81f 0204 0e58 09d8
f6e2 044c 0204 f403 f9c1
fbc0 f550 0204 f8f6 fe8a
0ad0 066e 0204 0fdb 05c5
0b5e 0860 0204 067b 1041
09c2 fffb 0204 0a11 0973
f61d f9d7 0204 f737 f503
fb86 07be 0204 fb6f fb9d
0bce fc76 0204 0d1b 0a81
0378 f7b9 0204 06d0 0020
000d f55f 0204 fc56 03c4
00d8 f54f 0204 fb84 062c
007c feaf 0204 0314 fde4
04e0 077c 0204 0642 037e
f964 feb3 0204 f923 f9a5
f89b 012d 0204 f5a2 fb94
f944 0a7d 0204 fc9a f5ee
fe78 f5c4 0204 0420 f8d0
f441 00a9 0204 f43a f448
fe70 01ca 0204 03fb f8e5
f55d 04d3 0204 f72a f390
f608 fd53 0204 f94c f2c4
fe0b 0133 0204 fd4d fec9
00fa 044a 0204 0608 fbec
0cb0 f35b 0204 0c36 0d2a
f9bc fa98 0204 f6ba fcbe
0838 fa8d 0204 034a 0d26
fd35 092b 0204 0099 f9d1
069c 0962 0204 069b 069d
f726 033e 0204 f7f0 f65c
f589 0432 0204 f1ab f967
088f 0a61 0204 05d2 0b4c
fd4b fdc9 0204 0114 f982
00b3 0528 0204 fd41 0425
02c2 fc32 0204 0074 0510
084b fd9e 0204 06ee 09a8
f3e6 0639 0204 f469 f363
f469 0a08 0204 f9c4 ef0e
0205 0ae2 fff8 fbe0 082a
f54a fee7 fff8 f6e0 f3b4
ffc8 f53f fff8 00b2 fede
010a fc1e fff8 fd06 050e
fae9 ff18 fff8 fdcb f807
0cf1 f5d2 fff8 11bf 0823
0b39 0869 fff8 061b 1057
f5bc 0076 fff8 f6bc f4bc
f6d8 0747 fff8 fbd5 f1db
05b2 f302 fff8 02db 0889
fe19 07d2 fff8 fd36 fefc
fa2b f588 fff8 ffab f4ab
fa9d 003d fff8 fd8e f7ac
0b6c f41b fff8 06ff 0fd9
fce2 06b0 fff8 f919 00ab
ff87 0b38 fff8 fa55 04b9
02a5 0869 fff8 fd87 07c3
0b14 fff0 fff8 118e 049a
fc81 0110 fff8 f66f 0293
0132 0b2d fff8 0214 0050
0425 0830 fff8 00f8 0752
fc9e f8ac fff8 fb44 fdf8
f32e f888 fff8 ece5 f977
0b94 f35e fff8 1103 0625
f4d1 fed7 fff8 efe0 f9c2
0b67 f4ac fff8 086d 0e61
f6b2 0aa5 fff8 fa9d f2c7
fb52 0461 fff8 f7d1 fed3
0544 055a fff8 0020 0a68
0ae0 0b5c fff8 0a9d 0b23
f349 fd11 fff8 f350 f342
f46c f516 fff8 f0cd f80b
0bba 0bcb fff8 0a6c 0d08
f53f 0a91 fff8 fac2 efbc
0cc2 ff01 fff8 0712 1272
07ea 0ca7 fff8 0215 0dbf
f6ca fc01 fff8 fce3 f0b1
fb52 04a7 fff8 ff3e f766
f700 07ea fff8 f967 f499
05c4 0b28 fff8 070c 047c
0a6b fde3 fec0 0556 0f80
fdee 040c fec0 feac fd30
0a1f 02e5 fec0 0ee5 0559
0920 f946 fec0 0a5a 07e6
0937 09d2 fec0 063f 0c2f
0cac fef8 fec0 08eb 106d
0052 fa44 fec0 fe2a 027a
0915 059d fec0 0605 0c25
ffa7 07b4 fec0 faca 0484
0b7c 087f fec0 09c1 0d37
0446 0796 fec0 0402 048a
04b3 ffd1 fec0 fe77 0aef
0692 f6a3 fec0 00b6 0c6e
fcf6 03a1 fec0 00aa f942
f80b 0427 fec0 fdc0 f256
076f fcae fec0 0bff 02df
f307 feea fec0 f4e3 f12b
06d0 fb6b fec0 00a0 0d00
f677 0cf9 fec0 f5f5 f6f9
0c51 f5c0 fec0 0ece 09d4
0645 ffdd fec0 00cc 0bbe
f950 0749 fec0 f769 fb37
fb27 fea5 fec0 fbe2 fa6c
07c4 fcf2 fec0 03a4 0be4
f4ac 0675 fec0 f251 f707
fe1e f95a fec0 009d fb9f
067a f468 fec0 0022 0cd2
05ae 002f fec0 0bea ff72
f4a3 08df fec0 f900 f046
fec1 fafb fec0 fe76 ff0c
f885 fa89 fec0 f77e f98c
0cb8 09fd fec0 0fbb 09b5
fb04 0542 fec0 fbee fa1a
0a4b 00e1 fec0 0852 0c44
f710 f91c fec0 fc20 f200
0ae8 021b fec0 095c 0c74
f897 0c78 fec0 f325 fe09
f6f5 0a0e fec0 f7cc f61e
0503 0c51 fec0 06d8 032e
f95c 0203 fec0 f64a fc6e
f34e 0764 fd66 f5c7 f0d5
fedb 0581 fd66 0548 f86e
0b44 f72b fd66 0819 0e6f
f3b9 ffe6 fd66 f48e f2e4
f3a0 f89a fd66 f938 ee08
0382 0a5d fd66 ff22 07e2
fbaa f858 fd66 fa5e fcf6
f85c 017f fd66 f49b fc1d
00a5 f3a8 fd66 01bd ff8d
0786 fc76 fd66 0782 078a
0a54 ff07 fd66 06cb 0ddd
f637 01a4 fd66 f2c7 f9a7
f70b ff1b fd66 f0de fd38
fcc0 fce3 fd66 f8bf 00c1
f53e 097e fd66 f981 f0fb
fbba 06a8 fd66 f536 023e
f35d 0822 fd66 f6c2 eff8
0c14 073c fd66 06d4 1154
fd57 f666 fd66 01fa f8b4
0c61 fe8d fd66 06bf 1203
fae2 03ab fd66 fe58 f76c
f823 fa0a fd66 fbf5 f451
0635 f301 fd66 0b25 0145
f8b5 0a28 fd66 f387 fde3
f31c fe6a fd66 f219 f41f
024f fad6 fd66 029a 0204
faa0 fcbc fd66 fe5f f6e1
070b 04dd fd66 0bb7 025f
fd65 03c8 fd66 fa6d 005d
f885 fbce fd66 f9e1 f729
f829 f395 fd66 fe5d f1f5
f66b 070f fd66 f71c f5ba
0c8c f490 fd66 0e38 0ae0
fabf f5db fd66 fa54 fb2a
0895 f401 fd66 0854 08d6
0aff 0ad7 fd66 08b8 0d46
f86d 0575 fd66 fb3c f59e
f3cd 0c89 fd66 f6a4 f0f6
008b f790 fd66 ffa5 0171
03b2 f579 fd66 086a fefa
0749 f9a7 f9ae 0db7 00db
0811 f4b7 f9ae 03ce 0c54
0b7c 00e5 f9ae 0c8c 0a6c
03c6 082a f9ae ffc9 07c3
fb96 f6ed f9ae f8c2 fe6a
0b3d fa85 f9ae 0569 1111
075f fd12 f9ae 0156 0d68
fa11 ffe6 f9ae f52d fef5
007e fee0 f9ae 0256 fea6
f909 0c7f f9ae fa97 f77b
fd02 035a f9ae 025a f7aa
0430 047b f9ae 05e0 0280
f49c ff07 f9ae f0c9 f86f
fc8b 0bfe f9ae fdd7 fb3f
fbf9 fb9d f9ae f5cc 0226
ff68 fd5a f9ae 05ea f8e6
f87a 0230 f9ae f7c8 f92c
0bcb 0b50 f9ae 105f 0737
0a9d ff3b f9ae 1092 04a8
0cab fa6c f9ae 0d24 0c32
f583 f5ef f9ae f7ec f31a
05e0 0851 f9ae 0939 0287
0978 0523 f9ae 05bf 0d31
05ca ff0d f9ae 0418 077c
f8e7 015a f9ae f5f7 fbd7
07d0 ff27 f9ae 0b02 049e
029d 096a f9ae 03cd 016d
0608 ff9f f9ae ffca 0c46
04a7 05cc f9ae 06b6 0298
fcb9 ff1b f9ae fba9 fdc9
0647 0896 f9ae 0199 0af5
0a69 0466 f9ae 0b26 09ac
0a44 0769 f9ae 04fc 0f8c
0941 04b5 f9ae 09d9 08a9
033e fedc f9ae ff55 0727
0777 0bac f9ae 0157 0d97
09e6 0023 f9ae 0b7b 0851
fabd fd67 f9ae f6b0 feca
f485 fc1c f9ae f23a f6d0
f93e 09bc f9ae f4d9 fda3
f4a4 06e1 fb76 fa94 eeb4
fd9c fb37 fb76 fbbf ff79
fa29 08d5 fb76 ff88 f4ca
f7ba f9c0 fb76 f98a f5ea
fc5f 01a2 fb76 fe3d fa81
fd12 fcc1 fb76 f9fb 0029
fd34 fee4 fb76 ff9b facd
0205 028f fb76 086e fb9c
057c 04ce fb76 07fe 02fa
f9ed f6c4 fb76 f448 ff92
f9e3 f98a fb76 f4bd ff09
05e5 02b8 fb76 0496 0734
064e 04bf fb76 06e1 05bb
f3e6 f744 fb76 f1c0 f60c
0927 0318 fb76 0737 0b17
0a93 f885 fb76 0acb 0a5b
07d2 032d fb76 0897 070d
fe2d 0c4a fb76 0098 fbc2
053c fca1 fb76 0b06 ff72
ff88 0aba fb76 0267 fca9
0434 fb10 fb76 0a51 fe17
0909 0195 fb76 093a 08d8
0747 050e fb76 0508 0986
0c03 f946 fb76 0b1a 0cec
09ce 073b fb76 0e57 0545
fecf 0096 fb76 0524 f87a
fc09 0796 fb76 ff4c f8c6
0bd0 f3b8 fb76 09a7 0df9
08ac 0458 fb76 08f9 085f
0c70 0bae fb76 07c0 1120
fac3 f662 fb76 f57d 0009
067b 0149 fb76 09e1 0315
0bc8 0606 fb76 0f7f 0811
04f0 03e3 fb76 0329 06b7
0538 06cc fb76 0873 01fd
fdc4 051e fb76 fd95 fdf3
f966 fe4a fb76 f4f4 fdd8
0bce 01f0 fb76 0ab9 0ce3
f4e0 f76a fb76 f7a0 f220
01cd fd7b fb76 fcae 06ec
001a 03d6 007e 0505 fb2f
f384 fcd6 007e f135 f5d3
09c5 fd3b 007e 0816 0b74
0492 fc04 007e fec6 0a5e
0196 f41a 007e 045e fece
f442 074a 007e f2ee f596
04dc 0634 007e 0086 0932
0006 010b 007e fe54 01b8
0271 064c 007e 04d2 0010
f5ba 0a45 007e fb70 f004
08b3 f6cc 007e 0639 0b2d
036b 0a18 007e fe2a 08ac
f40f 0913 007e f56e f2b0
ff2c 03bd 007e 0539 f91f
0129 fe44 007e 0079 01d9
fd87 f471 007e f9c4 014a
0901 f88f 007e 044c 0db6
f75d 089a 007e f904 f5b6
038b fb6f 007e 09b3 fd63
feff 05e1 007e fbd2 022c
f6cd ffde 007e f08a fd10
0396 0009 007e fdfa 0932
0b2e 0cbb 007e 0e5a 0802
0a98 0190 007e 0579 0fb7
fa81 fd48 007e fad5 fa2d
06b9 f7dc 007e 0253 0b1f
f9b2 0852 007e f435 ff2f
f84f 00e2 007e f345 fd59
00b3 f866 007e 05a7 fbbf
f662 fe25 007e f1e6 fade
0a01 0370 007e 0924 0ade
0c43 f5f9 007e 0e25 0a61
0a14 0cb5 007e 0852 0bd6
f76b ffbd 007e fd0e f1c8
fd80 0b47 007e fa1f 00e1
0a25 fb34 007e 0b2c 091e
fef7 f412 007e ff82 fe6c
080e f8ca 007e 087a 07a2
0b05 f888 007e 093b 0ccf
0ccd f68b 007e 0d45 0c55
fe9d fd25 05bd 0509 f831
0117 09d8 05bd fc35 05f9
0574 04c7 05bd ff51 0b97
f7e8 04f9 05bd fbaf f421
f9c0 0950 05bd fed5 f4ab
0645 fa1b 05bd 05a2 06e8
fa52 04db 05bd fac0 f9e4
f9ea fba1 05bd fdc9 f60b
fc47 07df 05bd fde5 faa9
02fa 02ed 05bd 012a 04ca
017f f999 05bd 03b1 ff4d
01f2 0b41 05bd 05b4 fe30
0b55 08b1 05bd 0a60 0c4a
031e 0bf6 05bd 086f fdcd
068f 070c 05bd 0345 09d9
0c81 07de 05bd 06a4 125e
fc7f fb69 05bd fd96 fb68
f71a f83e 05bd f15a fcda
0a20 fef0 05bd 040c 1034
f5cc f8c3 05bd f6a7 f4f1
063d f608 05bd 05d1 06a9
052c 0128 05bd 08ba 019e
0701 f8e8 05bd 0b8e 0274
08fd fa19 05bd 0665 0b95
04e7 fbec 05bd 0aa4 ff2a
fc69 f72d 05bd f61b 02b7
0cae fb18 05bd 1309 0653
092d fb97 05bd 0343 0f17
0141 fdad 05bd fdb6 04cc
f466 00ba 05bd f459 f473
f368 0933 05bd ef9e f732
0985 0c52 05bd 0dd5 0535
f6ac f51e 05bd fb59 f1ff
05b8 087d 05bd 05e5 058b
01bd faf0 05bd 07f7 fb83
01ce fc8d 05bd 0289 0113
f744 03f7 05bd f5a9 f8df
066e 036c 05bd 055a 0782
03ce feee 05bd 08c6 fed6
fbb1 03bc 05bd fadf fc83
02ff 00c9 fcab 033a 02c4
0c68 f757 fcab 0789 1147
fe60 07e4 fcab 003d fc83
097a 062f fcab 05ec 0d08
f82a 0cf3 fcab fb62 f4f2
0396 0c0c fcab 07e6 ff46
0028 0aad fcab fddb 0275
f7ee f9bc fcab f34f fc8d
fd4b fdd9 fcab ff82 fb14
f61d 0aba fcab f48a f7b0
03a3 f90a fcab ff12 0834
fdbe ffb6 fcab 039c f7e0
0868 f728 fcab 06e9 09e7
ff52 098c fcab f8df 05c5
fffe f4f6 fcab 0519 fae3
f8f1 08ef fcab fab9 f729
fe6e f792 fcab fadb 0201
0b31 0bdd fcab 05e0 1082
fd9b fb36 fcab fd1b fe1b
0c14 06e9 fcab 0feb 083d
0a67 f575 fcab 089a 0c34
f66a f9fc fcab f95f f375
fd85 ff60 fcab f794 0376
fc05 f476 fcab fef9 f911
0209 fe2d fcab fdf1 0621
0b01 fd4e fcab 0f74 068e
f7c9 fdfd fcab fb03 f48f
fe14 04f9 fcab fb34 00f4
fd17 f6ad fcab ffb9 fa75
08f9 f368 fcab 0ad7 071b
0444 fe27 fcab fdd6 0ab2
0710 0091 fcab 072a 06f6
0b0a f7c0 fcab 0809 0e0b
015b 009f fcab fe3d 0479
ff70 034c fcab fe98 0048
0432 087b fcab 087f ffe5
fb7f 099e fcab fc0e faf0
fa67 fe2b fcab fe33 f69b
09e6 041e fcab 0cca 0702
fed2 f4b2 fcab ff20 fe84
03f2 027c ffa6 05f4 01f0
0ba7 f500 ffa6 0d65 09e9
fd62 0628 ffa6 01f3 f8d1
f3b6 0203 ffa6 f3a9 f3c3
06e1 01ac ffa6 0d4d 0075
ff10 f860 ffa6 f979 04a7
fb01 077f ffa6 fdab f857
f310 f669 ffa6 efc5 f65b
ff26 09f7 ffa6 fa67 03e5
ff24 f329 ffa6 0080 fdc8
fd51 fb4e ffa6 fb91 ff11
0553 ff49 ffa6 06d5 03d1
0b36 f44d ffa6 0ae0 0b8c
f3c4 ff86 ffa6 f91b ee6d
f9d4 0755 ffa6 fb22 f886
02ed fec7 ffa6 03f1 01e9
07a9 fce4 ffa6 060c 0946
08cc f9e9 ffa6 087f 0919
016d 08f8 ffa6 fdb7 0523
fcf1 fa4f ffa6 fc3a fda8
f56a f9cc ffa6 fb9b ef39
f89a 0693 ffa6 fec6 f26e
04ea fe9d ffa6 0492 0542
0577 fe35 ffa6 0754 039a
0276 f554 ffa6 06ec fe00
f4ad 08d2 ffa6 f906 f054
06c0 f763 ffa6 0067 0d19
0433 0523 ffa6 022d 0639
fcbb f52e ffa6 fc3f fd37
fde3 063d ffa6 0322 f8a4
ff87 f50e ffa6 01b9 fd55
08f6 f55f ffa6 0a10 07dc
f404 05b5 ffa6 f125 f6e3
f39f 0bbf ffa6 f634 f10a
0204 f481 ffa6 0714 fcf4
0c8d 0401 ffa6 0a6e 0eac
fb72 0232 ffa6 fec6 f81e
f520 05c4 ffa6 f850 f1f0
fd22 0b90 ffa6 fc56 fdee
01a1 f706 ffa6 0722 fc20
08ea f7bb fef1 0668 0b6c
01f0 f924 fef1 0616 fdca
f8ea fe75 fef1 fc1d f5b7
f69c fdaa fef1 f713 f625
fd84 0a38 fef1 ff92 fb76
f835 003a fef1 f8fd f76d
f5c5 0c0f fef1 fa22 f168
faba fc1d fef1 f816 fd5e
fc37 ff6a fef1 f781 00ed
024e 0230 fef1 ff16 0586
05bc f42d fef1 0875 0303
09ec f885 fef1 06ff 0cd9
0776 fb73 fef1 0215 0cd7
fb8b ffcf fef1 fd20 f9f6
030b 0234 fef1 ff6e 06a8
f69e 03a0 fef1 f61d f71f
0a52 04e7 fef1 0d53 0751
f7d8 0be7 fef1 f326 fc8a
f7aa 0a69 fef1 f823 f731
07a8 f5e5 fef1 05fe 0952
053e 04c9 fef1 04b4 05c8
fad7 08cd fef1 fcf0 f8be
feea 06d9 fef1 fe50 ff84
ff14 f606 fef1 fd69 00bf
03fa 04b5 fef1 0569 028b
048e 06a2 fef1 ffa0 097c
f7ad 0b75 fef1 f7b9 f7a1
0350 fae8 fef1 01e4 04bc
f493 fe42 fef1 f30d f619
014d 0a6f fef1 07af faeb
fad7 058a fef1 f785 fe29
01a3 f8d7 fef1 fd20 0626
fcaf 06b1 fef1 0007 f957
0cd9 033a fef1 0fe7 09cb
f4fa 0047 fef1 f7ba f23a
0828 04ef fef1 0a5f 05f1
fd1a fc60 fef1 fd9b fc99
0b58 0c44 fef1 0dbb 08f5
0bfe 05a1 fef1 1028 07d4
fc6d 0080 fef1 fcce fc0c
fba5 0624 033e 0160 f5ea
f473 f90a 033e f50d f3d9
fef0 0acd 033e 046d f973
f545 f971 033e f5ad f4dd
00f8 f321 033e fbfb 05f5
fe8d f57c 033e 04eb f82f
fc41 07b8 033e 0015 f86d
f831 fdff 033e fcb3 f3af
f5bc 07c1 033e ef72 fc06
fe56 02e1 033e ff36 fd76
0575 0a89 033e 07eb 02ff
fdd0 04ba 033e 0194 fa0c
f779 0a27 033e f5f4 f8fe
fe5d 05ee 033e ffc7 fcf3
fd75 fccf 033e fe60 fc8a
074f 0313 033e 0570 092e
f73c 0a35 033e f46d fa0b
07d6 05d4 033e 025b 0d51
07c6 01cb 033e 0bf4 0398
0cbe f721 033e 0836 1146
05be 03ec 033e 09e6 0196
0965 f6fd 033e 0652 0c78
0061 f900 033e fc54 046e
fd31 01af 033e f6f2 0370
0149 0185 033e fee8 03aa
0106 035b 033e fc3d 05cf
0c76 fadd 033e 125d 068f
055c ff2b 033e 0665 0453
ff8a f43f 033e 055f f9b5
04bf 022f 033e 036f 060f
024e ffd2 033e ff1c 0580
fefe 04f3 033e ff5e fe9e
00d2 0c72 033e fb69 063b
fc56 fa62 033e f921 ff8b
fa41 faca 033e f89e fbe4
f367 081b 033e eff9 f6d5
ff01 0c85 033e 0122 fce0
fd82 0a4a 033e f8c4 0240
0ac6 0920 033e 0d09 0883
0cde f324 033e 0d2d 0c8f
0c06 0352 006b 0e33 09d9
0896 054f 006b 090d 081f
f3dd 0002 006b f218 f5a2
07cd ff90 006b 02dd 0cbd
fa71 fc4a 006b f5b7 ff2b
0313 08ee 006b 091c fd0a
f303 f6e3 006b f60d eff9
0c55 f473 006b 084c 105e
f67a f487 006b fac1 f233
0064 fb11 006b 0604 fac4
0a35 0a3d 006b 0c6f 07fb
f7f3 024a 006b f9a2 f644
fba8 f511 006b fadf fc71
005b 0184 006b fb2b 058b
09a7 052f 006b 0c6c 06e2
f503 f50e 006b f061 f9a5
06ee 096b 006b 0ce7 00f5
f8d2 0a27 006b f481 fd23
facd f4f6 006b fe66 f734
041c f3fd 006b 0072 07c6
09c9 0c69 006b 0e3b 0557
ffc5 fe2e 006b fbf2 0398
f388 0696 006b f744 efcc
04fb 0c1b 006b 006a 098c
033c 0457 006b 020e 046a
062e fefe 006b 0061 0bfb
f398 04d0 006b f5e4 f14c
f49d fc74 006b f1bd f77d
0177 06fa 006b 07c0 fb2e
0505 f442 006b fed3 0b37
f59a f8f0 006b f5c7 f56d
f41d f4f1 006b f5a2 f298
fb27 fe45 006b f67c ffd2
fba5 f8cb 006b fc0c fb3e
0118 f751 006b fdd6 045a
00e8 f346 006b fc9b 0535
fed9 031d 006b 0267 fb4b
042c 0069 006b 08cd ff8b
0af7 0933 006b 0e78 0776
0372 fd99 006b 07ea fefa
0b40 f650 fa73 10d9 05a7
06c2 0539 fa73 04d6 08ae
fbf0 fa71 fa73 fcae fb32
0bbb f604 fa73 0b25 0c51
f8eb 09d0 fa73 fab7 f71f
f7fc 09ae fa73 f5fd f9fb
03e6 0934 fa73 0088 0744
00b2 050f fa73 fc62 0502
0699 06f1 fa73 0592 07a0
0ae9 fe13 fa73 0e6e 0764
0a4c 01cd fa73 0c63 0835
ff0d fb25 fa73 00c0 fd5a
0bb9 0824 fa73 1106 066c
fc6c f62d fa73 0007 f8d1
0a23 037e fa73 0cb9 078d
f6cb f3fa fa73 f9ef f3a7
0b17 03b5 fa73 05a9 1085
0a8e f33e fa73 0e24 06f8
0419 ffed fa73 ff4d 08e5
fc86 fb9b fa73 f9cb ff41
f909 06e5 fa73 f39c fe76
fe21 09e4 fa73 02ec f956
0342 05ea fa73 07b2 fed2
f7ac ffe0 fa73 fd48 f210
fa5a ff65 fa73 0064 f450
f4f2 fa81 fa73 f2e2 f702
00c3 fa8c fa73 04e6 fca0
0a53 facf fa73 0ad8 09ce
09cf 04f7 fa73 09b4 09ea
05d4 008c fa73 00cb 0add
055d f588 fa73 0702 03b8
fdaf fcce fa73 0148 fa16
fe39 f346 fa73 0068 fc0a
0c01 f651 fa73 0fcd 0835
fb76 073c fa73 f56a 0182
fbd6 f64d fa73 f9d5 fdd7
f89a f70a fa73 f45a fcda
03b1 f80b fa73 04c8 029a
0653 0729 fa73 087c 042a
f726 fb03 fa73 f50e f93e
0011 fc42 ff09 fa46 05dc
fc14 0798 ff09 f964 fec4
061b fd58 ff09 01a4 0a92
f5a0 f599 ff09 f439 f707
fed1 052d ff09 f914 048e
0af7 fd29 ff09 0af4 0afa
f9b6 fdb6 ff09 f958 fa14
06c1 fdd1 ff09 0c21 0161
f7cb fa3d ff09 fbf9 f39d
fd1a 08d8 ff09 0057 f9dd
fd70 fce6 ff09 ff12 fbce
00ba 020d ff09 ffae 01c6
05f2 00f6 ff09 0a95 014f
fa7c f783 ff09 f65f fe99
f5ea 0678 ff09 f6ff f4d5
07e4 0ad9 ff09 0332 0c96
f896 f984 ff09 f98b f7a1
07e8 fe92 ff09 0c6d 0363
06b2 ff25 ff09 07cd 0597
00fd 0ba4 ff09 0358 fea2
f329 fb92 ff09 f910 ed42
0796 0962 ff09 057f 09ad
f715 f714 ff09 f109 fd21
02f3 059b ff09 0628 ffbe
0692 08d2 ff09 0cde 0046
003b ff64 ff09 01bb febb
0c9e 06ca ff09 0ae9 0e53
036b 013d ff09 045f 0277
f847 0149 ff09 f31d fd71
ffff f57d ff09 ffdd 0021
f6de 0a7e ff09 f30c fab0
f60d 04b8 ff09 f170 faaa
f792 fff5 ff09 f6ad f877
fece f429 ff09 02f1 faab
f3e9 f420 ff09 f622 f1b0
06d1 0721 ff09 0646 075c
f82c f994 ff09 fdfa f25e
f8ef f478 ff09 f54f fc8f
0b35 ff82 ff09 0a6b 0bff
f9f1 07ad ff09 000e f3d4
013f 09e6 fc49 0627 fc57
089d 0525 fc49 0c11 0529
f7cd ff04 fc49 fa0b f58f
0ba5 fb4c fc49 0f22 0828
02e6 03f3 fc49 0913 fcb9
0516 ff3e fc49 055e 04ce
057a fa73 fc49 0181 0973
0a6b 0336 fc49 0bc6 0910
f91e 03fd fc49 f517 fd25
0852 f5d6 fc49 0293 0e11
02f9 fa96 fc49 024d 03a5
ff4e ff7b fc49 ffc4 fed8
f6be 016a fc49 f94d f42f
07cd 03fa fc49 01a2 0df8
0004 0872 fc49 ff90 0078
0aa7 06d4 fc49 0de2 076c
05af fd0e fc49 052b 0633
f962 f8ee fc49 f998 f92c
fdec f9e0 fc49 f917 02c1
fb7b f4dc fc49 fdbd f939
0c75 0b59 fc49 0d57 0b93
f62a 0b6b fc49 f6e3 f571
06e1 007f fc49 0223 0b9f
fedf fe62 fc49 028e fb30
0b02 f8c2 fc49 0e80 0784
0c12 ffd4 fc49 0f5a 08ca
f4ea f314 fc49 f6e5 f2ef
f602 00d6 fc49 fb54 f0b0
0565 0639 fc49 0aba 0010
041e 00d3 fc49 074c 00f0
f635 045e fc49 f20a fa60
0345 fef1 fc49 094b fd3f
f82b ff0b fc49 fb12 f544
07a4 010f fc49 019e 0daa
faa9 05b3 fc49 f712 fe40
05da 0cd6 fc49 0583 0631
f4b2 fe0d fc49 f414 f550
0045 ffee fc49 006e 001c
f93d f46f fc49 f313 ff67
f97a 0400 fc49 f797 fb5d
095d f952 fe72 0d8b 052f
fc17 0106 fe72 0051 f7dd
f674 ffe6 fe72 fab3 f235
0156 0b33 fe72 fcc3 05e9
ff9c ffae fe72 fcff 0239
019e 010d fe72 0033 0309
f573 03a2 fe72 fb9e ef48
ff66 f67a fe72 056f f95d
07eb 0282 fe72 0e1b 01bb
fa86 f74d fe72 fd9c f770
054f f8f4 fe72 ffd5 0ac9
070c fa82 fe72 0798 0680
fb63 fad6 fe72 f938 fd8e
f7a2 00ed fe72 fd71 f1d3
fc06 0a74 fe72 f922 feea
fbb1 fa84 fe72 f6e9 0079
f374 0c08 fe72 f39b f34d
0742 0387 fe72 0755 072f
fb22 00b4 fe72 fcbf f985
f5c4 00ee fe72 f8e9 f29f
ff56 06c2 fe72 f9e4 04c8
fb8d fd2d fe72 fd17 fa03
f941 0062 fe72 f841 fa41
f44e 0200 fe72 f5b7 f2e5
0ae3 0a4f fe72 0f8a 063c
f988 f7b4 fe72 fb4d f7c3
0507 f848 fe72 02a2 076c
f407 0a79 fe72 f0d2 f73c
002b 055d fe72 fc82 03d4
08fb f47f fe72 0d4a 04ac
0b1d 014f fe72 0fec 064e
0055 f57c fe72 06d6 f9d4
0395 0670 fe72 0887 fea3
f55d fe49 fe72 f489 f631
0594 ff3d fe72 04ea 063e
0729 fb68 fe72 0628 082a
0837 041f fe72 0679 09f5
06bc fec8 fe72 05ac 07cc
fa2f f657 fe72 f56e fef0
0be9 fa79 fe72 0a6d 0d65
ffd8 0188 03c1 01ec fdc4
0a14 fa78 03c1 0825 0c03
057b 0b2e 03c1 03ef 0707
03b4 f8b7 03c1 022d 053b
0b80 f30c 03c1 0e5b 08a5
000f f912 03c1 0584 fa9a
09fb 0963 03c1 0aa5 0951
f708 0162 03c1 fac4 f34c
0501 0243 03c1 0725 02dd
0570 f45d 03c1 074b 0395
f49a 0cac 03c1 f6f0 f244
fecb f387 03c1 fda8 ffee
0598 f50a 03c1 0770 03c0
f7ca f80e 03c1 f827 f76d
0ac1 0061 03c1 0e0e 0774
088e f513 03c1 0b60 05bc
082f 069a 03c1 0248 0e16
027f 0adf 03c1 ff9a 0564
f714 f7a4 03c1 f32a fafe
0c20 f54e 03c1 06e6 115a
ff89 0a6a 03c1 fcf3 021f
f968 0b46 03c1 f621 fcaf
ff04 09ad 03c1 01ee fc1a
0cd0 0b23 03c1 0fda 09c6
0b92 0aec 03c1 0b88 0b9c
f9ad 06ab 03c1 f882 fad8
0bab 0c19 03c1 06b9 109d
0c1f 02f7 03c1 07c9 1075
fca7 f4c6 03c1 f890 00be
fc7d fded 03c1 f6e3 0217
fe18 0086 03c1 0285 f9ab
fbe3 0a50 03c1 0098 f72e
02fe 0571 03c1 03e0 021c
0aef fa06 03c1 0df8 07e6
f6c3 f948 03c1 f513 f873
fc12 0350 03c1 f747 00dd
fda6 0cd8 03c1 faa5 00a7
082f f871 03c1 0649 0a15
f55f f8e0 03c1 f6d9 f3e5
f8fb f43d 03c1 f8cf f927
038e f3be fa1c 0330 03ec
ffae f882 fa1c fc15 0347
0b15 f54a fa1c 0cf3 0937
0a7e ff42 fa1c 10a5 0457
0174 f7f1 fa1c 0443 fea5
f8b7 051c fa1c f76d fa01
087f 0b1b fa1c 05c1 0b3d
fcb1 f4b1 fa1c fdb2 fbb0
ff28 0807 fa1c 0215 fc3b
06cf ffc3 fa1c 0505 0899
0040 0a1e fa1c 034e fd32
05c9 09e2 fa1c ffd5 0bbd
0bfc 0564 fa1c 0b1a 0cde
0859 f51d fa1c 09f6 06bc
ffa8 ffb3 fa1c fc55 02fb
0840 008d fa1c 04b6 0bca
ff18 08c9 fa1c f900 0530
fed3 ff16 fa1c fd81 0025
0163 011f fa1c fd3a 058c
fabc f3b5 fa1c fa51 fb27
098b f728 fa1c 06e2 0c34
f658 fe98 fa1c f450 f860
03ac 0088 fa1c fd37 0a21
fd8e 0572 fa1c ffa4 fb78
02b6 f8ab fa1c 023c 0330
f4c2 0338 fa1c ef4b fa39
0ae4 0804 fa1c 0977 0c51
03f9 06dd fa1c ff70 0882
fa38 054b fa1c f7c0 fcb0
0619 0742 fa1c 00b0 0b82
fd93 fabd fa1c fa4f 00d7
0c5f 0238 fa1c 085a 1064
fcef fe13 fa1c f8b5 0129
0cfb 0705 fa1c 12c9 072d
0c31 f884 fa1c 0729 1139
f348 0aba fa1c ee8c f804
02c0 03a5 fa1c 03ae 01d2
fa05 f8d1 fa1c f850 fbba
fee3 0a50 fa1c 051d f8a9
fdbf 094a fa1c fcb7 fec7
0666 fab9 fd2b 06b5 0617
09a7 0af8 fd2b 0444 0f0a
f3a3 059e fd2b f27b f4cb
0228 07cf fd2b 039b 00b5
0432 0a1f fd2b 08b2 ffb2
f34c f422 fd2b eeab f7ed
0c00 00c1 fd2b 0662 119e
0ac9 0762 fd2b 0969 0c29
0426 f347 fd2b 0458 03f4
fbc4 fe4c fd2b fd79 fa0f
0ba2 0079 fd2b 05d2 1172
fd22 fcc5 fd2b fd6b fcd9
facc 0603 fd2b f538 0060
03e6 0c52 fd2b 0310 04bc
015b 0521 fd2b fbe3 06d3
f883 0985 fd2b fd51 f3b5
0491 04b8 fd2b 0666 02bc
0bad fade fd2b 0e9d 08bd
00ff f992 fd2b fbcf 062f
f92e 072d fd2b f3b0 feac
f592 f648 fd2b f1b6 f96e
f909 fb38 fd2b f5b7 fc5b
f7f1 f347 fd2b f823 f7bf
0475 03a3 fd2b 0758 0192
017d f894 fd2b 038f ff6b
fcac 0c7f fd2b f8b5 00a3
f558 fb6a fd2b fb8d ef23
047e 043a fd2b ff7b 0981
f35f f5bb fd2b f6b7 f007
fcc1 0350 fd2b fd9c fbe6
07ce f823 fd2b 09ee 05ae
f861 0083 fd2b fee0 f1e2
fc25 f58a fd2b f87e ffcc
f532 0023 fd2b f2c3 f7a1
f753 fd74 fd2b f872 f634
096e 075c fd2b 05df 0cfd
07ac f6b3 fd2b 0193 0dc5
f589 039a fd2b fba6 ef6c
066d 0a67 fd2b 0b1f 01bb
02e2 0584 fd2b 00ef 04d5
0167 011b 01c0 0583 fd4b
095d ff85 01c0 040a 0eb0
ff87 0232 01c0 fb19 03f5
0143 fabb 01c0 075c fb2a
06ba 0ab0 01c0 0aa9 02cb
f6bc f9d2 01c0 fac8 f2b0
fb74 f61b 01c0 f5bc 012c
0436 036b 01c0 07ba 00b2
067e 05b7 01c0 09c5 0337
f96b f64c 01c0 f919 f9bd
00ce 02df 01c0 03c2 fdda
01c6 fc30 01c0 fd7b 0611
0ac6 f993 01c0 112b 0461
04cb 046b 01c0 fe90 0b06
08b4 f554 01c0 046a 0cfe
fdbc 02ae 01c0 fb4a 002e
ff9a fa53 01c0 01f0 fd44
f682 057f 01c0 f1c2 fb42
0ad2 0913 01c0 0fb2 05f2
06e1 0110 01c0 08b7 050b
04b9 0367 01c0 0898 00da
fb96 f607 01c0 f7a5 ff87
0a85 03b0 01c0 04a7 1063
ffa6 f798 01c0 fbd5 0377
09df fb76 01c0 0f9b 0423
f4ab 04dd 01c0 f7d0 f186
f477 044b 01c0 f114 f7da
f86e f61a 01c0 f60d facf
f9f1 f4e3 01c0 f5f1 fdf1
0137 0c89 01c0 fee0 038e
f73c 018b 01c0 f164 fd14
fd25 03fc 01c0 fd87 fcc3
fb0a f8e7 01c0 f6b6 ff5e
0b85 ff84 01c0 0989 0d81
fb59 0b5f 01c0 fffc f6b6
fedc 0798 01c0 fb27 0291
f37c fe8e 01c0 f3db f31d
0811 f68c 01c0 020f 0e13
f648 0a05 01c0 f928 f368
ff6b 07f0 01c0 00e5 fdf1
f880 0994 fbd7 f485 fc7b
0869 fb35 fbd7 04c1 0c11
f5f0 f82a fbd7 f57e f662
0b88 f84c fbd7 0802 0f0e
f3dc 0be2 fbd7 f24e f56a
fae2 f61e fbd7 0092 f532
f652 fc23 fbd7 f720 f584
fd36 f8f7 fbd7 0373 f6f9
02c3 f92b fbd7 0387 01ff
02f3 0c29 fbd7 05ad 0039
0788 041e fbd7 0323 0bed
fa1b 0829 fbd7 f491 ffa5
05f0 0ce0 fbd7 0829 03b7
0867 f7a2 fbd7 0744 098a
014b 040b fbd7 0026 0270
08c2 fd80 fbd7 0a18 076c
0b3f 0bc3 fbd7 0a34 0c4a
fbae 0af4 fbd7 f5aa 01b2
05cf f9e2 fbd7 0612 058c
01cf fcf8 fbd7 0274 012a
0388 fdd5 fbd7 fd2c 09e4
ff2d f9e1 fbd7 004b fe0f
f916 072e fbd7 fa35 f7f7
07f0 f74c fbd7 0259 0d87
fd56 018b fbd7 fd87 fd25
0a92 f695 fbd7 057c 0fa8
fdfd 0089 fbd7 fdd3 fe27
050a 010a fbd7 fe8d 0b87
07f3 f604 fbd7 09df 0607
f5c2 faed fbd7 fbae efd6
fc8c 071f fbd7 fd7f fb99
fd51 f947 fbd7 0023 fa7f
fb18 f953 fbd7 00a7 f589
0710 079d fbd7 0441 09df
f957 f5e8 fbd7 f935 f979
0aa2 fd01 fbd7 1095 04af
023f fdc5 fbd7 fc92 07ec
f426 ff25 fbd7 f971 eedb
f7b3 01a7 fbd7 f9f2 f574
fb39 020a fbd7 f6cd ffa5
f94b 028f 02a5 febf f3d7
0608 0b12 02a5 0039 0bd7
05b3 fc0f 02a5 070c 045a
01d8 005e 02a5 fd3f 0671
0018 f43c 02a5 fe02 022e
fa37 040d 02a5 fd08 f766
006e 0386 02a5 0664 fa78
0361 016d 02a5 fd49 0979
fabf fa2f 02a5 fd29 f855
f9c8 0a64 02a5 ff40 f450
f6a6 09a2 02a5 f58f f7bd
0bb1 fba2 02a5 0ac3 0c9f
0315 fa7b 02a5 05a7 0083
fac1 048d 02a5 ffe3 f59f
092e f3fd 02a5 043a 0e22
f4b5 043e 02a5 f84f f11b
085f f613 02a5 0e19 02a5
f351 0024 02a5 f6d0 efd2
030a 0ae0 02a5 04a8 016c
07aa f330 02a5 0873 06e1
0776 0875 02a5 071f 07cd
0b23 0958 02a5 0679 0fcd
0564 0a98 02a5 0004 0ac4
fb37 07a6 02a5 f707 ff67
034a 00e9 02a5 01b7 04dd
fa13 f5be 02a5 fb85 f8a1
0247 00c6 02a5 0200 028e
fc8f 040d 02a5 ff60 f9be
00b7 fdab 02a5 002c 0142
f66d 0a40 02a5 f866 f474
faf7 f9ca 02a5 fa6f fb7f
07e6 014d 02a5 047a 0b52
01ac 071b 02a5 0777 fbe1
0328 f360 02a5 ffef 0661
f34d 0951 02a5 f419 f281
0703 0ba9 02a5 09ba 044c
07ff fba9 02a5 019b 0e63
0320 fff3 02a5 05d6 006a
f8fb fcb0 02a5 fec4 f332
fc45 f6b1 02a5 f80e 007c
f937 0ba7 fb05 feaa f3c4
fc9e 085f fb05 fa06 ff36
fb4c 052d fb05 fdd8 f8c0
f7d3 fa2b fb05 f645 f961
ff1c 0ab1 fb05 015e fcda
f361 f9b9 fb05 efb6 f70c
07c0 0a9e fb05 077d 0803
f6ed f3b6 fb05 f73d f69d
0b45 043c fb05 0f65 0725
fdbf 0446 fb05 fe68 fd16
fd55 fb16 fb05 fee1 fbc9
06af 086b fb05 07bc 05a2
f5f5 0467 fb05 f6e3 f507
0b8a f565 fb05 0976 0d9e
fbf4 0c51 fb05 fa84 fd64
fedc 027d fb05 0084 fd34
fbe0 f7dc fb05 0022 f79e
fc7c 0753 fb05 f685 0273
f863 fd64 fb05 fd92 f334
00c0 fa50 fb05 00ae 00d2
f815 faa3 fb05 f3f6 fc34
fc3c fcdf fb05 fcc9 fbaf
f55c ffd8 fb05 f637 f481
ffb8 056a fb05 fe09 0167
074a fe7a fb05 0c61 0233
fd99 0457 fb05 f9ab 0187
075e f6e2 fb05 0738 0784
fa21 0c17 fb05 fa95 f9ad
041e 0be6 fb05 ff71 08cb
040e f3bf fb05 0a5a fdc2
fae9 024e fb05 fe8c f746
0cc9 0b00 fb05 09c7 0fcb
046c 01c3 fb05 081b 00bd
f483 05ab fb05 efd0 f936
038f f49e fb05 0950 fdce
f3c1 01df fb05 f2f0 f492
ffdd fca7 fb05 fc69 0351
f5fd 00fb fb05 f0f2 fb08
ff5e 0cd2 fb05 0159 fd63
f954 0130 fb05 faa1 f807
03bd f323 fbb1 0621 0159
0cda fa88 fbb1 0ae9 0ecb
08b6 0832 fbb1 04fd 0c6f
059a fc1f fbb1 04ae 0686
08a8 0330 fbb1 0ad4 067c
041d f8fa fbb1 01c0 067a
0cca fbe9 fbb1 0848 114c
fc23 f6a1 fbb1 f8e0 ff66
f768 f9c2 fbb1 f552 f97e
0b5a fc41 fbb1 0cb0 0a04
f51b fac7 fbb1 f759 f2dd
090d faf9 fbb1 0e9d 037d
fbf8 fd66 fbb1 f6c1 012f
ff7b 0790 fbb1 fe01 00f5
0a65 0799 fbb1 0984 0b46
f9e6 0632 fbb1 fb30 f89c
0994 f43d fbb1 04b0 0e78
07e0 fd0c fbb1 09b0 0610
f440 041a fbb1 f8f5 ef8b
00e8 06ca fbb1 ff49 0287
fdff f913 fbb1 fd4b feb3
f870 0001 fbb1 f881 f85f
0a70 f6f3 fbb1 0c9f 0841
0bee f53f fbb1 0b2b 0cb1
08df fb29 fbb1 049e 0d20
0462 fff8 fbb1 03da 04ea
faef f941 fbb1 fd49 f895
0202 0292 fbb1 06b1 fd53
0174 fa2e fbb1 068a fc5e
f5bc 0bee fbb1 f07a fafe
0c19 0c09 fbb1 08a2 0f90
fbd3 f486 fbb1 fbc8 fbde
f783 0143 fbb1 f2f4 fc12
0653 0182 fbb1 05f3 06b3
f7b7 fb3d fbb1 f4ca faa4
fa71 f71d fbb1 ff6a f578
09d9 f65f fbb1 0f35 047d
03d0 f509 fbb1 ff77 0829
fa15 f999 fbb1 f546 fee4
f71d 0282 fbb1 fabc f37e
040f fcf3 01ae 0762 00bc
f77e fa9e 01ae f903 f5f9
0912 02f1 01ae 02da 0f4a
fcc5 0cb8 01ae 02b1 f6d9
0207 03cd 01ae 01d5 0239
09f9 0533 01ae 08b4 0b3e
fc38 00c2 01ae fae9 fd87
f707 02c2 01ae f10f fcff
fca3 0968 01ae fe7e fac8
f69e 03ad 01ae fc67 f0d5
f871 0533 01ae f72c f9b6
fb25 098f 01ae 017f f4cb
0415 06e2 01ae 08d2 ff58
f3c3 fc4f 01ae f6da f0ac
01aa fe2c 01ae ffba 039a
0c57 f9e8 01ae 0e8d 0a21
0a67 fa42 01ae 07fc 0cd2
fe22 02ef 01ae fc5a ffea
080f f796 01ae 01cf 0e4f
07d6 f333 01ae 097f 062d
0282 01ff 01ae 0011 04f3
0ae8 f5c8 01ae 0f6a 0666
0ae8 0c0a 01ae 0cc6 090a
03e2 09a1 01ae 094f fe75
0920 fed5 01ae 0955 08eb
05b3 067e 01ae 0b3f 0027
ff9f fd2a 01ae fdf3 014b
04fc ff89 01ae 08f0 0108
f93e fc0d 01ae f2b9 ffc3
fd3f 08db 01ae ffda faa4
0b14 0a29 01ae 0dd8 0850
0451 029b 01ae 06db 01c7
07d5 07fb 01ae 0d4a 0260
0b6f 0ad4 01ae 0be8 0af6
06a7 0b40 01ae 0192 0bbc
0b8d f8ee 01ae 0948 0dd2
f392 faf9 01ae ee3e f8e6
ff0e 092f 01ae fd57 00c5
f569 fd2d 01ae fa16 f0bc
053e f9b7 01ae ff23 0b59
fd49 f550 022b fb58 ff3a
ff71 f517 022b fdbb 0127
ffff 03e9 022b 03ef fc0f
04f0 f35c 022b 08ab 0135
0969 04fd 022b 04b4 0e1e
00bd fd26 022b 02c7 feb3
01b8 fc85 022b 0137 0239
08d1 f7f9 022b 0a48 075a
f58d f64a 022b f0c6 fa54
004a 0152 022b 02cd fdc7
0a12 f91a 022b 067d 0da7
f3dc f6a3 022b f6b5 f103
02c7 0a5d 022b fdc1 07cd
0522 fb26 022b 0b86 febe
0956 f961 022b 0b66 0746
04fc 09b0 022b 091a 00de
fe05 064d 022b 0446 f7c4
0ad4 fd8d 022b 0d5d 084b
f829 fae0 022b fb2f f523
0ad1 fde4 022b 106c 0536
f6ba f693 022b fc26 f14e
0cd1 0ce8 022b 07e6 11bc
0a7d ffb6 022b 0b04 09f6
08f2 f789 022b 026c 0f78
f762 07f6 022b f637 f88d
fbc7 fbf7 022b fcfd fa91
f8ab ffab 022b fa27 f72f
058d f30c 022b 0926 01f4
f7b2 07bb 022b f234 fd30
ffc3 fe0e 022b fcfc 028a
04f9 075b 022b 01ec 0806
f64d fd3a 022b f1df fabb
0913 f4fe 022b 0f73 02b3
fbfc f673 022b f98d fe6b
039b fadd 022b ffcc 076a
0709 f43e 022b 054a 08c8
096e 09d8 022b 0d9d 053f
f3b6 fd8e 022b f886 eee6
faa2 f61a 022b fd94 f7b0
09f4 029f 022b 0397 1051
f908 fa02 034b fd7f f491
f670 06f0 034b f95b f385
f559 05e5 034b f245 f86d
f7e6 008e 034b f7d3 f7f9
fbfa 028c 034b f99f fe55
0928 f837 034b 0a79 07d7
f7c1 f849 034b fd46 f23c
f3e8 06c4 034b f6aa f126
fffb f900 034b 008d ff69
0c3f fb3c 034b 0ee6 0998
ffec fb9f 034b ffaf 0029
092b fcee 034b 035a 0efc
f323 0cdb 034b f00b f63b
07d2 0aef 034b 0b36 046e
0665 f402 034b 07a2 0528
02bf f8a4 034b 009e 04e0
0016 f50e 034b 04aa fb82
0761 ff3e 034b 0289 0c39
06aa 0782 034b 0be3 0171
f4ff f3f3 034b f711 f2ed
f902 f3ac 034b f49d fd67
01fb 0238 034b 01af 0247
07d3 fecb 034b 095c 064a
ff79 fd02 034b 058d f965
093a f9d4 034b 05d7 0c9d
036d 096a 034b ffc9 0711
0053 0411 034b 0500 fba6
ff97 07b1 034b fd01 022d
0166 0a33 034b fd03 05c9
fd1b 0039 034b 01bf f877
f697 002a 034b fc10 f11e
0588 05c1 034b 070d 0403
076a 0098 034b 06c9 080b
08ba fc94 034b 07e7 098d
0c31 08ce 034b 06cd 1195
017d 088e 034b fd0c 05ee
0b46 0ac0 034b 0978 0d14
fbe7 f537 034b fb9b fc33
04f7 f5b0 034b 085c 0192
0998 0c6b 034b 04e9 0e47
fc08 f934 fb1d 00e4 f72c
0066 029c fb1d 06aa fa22
029c 0c4b fb1d fc27 0911
01a3 f46d fb1d 0155 01f1
0ad9 f954 fb1d 0c45 096d
f633 f935 fb1d f473 f7f3
046b 0928 fb1d ffb2 0924
fca9 0ad7 fb1d f727 022b
f87f f936 fb1d fd24 f3da
0805 f7fd fb1d 0dc7 0243
0812 fb17 fb1d 068f 0995
fdb3 06e8 fb1d 02d6 f890
099a 066a fb1d 0f45 03ef
038f fc1c fb1d 0685 0099
fae1 fd59 fb1d fc4c f976
fb0e fed9 fb1d fa3c fbe0
0acc 032a fb1d 0ed0 06c8
f496 f808 fb1d f2a9 f683
0595 f343 fb1d 0b48 ffe2
ff56 f831 fb1d ff82 ff2a
0b6e fad3 fb1d 1139 05a3
fe85 f550 fb1d f956 03b4
06ba f31f fb1d 034a 0a2a
f9b7 f584 fb1d fbf3 f77b
f882 f9c1 fb1d f4b9 fc4b
00f4 04e9 fb1d 0277 ff71
02f1 f7e2 fb1d 0519 00c9
0cca f692 fb1d 0c07 0d8d
fee8 03e1 fb1d 02c5 fb0b
04eb 07b5 fb1d 078a 024c
08cf f89d fb1d 0a62 073c
fe86 f3d4 fb1d fb26 01e6
046b 07a8 fb1d 01ef 06e7
f5c7 fd3b fb1d fa6b f123
f9e1 fc53 fb1d fd6f f653
f636 ff12 fb1d f5c5 f6a7
f8de 07d8 fb1d fe3b f381
f572 fded fb1d f3f8 f6ec
0796 0000 fb1d 0796 0796
086c f7ce fb1d 0cba 041e
00f7 03b7 0367 fafd 06f1
0752 f60b 0367 0c8d 0217
f445 09fe 0367 ee73 fa17
f61c f8f3 0367 f5ed f64b
fb47 f630 0367 00f9 f595
fd1b f313 0367 0193 f8a3
012d fe04 0367 fce7 0573
f937 f8f9 0367 fcf9 f575
faa5 fe40 0367 f6c6 fe84
f760 0b65 0367 f125 fd9b
017d f4cf 0367 fe88 0472
0271 f8df 0367 fdca 0718
f4cc 078a 0367 f6e7 f2b1
0797 f892 0367 068a 08a4
f50b fe86 0367 f3cf f647
f6bc fff2 0367 f635 f743
05f8 f7d9 0367 0298 0958
fdef 04b1 0367 fbcd 0011
fdaa 091a 0367 fe1e fd36
fa0d 0a30 0367 ff67 f4b3
091a 061a 0367 0c35 05ff
fbc4 fc82 0367 f9ac fddc
f9d6 ffae 0367 fc52 f75a
0b11 0609 0367 052c 10f6
0c2e 02b9 0367 1112 074a
ff70 f912 0367 fbc7 0319
fa23 f873 0367 fc90 f7b6
fe9c fc43 0367 00a5 fc93
01a0 0a22 0367 0673 fccd
f6c8 f75f 0367 f9f5 f39b
03a3 fc2d 0367 088f feb7
f3ed 033e 0367 f753 f087
f3cc 09d1 0367 f0ed f6ab
009a fba3 0367 05e6 fb4e
07b1 05af 0367 07b2 07b0
0a96 fd03 0367 08b5 0c77
0a95 021b 0367 0b61 09c9
f523 027e 0367 ef72 fad4
feef f380 0367 ff26 feb8
f7dc fd62 0367 fe34 f184
f40d fa82 060e efb3 f867
0c3e fd74 060e 0abe 0dbe
03de 0b9d 060e 0813 ffa9
094b 079b 060e 0b61 0735
0884 f8d8 060e 06ef 0a19
f70f 03b2 060e f965 f4b9
f75b 06f3 060e f364 fb52
036c 0965 060e 02a7 0431
014b f8af 060e fd62 0534
022a 0798 060e 0372 00e2
0185 0158 060e 0719 fbf1
f79b 0a06 060e f257 fcdf
f628 f745 060e f4d8 f778
0699 0685 060e 07ce 0564
f543 0b2e 060e f5b4 f4d2
f819 fe0a 060e f7d2 f860
f344 fe32 060e f962 ed26
f78f 0709 060e f529 f9f5
f46b 02dc 060e f5b4 f322
07b9 0935 060e 0715 085d
0ace 0bb5 060e 0872 0d2a
02e3 f9be 060e 0250 0376
fc11 f346 060e f970 feb2
0098 f675 060e ffd7 0159
08ba 0212 060e 0c2e 0546
f9e7 0079 060e fc04 f7ca
f42a ffd9 060e f6b5 f19f
049c f49b 060e 06c1 0277
017a 091a 060e 0699 fc5b
0193 feb5 060e fb26 0800
0468 05e7 060e 0aea fde6
09bf 00a6 060e 0aed 0891
f883 0072 060e fd15 f3f1
0c69 fc82 060e 06af 1223
fa48 0c87 060e fc3c f854
f791 093d 060e fd68 f1ba
f4ef f53d 060e ee84 fb5a
f5d2 0356 060e f527 f67d
07d4 0812 060e 0728 0880
f835 fbf1 060e f6ef f97b
f5a4 0806 0069 f1c5 f983
0c2c fda6 0069 0d3b 0b1d
f457 01f8 0069 ee50 fa5e
0183 f3c7 0069 02a1 0065
0680 0133 0069 0c3f 00c1
0447 f656 0069 fe00 0a8e
f9e6 0b68 0069 f801 fbcb
0c44 048f 0069 0736 1152
08e7 0783 0069 0e50 037e
fd42 f7c6 0069 fec2 fbc2
066a fc22 0069 04c9 080b
01c3 fb5f 0069 077f fc07
0c4f f425 0069 0e36 0a68
f7f9 f5e1 0069 f61d f9d5
0251 0358 0069 0056 044c
0c2d fda5 0069 08f0 0f6a
0ce2 09b9 0069 1298 072c
09dc 07f4 0069 06ab 0d0d
f495 059d 0069 f256 f6d4
f6e9 fd1d 0069 f479 f959
0a43 fad7 0069 03cb 10bb
f639 0ce3 0069 f75b f517
f3f9 fabe 0069 f71e f0d4
f582 f83d 0069 fb2f efd5
f7b5 0b74 0069 f55c fa0e
0bf6 f424 0069 0991 0e5b
fb3c 0191 0069 f4c3 01b5
fdb1 f773 0069 f9a8 01ba
f3ac f518 0069 f967 edf1
f90a fa10 0069 f5c0 fc54
f980 ff1a 0069 f984 f97c
0b2b 02d9 0069 09a6 0cb0
f81b f72a 0069 f27e fdb8
fddf 0a92 0069 ffb9 fc05
0681 f7c0 0069 083b 04c7
fc8a 00aa 0069 feca fa4a
070a f734 0069 0562 08b2
f571 0722 0069 fa2e f0b4
f4ba 0c45 0069 f328 f64c
f7ee 0153 0069 f822 f7ba
0b85 06d6 01a6 0776 0f94
fbd8 095e 01a6 fb3f fc71
0224 0963 01a6 030e 013a
fd80 0a85 01a6 fb11 ffef
ffd2 f60a 01a6 fc13 0391
0915 01a0 01a6 0a05 0825
07fb fa40 01a6 07aa 084c
fed3 00e7 01a6 fbd8 01ce
0076 0110 01a6 0213 fed9
f616 0986 01a6 f494 f798
ff24 0c64 01a6 f949 04ff
0846 0594 01a6 0d7e 030e
ffd3 fea0 01a6 0008 ff9e
03f1 056d 01a6 0292 0550
fddc 0a7c 01a6 fde8 fdd0
0633 0bdb 01a6 0089 0bdd
f6cb 0815 01a6 f2f4 faa2
fe15 0c4a 01a6 f82b 03ff
f520 f7e8 01a6 f575 f4cb
00bd f5d3 01a6 065f fb1b
0aaa 063c 01a6 0442 1112
0a89 08d5 01a6 0a21 0af1
083b fd33 01a6 021d 0e59
fb50 0165 01a6 fc9e fa02
0497 f647 01a6 fe7b 0ab3
f9b4 04ae 01a6 fa67 f901
fc37 0269 01a6 fe1b fa53
0b4d 003c 01a6 1070 062a
066d f4fa 01a6 0111 0bc9
03a4 ff4d 01a6 06bd 008b
0b7c 0330 01a6 1053 06a5
006f f3c5 01a6 fde1 02fd
f9e8 0762 01a6 f92a faa6
fea5 026b 01a6 fe8a fec0
0413 00ec 01a6 029b 058b
03dd 0ca7 01a6 02a9 0511
fcb6 f419 01a6 0159 f813
f7cd 08d1 01a6 fb63 f437
f996 0bc5 01a6 fce0 f64c
0b4e ff76 01a6 05fe 109e
04c2 ffe6 024b 077b 0209
07fd f9d9 024b 025e 0d9c
0b0b 0c3e 024b 0bf5 0a21
fc26 0127 024b fac4 fd88
0c9b 00bd 024b 0e52 0ae4
f827 077b 024b fc2e f420
0b26 ffd1 024b 1092 05ba
fa72 f37d 024b f741 fda3
f560 fa14 024b f214 f8ac
fdad f776 024b fd85 fdd5
fab5 013e 024b fe6b f6ff
0457 0752 024b fe28 0a86
0a34 08c9 024b 0f44 0524
f41a fb2b 024b f219 f61b
0a99 fd5f 024b 088d 0ca5
f579 0830 024b f60d f4e5
0015 f411 024b 0166 fec4
fe35 fc33 024b fd91 fed9
fb25 f9ef 024b fd39 f911
fb0a 0038 024b f82d fde7
07d8 f45c 024b 08cf 06e1
f655 0339 024b f277 fa33
ffdc 0326 024b f97b 063d
0c86 0c98 024b 0d04 0c08
f7da 0416 024b fd5a f25a
fd4f 05f6 024b 008f fa0f
f612 08b3 024b f36f f8b5
fcdd 0169 024b f892 0128
0ba1 f7fe 024b 083c 0f06
fd9f 06ed 024b fa83 00bb
f40e f64d 024b ed7d fa9f
06a8 fc1f 024b 061c 0734
f996 f77b 024b f968 f9c4
08db 08aa 024b 03a9 0e0d
0307 fb50 024b 08a7 fd67
0b94 02bd 024b 05b1 1177
f54c 0b78 024b f1f0 f8a8
0366 f668 024b 0482 024a
ff26 f998 024b f9d5 0477
f8f9 f613 024b fa7b f777
fcd2 04f3 00b1 f954 0050
fed0 f838 00b1 fb33 026d
f998 05e7 00b1 fc5e f6d2
05ba 09a6 00b1 0abe 00b6
ff09 09dd 00b1 f9bd 0455
01df 082d 00b1 ff8d 0431
0bd4 033c 00b1 0ca0 0b08
f70b fb37 00b1 f2a9 fb6d
0443 f9c8 00b1 03ac 04da
f8f7 f699 00b1 f524 fcca
ff7d f9bd 00b1 00f6 fe04
0438 027a 00b1 0261 060f
0679 09d2 00b1 033d 09b5
fba5 04fd 00b1 f647 0103
03fa fb96 00b1 07ca 002a
0ba0 07ac 00b1 077c 0fc4
0a20 05cf 00b1 0465 0fdb
f98b ffdd 00b1 f31a fffc
fb22 f4d1 00b1 fec9 f77b
f667 074d 00b1 f712 f5bc
0a53 fda8 00b1 05ca 0edc
f560 00c9 00b1 f6b3 f40d
f6e6 fd61 00b1 f2ac fb20
0a6b 09a6 00b1 0f6f 0567
0a29 f521 00b1 0bd1 0881
fe00 063d 00b1 fda7 fe59
f976 f414 00b1 f98a f962
f792 f6b8 00b1 faf0 f434
079d fb58 00b1 0a0c 052e
f3e1 09e6 00b1 f9e6 eddc
0934 faee 00b1 0581 0ce7
fa3c 032d 00b1 fdd8 f6a0
fc7d 0a30 00b1 01a3 f757
fa82 f68b 00b1 f94f fbb5
fdb2 f3ad 00b1 0415 f74f
00bb 03bc 00b1 0389 fded
0054 f76b 00b1 fc24 0484
f442 f9be 00b1 f58b f2f9
f604 f431 00b1 f0a8 fb60
f948 f3ee 00b1 f37b ff15
0252 f3ae ff15 058d ff17
fab0 071e ff15 f47e 00e2
f62d f6fd ff15 f013 fc47
0892 0943 ff15 07e7 093d
ff53 0823 ff15 fc9c 020a
0935 f53c ff15 0a92 07d8
0ca3 0288 ff15 113e 0808
08e7 fea0 ff15 0da0 042e
fa27 ff32 ff15 f4b7 ff97
f7a0 f3dc ff15 fdb6 f18a
00a3 09c7 ff15 0313 fe33
fb5b fc29 ff15 fdf1 f8c5
fe44 fb31 ff15 fc33 0055
0529 f4c2 ff15 ff84 0ace
fb68 0a95 ff15 f647 0089
0919 0c3a ff15 0a08 082a
fe4c 090c ff15 ff96 fd02
031a fc22 ff15 ff51 06e3
00d6 f3d4 ff15 ffa4 0208
f6ca f6b1 ff15 f98a f40a
0773 084d ff15 03f3 0af3
0bdc f70b ff15 057f 1239
09ba 00fd ff15 05ed 0d87
0b0d faf2 ff15 10aa 0570
f57d 0086 ff15 fa6a f090
063d f9c0 ff15 066d 060d
0604 09e3 ff15 07ee 041a
0bde 019c ff15 09bd 0dff
0c13 f893 ff15 0b63 0cc3
ff10 ff15 ff15 f93d 04e3
0189 f670 ff15 fd24 05ee
fb6c 09f4 ff15 ffce f70a
ff66 044f ff15 0200 fccc
0833 06ae ff15 0419 0c4d
01f0 0bbf ff15 07f5 fbeb
f59d fd79 ff15 f1eb f94f
03a5 ff1c ff15 0431 0319
09f6 0b39 ff15 0b0e 08de
f4f1 0612 ff15 f1e6 f7fc
05c1 f7b0 ff15 0686 04fc
000a f715 fedd fa14 0600
f888 06f9 fedd fd47 f3c9
0544 0ac3 fedd 00ae 09da
fb7c 01ce fedd fa6b fc8d
fc48 fb8d fedd 00af f7e1
071f f8b9 fedd 061a 0824
0cdf 0542 fedd 0895 1129
fef2 f38f fedd fb11 02d3
f8b4 f349 fedd f62b fb3d
0036 0c17 fedd fe63 0209
fcf1 0a10 fedd fce8 fcfa
fa5b 0654 fedd f8fb fbbb
0ac4 0b4e fedd 0d8b 07fd
fdf5 f7e0 fedd f94d 029d
0491 ff85 fedd 0571 03b1
09d7 0043 fedd 0ca4 070a
f950 f4b9 fedd fe34 f46c
02c8 fa9e fedd 0399 01f7
0ad8 f6c3 fedd 09cd 0be3
ff81 093c fedd fd98 016a
0c2c 0bfa fedd 0fbc 089c
0b14 fde9 fedd 04a1 1187
fa28 09e8 fedd f908 fb48
ff65 f556 fedd ffc9 ff01
f450 f74e fedd faa2 edfe
fd2b f8f7 fedd fd30 fd26
f982 0c4a fedd ff40 f3c4
f76c fa17 fedd fcb0 f228
022b f99e fedd 0136 0320
0811 f4d5 fedd 049e 0b84
f69c f844 fedd fb2e f20a
f7f7 feca fedd f2c5 fd29
0876 0399 fedd 0a79 0673
f88f 07f0 fedd fe82 f29c
fa8b 0888 fedd fa3b fadb
f3a1 f51b fedd eed6 f86c
03dd f69d fedd 07a3 0017
ff89 05e1 fedd fca7 026b
00c9 028d fedd 0499 fcf9
f9c2 0526 fedd fdcf f5b5
0c01 fb71 fe34 0ea1 0961
05d5 fc0f fe34 ffb6 0bf4
06d3 01d3 fe34 0ca9 00fd
f41e f8db fe34 fa23 ee19
f355 fd58 fe34 ee2d f87d
f500 f838 fe34 f3aa f656
fe2f fc44 fe34 fc4a 0014
f591 f6cf fe34 f6d9 f449
0517 fc1f fe34 03ae 0680
f930 03ba fe34 f73e fb22
fc62 038a fe34 f94f ff75
f6af f346 fe34 f675 f6e9
fcbd 090a fe34 f81a 0160
f66c 062d fe34 f568 f770
04f8 0cf2 fe34 08ae 0142
0cd9 0ad3 fe34 07da 11d8
fa52 0a97 fe34 f72a fd7a
06e1 fa55 fe34 0a69 0359
0412 fe67 fe34 058f 0295
ff56 0b14 fe34 fb99 0313
fd00 f60d fe34 02ee f712
f5c8 05c1 fe34 f57a f616
f587 0716 fe34 f338 f7d6
06da fcd9 fe34 0b71 0243
f9ea fc75 fe34 f491 ff43
fa35 0b5a fe34 fad3 f997
0af1 0cca fe34 0fe1 0601
f41c f5ff fe34 f92b ef0d
f7c4 fa82 fe34 fd2b f25d
087b 0964 fe34 0796 0960
f923 fe03 fe34 fdb1 f495
0816 f758 fe34 05d1 0a5b
fc79 09d3 fe34 fa20 fed2
0190 0894 fe34 0472 feae
09b4 0bd1 fe34 0b39 082f
0663 06a5 fe34 01b1 0b15
043f f5dc fe34 00a0 07de
03ed 0a53 fe34 0041 0799
047f 01d0 fe34 fe12 0aec
f8e9 0221 fe34 f874 f95e
f46a 060a 0626 f6b8 f21c
fe43 f396 0626 fb1b 016b
07ca fa24 0626 0e15 017f
fa45 fdbe 0626 f402 0088
fdec fdb9 0626 fdcb fe0d
07d6 059d 0626 0dcc 01e0
07ad f373 0626 0870 06ea
035f 0b18 0626 04fb 01c3
0a6f 0358 0626 0dd0 070e
fdfe f500 0626 f8f4 0308
f6bb fcdf 0626 f0e9 fc8d
009c fb13 0626 ffd7 0161
f681 05db 0626 f170 fb92
0c57 fde8 0626 0694 121a
fd42 f801 0626 fe47 fc3d
088a 0b8e 0626 0875 089f
02d3 04be 0626 093a fc6c
f7d5 0843 0626 fe6f f13b
0821 f8b9 0626 0487 0bbb
fd93 fccf 0626 fe60 fcc6
fd4f fbee 0626 0101 f99d
fae3 00c6 0626 ff1a f6ac
f78a 07e4 0626 fda1 f173
0b0d f3a4 0626 10bb 055f
f371 0a7e 0626 eee2 f800
f455 fa3b 0626 f86c f03e
f575 0bfa 0626 f2f2 f7f8
04c7 0492 0626 0021 096d
05c7 fa1c 0626 08e1 02ad
fe6a 0780 0626 fd1f ffb5
fd5e f65e 0626 f829 0293
00c3 fc70 0626 010d 0079
fa12 f4b8 0626 ff52 f4d2
013e fcbe 0626 fce3 0599
f817 fa9e 0626 f7c9 f865
0a81 04e8 0626 0467 109b
f3d0 0adb 0626 f238 f568
07fb 00e7 0626 0abb 053b
09c6 f683 0626 0b33 0859
f44f fcfe 0626 ef7a f924
0694 040c 0675 08d7 0451
f39d fa3d 0675 eea6 f894
0393 f8d4 0675 01ed 0539
fedd 0077 0675 ff36 fe84
09c2 05fc 0675 049e 0ee6
fcc8 0520 0675 fd56 fc3a
0289 076b 0675 008b 0487
063b 0305 0675 0909 036d
f8c9 0030 0675 f87d f915
09b5 fcbe 0675 085d 0b0d
f90f 0119 0675 fee8 f336
0c11 0b23 0675 0cdb 0b47
f7f9 f6f6 0675 f71d f8d5
fb3c f914 0675 f4db 019d
f870 feb2 0675 f856 f88a
ffde fe41 0675 05e2 f9da
03d2 0194 0675 05a8 01fc
06d8 f6bc 0675 042d 0983
0b02 fa86 0675 0482 1182
0a19 09f3 0675 0419 1019
03c9 0b05 0675 fe42 0950
00aa f655 0675 0638 fb1c
fd71 f948 0675 ff69 fb79
05f2 fdfe 0675 06f5 04ef
01a8 ff77 0675 07ec fb64
024c f93f 0675 0112 0386
0bc5 0221 0675 0ffc 078e
0a83 017a 0675 0ead 0659
f5df fc77 0675 f3e2 f7dc
04da f627 0675 0886 012e
0275 0061 0675 00c6 0424
fd4e fa71 0675 00b0 f9ec
f3cc 089e 0675 f553 f245
04d0 062b 0675 0077 0929
f876 f451 0675 f434 fcb8
0cce f4c6 0675 0b13 0e89
0b47 00d0 0675 05a8 10e6
0ad5 02df 0675 100a 05a0
0143 fd99 0675 fb50 0736
fb27 fdae 0675 f853 fdfb
07fd 09b6 ff0a 04bf 0b3b
fc2d 0bee ff0a 0055 f805
09f1 02a1 ff0a 0da0 0642
f8a1 f4a8 ff0a fe07 f33b
00a2 09a4 ff0a faaf 0695
044e fce9 ff0a 08e2 ffba
fa2c 0868 ff0a f8b7 fba1
0aee 090a ff0a 07d4 0e08
fe40 0655 ff0a 0176 fb0a
088d 0546 ff0a 0384 0d96
f911 fe6f ff0a f747 fadb
f98d 0bef ff0a f75b fbbf
0027 0488 ff0a 058e fac0
f844 fac7 ff0a f8c1 f7c7
050a 0b68 ff0a 020c 0808
032a 03bf ff0a fdd8 087c
f542 fe0f ff0a f209 f87b
0a76 fb92 ff0a 08f8 0bf4
f404 f543 ff0a f037 f7d1
fe4c 044b ff0a 0107 fb91
fd67 fcf4 ff0a fd22 fdac
fe66 f88b ff0a 03e4 f8e8
fea2 0526 ff0a 01ca fb7a
0580 ff35 ff0a 077b 0385
f498 0bfd ff0a f481 f4af
0152 fac0 ff0a 0742 fb62
081b 0ac7 ff0a 0d69 02cd
f31f fc51 ff0a edd8 f866
feee f40c ff0a f9df 03fd
073c fad4 ff0a 032d 0b4b
fae1 0217 ff0a f6d0 fef2
f649 f646 ff0a f8ed f3a5
f4ce f91e ff0a efe5 f9b7
ff00 f9ae ff0a 02be fb42
06cf ffa5 ff0a 0ca1 00fd
06a2 f5e7 ff0a 017d 0bc7
fa20 ff67 ff0a f69f fda1
f317 f639 ff0a ed46 f8e8
fd88 0cc3 ff0a 0136 f9da
0059 0440 ff0a faec 05c6
0c4c f697 030a 0fcc 08cc
f657 f98a 030a f289 fa25
05f0 08f7 030a 0873 036d
f7c1 fda7 030a f6f0 f892
f543 024f 030a f69b f3eb
fcae 0bfe 030a f6d5 0287
fd20 fbf0 030a fff4 fa4c
fdb6 f6ac 030a f99a 01d2
f88d 0be8 030a f3dd fd3d
fde2 ffea 030a ff0b fcb9
faca fa26 030a fbc3 f9d1
002f 08f3 030a 02e8 fd76
f516 fb50 030a f359 f6d3
00a2 097c 030a 02a2 fea2
0bc2 f468 030a 0c3a 0b4a
0896 f805 030a 05ca 0b62
fd21 0805 030a ff66 fadc
f49f 0bc6 030a f1ba f784
fca0 ff4e 030a f902 003e
fd49 fc2f 030a 034b f747
0c5a 0b95 030a 128b 0629
0997 fefb 030a 03d9 0f55
f36e 058f 030a efe9 f6f3
f3e9 00e1 030a ee8c f946
fa1b fd12 030a faa5 f991
f35c 043c 030a ee36 f882
ff4a fcd9 030a fc55 023f
0c2a 036c 030a 11fc 0658
ffe0 fdbf 030a fdcb 01f5
f6d1 0ab7 030a fbb6 f1ec
f975 0429 030a fbd0 f71a
0c59 fe2b 030a 1193 071f
0514 f7fa 030a 095d 00cb
fc53 0005 030a 0290 f616
01e3 f9c3 030a 0194 0232
01da 04b5 030a fcd3 06e1
0600 fc7b 030a 0800 0400
fae0 fd16 030a fb34 fa8c
f417 f882 030a f134 f6fa
faa7 fd92 030a f471 00dd
06b2 03ce 0487 06c8 069c
02b5 f4df 0487 0483 00e7
f88a f440 0487 f7a2 f972
fc5a f4f9 0487 fb54 fd60
0a21 0b32 0487 0b7a 08c8
0549 074e 0487 00f0 09a2
f8b3 f8d3 0487 f875 f8f1
f4e1 02ba 0487 f1fa f7c8
fbe8 0a65 0487 008c f744
f5ad 0064 0487 f2cd f88d
046a f41a 0487 05a4 0330
fbd3 088e 0487 f8ae fef8
005a 0714 0487 0150 ff64
fc20 03ea 0487 022b f615
0172 fe38 0487 0108 01dc
fde2 fed9 0487 fbf6 ffce
f4e0 019e 0487 f2db f6e5
f340 0475 0487 f22d f453
fa60 f7ff 0487 ff30 f590
0a8e 019a 0487 10f9 0423
0b12 f8a8 0487 0a81 0ba3
0bfb fcf7 0487 0c79 0b7d
fc78 0269 0487 fb60 fd90
0342 fd16 0487 0361 0323
ffdb f707 0487 faa2 0514
f402 0b4a 0487 f6bf f145
fbb9 098c 0487 f5f5 017d
05eb fbd9 0487 0b83 0053
fbe5 f727 0487 0132 f698
fe0d fc0c 0487 0019 fc01
ffba f328 0487 0445 fb2f
f6ff 0827 0487 fd0e f0f0
00c3 ffb0 0487 0076 0110
0adc 096c 0487 0793 0e25
f5c9 0cc9 0487 f6e0 f4b2
02e5 025c 0487 0337 0293
02a1 f8b0 0487 fe31 0711
0954 09ad 0487 0bfa 06ae
f8f9 0869 0487 f5da fc18
ff54 f583 0487 f94c 055c
fefe 061e ff6d f95a 04a2
fd32 0ad1 ff6d fdef fc75
0570 f9d8 ff6d 0637 04a9
05ab 0842 ff6d 0675 04e1
f7f9 f4a4 ff6d fb28 f4ca
0783 fc0b ff6d 0282 0c84
05e2 0983 ff6d 003c 0b88
fd09 fb79 ff6d ff0d fb05
f9be 0970 ff6d fe5c f520
0170 ff2f ff6d fd53 058d
f6b9 f4dd ff6d f51e f854
0405 f4cd ff6d 07a3 0067
0bd9 026c ff6d 0e48 096a
fdc7 093f ff6d fe12 fd7c
ff0e 0a0e ff6d 027d fb9f
0c35 fccf ff6d 0b7f 0ceb
09a1 0052 ff6d 0a7f 08c3
f6fd 013f ff6d fc95 f165
0577 02d0 ff6d 0484 066a
fb62 f699 ff6d 01a5 f51f
fb4a f4bb ff6d f627 006d
ffa4 fc60 ff6d 0377 fbd1
0c7e f9bc ff6d 0ca8 0c54
f418 069b ff6d f0ba f776
007a fd09 ff6d 01f7 fefd
f9fe 0498 ff6d f9be fa3e
0a2e 00fb ff6d 08b6 0ba6
0a28 0489 ff6d 091d 0b33
0172 014c ff6d 06dc fc08
0c08 0905 ff6d 0a20 0df0
fcc5 f9b5 ff6d 0008 f982
f3df feaa ff6d f699 f125
0743 0af3 ff6d 0b88 02fe
09e4 06f4 ff6d 044b 0f7d
0835 f48f ff6d 07ae 08bc
fdbc 04ad ff6d 0132 fa46
f552 fb16 ff6d f4b4 f5f0
f7dd 0c35 ff6d fcaf f30b
0b37 0069 ff6d 10c4 05aa
0ad4 0376 ff6d 0c96 0912
f665 047a fcf7 f41f f8ab
f864 ffec fcf7 f723 f9a5
0352 049b fcf7 0511 0193
fb6f f96c fcf7 f749 ff95
0c44 fcaa fcf7 0ea4 09e4
057a fb96 fcf7 0627 04cd
f972 0b44 fcf7 face f816
055b f722 fcf7 ff94 0b22
0bd1 08a0 fcf7 0c68 0b3a
0663 fdfd fcf7 09dc 02ea
f58b 0893 fcf7 f35e f7b8
08bb f91b fcf7 055b 0c1b
09e8 0123 fcf7 0fcc 0404
fac8 fa42 fcf7 0026 f56a
0ab4 0663 fcf7 0c6e 08fa
0896 0563 fcf7 09de 074e
0066 f97d fcf7 01de feee
f92c 03c9 fcf7 f441 fe17
f48a f9ef fcf7 f941 efd3
fae8 0372 fcf7 ff7d f653
fa6c 05bc fcf7 00a2 f436
0206 0d00 fcf7 07d0 fc3c
f92e f3fe fcf7 ff6a f2f2
ff93 fae7 fcf7 ff08 001e
066a fe00 fcf7 0586 074e
f819 0645 fcf7 fe72 f1c0
fc2f 0179 fcf7 fe5d fa01
03af 0362 fcf7 09dd fd81
feb6 f9bb fcf7 f85d 050f
f4b2 f342 fcf7 f6f2 f272
fac3 f7d2 fcf7 fd6b f81b
f38c fdf4 fcf7 f71b effd
fda6 fd7d fcf7 00e6 fa66
059a 001d fcf7 06c5 046f
f406 042e fcf7 ef96 f876
fd49 f85b fcf7 0014 fa7e
0a81 041b fcf7 0c07 08fb
f4c0 03c0 fcf7 efeb f995
fb56 fd28 fcf7 fc82 fa2a
fbc7 fa2f fcf7 fa1a fd74
06ae fa2b 05cb 0741 061b
0531 0b7e 05cb 0978 00ea
022d fd5b 05cb 0757 fd03
fdf1 f6d2 05cb fd81 fe61
0398 f86c 05cb 0663 00cd
f88d 00f4 05cb f5a7 fb73
00c1 f4d1 05cb 042c fd56
f3da fec6 05cb f684 f130
faaf 075a 05cb fd45 f819
0110 0b17 05cb ff6c 02b4
0b26 f880 05cb 0a4b 0c01
05d4 0b10 05cb 042a 077e
ffcc ffe9 05cb 054b fa4d
0011 0623 05cb 0378 fcaa
0b62 0639 05cb 0592 1132
0b83 fbc3 05cb 07e1 0f25
04c0 f7db 05cb 017c 0804
05f5 fa16 05cb 0676 0574
0978 fcc4 05cb 0c45 06ab
0c40 0745 05cb 0ec4 09bc
fae3 0afe 05cb f74e fe78
fd11 f8f6 05cb f8e4 013e
f473 070e 05cb fa7f ee67
f7e1 0a11 05cb f738 f88a
0276 04e8 05cb 04cf 001d
05ae f76f 05cb 03e9 0773
0cbf 0442 05cb 08f7 1087
0b0c 044c 05cb 0571 10a7
010b f365 05cb 033e fed8
f8ee f3a7 05cb f97e f85e
086e 0921 05cb 0c8a 0452
fad9 0862 05cb f6e3 fecf
f8c2 f8de 05cb f65c fb28
000f 05de 05cb f9f1 062d
0b47 f90b 05cb 072c 0f62
f923 0583 05cb ffb8 f28e
03e3 f942 05cb 0941 fe85
fe91 fd2e 05cb f86f 04b3
f810 f71f 05cb f7e2 f83e
f697 f69e 05cb f7d6 f558
fb48 039f fda6 f91c fd74
fc17 f7e4 fda6 fada fd54
f377 0b56 fda6 ee4b f8a3
08a1 04d9 fda6 03ed 0d55
fd3d fb04 fda6 fd41 fd39
fe1d f3a9 fda6 f904 0336
0546 0566 fda6 ff05 0b87
fbbc fb42 fda6 fe7b f8fd
0708 f9f4 fda6 0233 0bdd
fe31 091b fda6 fe49 fe19
f5d2 0b19 fda6 f3a0 f804
08c1 0c7e fda6 025b 0f27
ff66 ff39 fda6 fb0a 03c2
f3ac fd3e fda6 f5b8 f1a0
0579 0022 fda6 0474 067e
f8e9 0b78 fda6 f2b8 ff1a
0b12 0acd fda6 1146 04de
07de 0c28 fda6 04d0 0aec
076f 0904 fda6 064e 0890
04d0 043b fda6 08ac 00f4
ff7d 03f9 fda6 03cc fb2e
0087 fc38 fda6 02c8 fe46
fca9 ff97 fda6 fb9a fdb8
0b04 0275 fda6 0ba9 0a5f
fb77 f8ef fda6 fc8c fa62
0173 01a8 fda6 0281 0065
f866 0789 fda6 f2f4 fdd8
fea2 080a fda6 012d fc17
0112 f8fb fda6 059e fc86
f96e 0176 fda6 fb38 f7a4
05a3 f368 fda6 06b2 0494
04a2 f7d7 fda6 073a 020a
0bfe 04b3 fda6 0b7d 0c7f
0612 044b fda6 0a37 01ed
09d5 f5da fda6 076b 0c3f
f57a 00e5 fda6 eefe fbf6
fee3 f557 fda6 0314 fab2
0c3d 01fb fda6 05d5 12a5
04b6 0005 fda6 073d 022f
0912 ff3d fda6 0e89 039b
08db f916 045f 0d5a 045c
044d f6aa 045f 032c 056e
0410 f94a 045f 0831 ffef
03cd f468 045f 08c1 fed9
fc9c fa5a 045f fad1 fe67
f92c ff8c 045f fdfe f45a
09d1 f74a 045f 0a8f 0913
099a 0c47 045f 07ea 0b4a
0031 0ad5 045f 031e fd44
098f ff31 045f 0885 0a99
f371 0283 045f f367 f37b
0c0f 0336 045f 1242 05dc
033d f46d 045f 08a8 fdd2
062e f478 045f 0a05 0257
0364 f8ac 045f 00a2 0626
0740 f8b2 045f 0273 0c0d
0579 0355 045f 0bf4 fefe
0bf3 05d5 045f 0ce9 0afd
feda faa0 045f 0391 fa23
f62e 0238 045f fc2c f030
04ad 041e 045f 013c 081e
0531 fda6 045f 0671 03f1
fbe7 0707 045f fcb4 fb1a
067e fe25 045f 0158 0ba4
f75a fc01 045f fb13 f3a1
fa94 f5e8 045f fed2 f656
f9d4 f8be 045f fdf2 f5b6
003a 027e 045f ffb9 00bb
fc04 f4f0 045f fe02 fa06
058b fbf5 045f 0059 0abd
f32c 0b88 045f ef55 f703
0c2d 0052 045f 0e99 09c1
f964 ff2a 045f fce7 f5e1
f44c 0bbd 045f fa96 ee02
fe0e 045f 045f 00a8 fb74
fb2b 0570 045f f557 00ff
fee2 0a02 045f fdcc fff8
f565 0b3a 045f f21b f8af
0b37 ff46 045f 0987 0ce7
0526 ffa4 045f 01cc 0880
0c4c 01d4 f9ca 0c64 0c34
fe32 024b f9ca f8a5 03bf
f6d1 068b f9ca fcd2 f0d0
fc47 0c9c f9ca f5ec 02a2
08ca f581 f9ca 09eb 07a9
013e 009a f9ca 06f1 fb8b
f6c5 00eb f9ca fa7c f30e
f328 03ad f9ca f8ae eda2
faaf f3e9 f9ca fabb faa3
0afa f7fd f9ca 113c 04b8
f7db fd3e f9ca f60c f9aa
0846 f808 f9ca 02dd 0daf
fa93 f575 f9ca f6b3 fe73
0893 fdb2 f9ca 031f 0e07
0705 0af5 f9ca 0995 0475
ff47 f3c8 f9ca fb51 033d
f5be 0c8a f9ca fb63 f019
fed9 039a f9ca ffb3 fdff
00ed fb7d f9ca 03b2 fe28
fc71 fb71 f9ca fa35 fead
f4a4 0612 f9ca f8f4 f054
0176 fec1 f9ca 01bb 0131
f688 f55d f9ca f5a7 f769
0a63 ff8a f9ca 06b2 0e14
01a0 008e f9ca 0252 00ee
08ef fa0e f9ca 04f6 0ce8
0755 f667 f9ca 06d7 07d3
fa09 fc23 f9ca fa81 f991
ff4b f4e8 f9ca fe64 0032
01da 0af2 f9ca 066a fd4a
f64f ffd5 f9ca f4a2 f7fc
0c5f 0819 f9ca 08c9 0ff5
0174 fc63 f9ca 029a 004e
0bbb f942 f9ca 0db8 09be
0cb6 fc2d f9ca 0ad9 0e93
0af9 0258 f9ca 0e18 07da
f8b3 070c f9ca f6ba faac
fb76 fe1d f9ca f85d fe8f
fa35 f5b5 f9ca f703 fd67
fbb6 0981 f9ca ff33 f839
ff8b 0133 0284 fd82 0194
f755 f7b0 0284 f2d8 fbd2
ffd6 fc56 0284 fbb8 03f4
f623 0361 0284 f24f f9f7
ffbc fb97 0284 0327 fc51
0084 07b3 0284 06fa fa0e
ff6e 0789 0284 0459 fa83
03b9 fde6 0284 03c6 03ac
f4e6 0409 0284 f73e f28e
fe07 0503 0284 f799 0475
069f fbb7 0284 0c74 00ca
f45c f5f2 0284 fa1d ee9b
0748 0a0f 0284 0a8b 0405
057b f6e9 0284 016c 098a
fc52 f888 0284 01a0 f704
00a7 0a05 0284 04c9 fc85
0985 0b21 0284 0c52 06b8
fa6a 0ac8 0284 f410 00c4
0462 0af0 0284 078d 0137
f418 0007 0284 f22f f601
f613 f307 0284 f02d fbf9
0506 0181 0284 03ff 060d
0aa9 f61f 0284 05fe 0f54
0283 0416 0284 0506 0000
f6bc ff65 0284 f0bb fcbd
fd20 fe1f 0284 f6e9 0357
0a11 02f0 0284 0ec8 055a
f799 0087 0284 f257 fcdb
0c6c 01e1 0284 12a3 0635
01a0 f447 0284 06dd fc63
fd6b f456 0284 fad9 fffd
0813 ffc3 0284 0449 0bdd
f3c8 08ec 0284 fa49 ed47
0998 069c 0284 0a73 08bd
f3a3 0c63 0284 f999 edad
fea9 0bb2 0284 fb55 01fd
f618 fd79 0284 fbbd f073
fafc 08b4 0284 f6c3 ff35
f6ce f659 0284 f4e3 f8b9
fa43 f550 0284 fbec f89a
092d fb6e fc98 0fac 02ae
f921 0353 fc98 f8d1 f971
0a38 fbe7 fc98 0b3b 0935
fb43 fd92 fc98 f6e4 ffa2
0095 00cd fc98 0180 ffaa
05b3 fc0e fc98 00dc 0a8a
f9a2 06af fc98 f3a8 ff9c
fa50 f668 fc98 fb5e f942
050c 08a2 fc98 02e4 0734
f8d1 fe75 fc98 f6bb fae7
f3ec f9d5 fc98 f519 f2bf
f998 f82d fc98 f5b3 fd7d
0c86 f6ff fc98 0798 1174
0ae2 0697 fc98 0a82 0b42
f3a2 fff0 fc98 f75e efe6
f651 fcd6 fc98 f6d0 f5d2
0506 f65f fc98 0b6e fe9e
0abd 0716 fc98 09fb 0b7f
04e7 fab6 fc98 0254 077a
057e 0616 fc98 ff77 0b85
ffc1 f613 fc98 fde4 019e
0709 fb22 fc98 0543 08cf
fe4b 094a fc98 fbf0 00a6
041f 0751 fc98 05d9 0265
01c3 fa51 fc98 0001 0385
f73f 0788 fc98 fc64 f21a
00c4 0618 fc98 00c6 00c2
fd37 f741 fc98 fc63 fe0b
0a92 09c1 fc98 09b3 0b71
0901 0a7d fc98 0344 0ebe
f839 fcd0 fc98 f39e fcd4
09e9 fa18 fc98 0bb4 081e
f96d f670 fc98 f89d fa3d
0397 fec1 fc98 09c6 fd68
0cad fbc3 fc98 0916 1044
fcb6 059c fc98 ffa7 f9c5
066d fb04 fc98 0527 07b3
f8ec f819 fc98 f9b2 f826
fb45 fea2 fc98 f86f fe1b
0753 002d fc98 0693 0813
f52c 0b5b 015d f8e3 f175
0414 00bf 015d 0437 03f1
0c00 f48a 015d 1081 077f
fe30 f6dc 015d 03ef f871
034e 0b8c 015d 08f6 fda6
f3b3 f897 015d f690 f0d6
0510 072c 015d 055b 04c5
00ab 0ccf 015d 0267 feef
f3f7 0362 015d f6b2 f13c
fbce fa65 015d f6f7 00a5
fb2e f38d 015d f960 fcfc
0266 fde2 015d 0513 ffb9
f7bd 0cd5 015d fd6d f20d
0be7 089c 015d 0bea 0be4
f600 0141 015d f96e f292
fcc4 f973 015d fd33 fc55
f95a ff9c 015d fcd2 f5e2
0a7b 06c7 015d 04ea 100c
0a17 f9e8 015d 0996 0a98
000f f512 015d fece 0150
0be0 0471 015d 06c4 10fc
f4ae 07c5 015d f1bf f79d
fb51 002b 015d f94e fd54
f3ca f7e9 015d f90c ee88
05db 0101 015d 0a77 013f
0c25 ffe4 015d 0b09 0d41
0017 f83b 015d 0306 fd28
040e 0127 015d ff06 0916
026b 0aea 015d 055f ff77
0825 0b54 015d 0b95 04b5
f86d 06d2 015d fe71 f269
ff21 f82f 015d fa28 041a
04ff fec8 015d 077f 027f
fc22 004d 015d ff2f f915
0206 f64f 015d 05e6 fe26
f91d fc30 015d f799 faa1
f881 f32b 015d f2d1 fe31
09b2 f542 015d 0e0f 0555
019d f6bc 015d 07f3 fb47
0a14 ff7b 015d 04cf 0f59
0716 0b33 01a2 0aa6 0386
0066 ff8e 01a2 ff15 01b7
013c 0b24 01a2 00dc 019c
f857 fb2b 01a2 f386 fd28
fa85 0374 01a2 f5e6 ff24
f69e 070e 01a2 f226 fb16
f990 091f 01a2 fb51 f7cf
f682 fd3f 01a2 f380 f984
06d4 0c49 01a2 0d25 0083
0c15 02ab 01a2 111e 070c
f57b fcd1 01a2 ef9b fb5b
fca7 ff1a 01a2 014c f802
f5b5 feb6 01a2 fa1c f14e
fd34 f394 01a2 fab4 ffb4
0581 00b1 01a2 0527 05db
04e8 0872 01a2 0576 045a
fafd 04b6 01a2 f511 00e9
0cd7 07b3 01a2 0cac 0d02
009a f4fd 01a2 0470 fcc4
f6c0 fdba 01a2 f4d2 f8ae
f51b fce2 01a2 f8e5 f151
06bf f740 01a2 03ec 0992
faf6 f93a 01a2 fd86 f866
fe70 f6e1 01a2 fcaf 0031
00a5 04f6 01a2 fbeb 055f
0811 07b5 01a2 0da0 0282
020b f5c0 01a2 050d ff09
ff8b fdd4 01a2 fa09 050d
0703 0b61 01a2 0c3f 01c7
fa43 0217 01a2 f7a8 fcde
08b9 f872 01a2 0acd 06a5
f3a4 f517 01a2 f3e6 f362
026d f747 01a2 06a4 fe36
fa37 0009 01a2 f9fa fa74
f931 fb35 01a2 f700 fb62
ff14 08e9 01a2 0243 fbe5
feba fac0 01a2 ffa2 fdd2
00e9 f885 01a2 0560 fc72
04c2 f9da 01a2 0a4f ff35
0ac4 f3ae 01a2 04b0 10d8
f7f0 fc39 0149 f9f0 f5f0
fe4f 0096 0149 023c fa62
025b 0a41 0149 ff89 052d
f6f5 f591 0149 f5f9 f7f1
fc87 0c9f 0149 ff2a f9e4
fdba 09b7 0149 fc7f fef5
f983 012d 0149 fd7d f589
06a6 f42e 0149 02e0 0a6c
0571 029e 0149 09f9 00e9
012c 005b 0149 ffa7 02b1
fa4c f4bb 0149 f650 fe48
f524 f89b 0149 f650 f3f8
032e fe0c 0149 0319 0343
f664 f41d 0149 f379 f94f
072c 03b5 0149 09e7 0471
02ed 0450 0149 0336 02a4
f7c5 f658 0149 f2e4 fca6
0863 f662 0149 03c5 0d01
f8b9 0311 0149 f9c3 f7af
00bf 0559 0149 0177 0007
f842 f33e 0149 fb35 f54f
ffa6 fe72 0149 fa6f 04dd
00f9 f699 0149 044c fda6
f7ec fd38 0149 fa18 f5c0
f90b 0434 0149 fdcc f44a
0b6a f3f8 0149 08d4 0e00
0b7b f5bb 0149 10cc 062a
015c 0a61 0149 0494 fe24
0cd9 f5c1 0149 07eb 11c7
fdd7 f79e 0149 0418 f796
f943 0b52 0149 fee3 f3a3
054e 024e 0149 07be 02de
044b f8f6 0149 03f2 04a4
000a fe5b 0149 05ed fa27
08fb f4f0 0149 07af 0a47
ff0d f4df 0149 fe9c ff7e
f35d 0709 0149 f796 ef24
00f8 f379 0149 fc5c 0594
fd3b 06ef 0149 fe2c fc4a
f7cc fefe 0149 f63f f959
0728 05bf ff64 0ca6 01aa
f79d f749 ff64 fcbd f27d
fad1 0348 ff64 f5ed ffb5
f761 ff74 ff64 f3dc fae6
0a4c 0b73 ff64 09c4 0ad4
06bd f603 ff64 08af 04cb
f6ae fbdd ff64 f35f f9fd
065c 03de ff64 0274 0a44
0526 f565 ff64 0abd ff8f
09de f463 ff64 0571 0e4b
ff78 fc7d ff64 fa9c 0454
f94c 08af ff64 f8cd f9cb
f510 f86b ff64 f1b0 f870
f37f fe90 ff64 f85d eea1
f6d5 0cb9 ff64 f97b f42f
0bfb 00ae ff64 0c15 0be1
f803 0603 ff64 f6ab f95b
f52d 0bed ff64 f253 f807
f6ea 020d ff64 fa5c f378
ffac 06b9 ff64 f9cd 058b
01dd 0595 ff64 0266 0154
fb90 01fe ff64 fc4f fad1
fce6 fe39 ff64 01b7 f815
fd1d ff2a ff64 fa26 0014
fa9e 017e ff64 f767 fdd5
0447 0bf7 ff64 fee4 09aa
0281 08bf ff64 05c1 ff41
f5d8 fc24 ff64 fbd8 efd8
091d 02f4 ff64 0750 0aea
fcf9 fcd6 ff64 fa42 ffb0
fe1f 04c8 ff64 f81c 0422
00a3 fd98 ff64 05f5 fb51
f318 f4d6 ff64 f206 f42a
f648 0b14 ff64 fa54 f23c
091c 0b32 ff64 058d 0cab
0c0b 0cae ff64 102e 07e8
fec2 01bb ff64 fa62 0322
f60f 060b ff64 f016 fc08
0539 f82b ff64 ffde 0a94
011f 04f1 ff64 ff05 0339
f3e7 fe37 ffb5 f3f6 f3d8
fa8f 0633 ffb5 f510 000e
f964 0499 ffb5 f49a fe2e
f623 0cef ffb5 f014 fc32
f36d fdf0 ffb5 f7c3 ef17
fd30 f95f ffb5 0056 fa0a
ff6d 02d5 ffb5 fa36 04a4
0a5c 0307 ffb5 0d4e 076a
f9d7 f977 ffb5 f810 fb9e
f31e f3b1 ffb5 f6ae ef8e
f652 099f ffb5 f997 f30d
f958 f5a5 ffb5 f37b ff35
fff3 fd6e ffb5 03e0 fc06
0c0f 00e2 ffb5 05c5 1259
fe6b 0668 ffb5 fb97 013f
0044 0b92 ffb5 049c fbec
0671 067a ffb5 09ac 0336
0738 f652 ffb5 0567 0909
04d8 f7a9 ffb5 039c 0614
f592 f915 ffb5 f57c f5a8
fda8 fa7e ffb5 f735 041b
fc5a fcbe ffb5 01b9 f6fb
0a26 07b8 ffb5 1062 03ea
07e1 0c1c ffb5 06a8 091a
0099 06c7 ffb5 0192 ffa0
09dc 0b58 ffb5 0c05 07b3
04a9 0219 ffb5 09db ff77
016b f5d9 ffb5 fbb8 071e
fa15 0058 ffb5 f95c face
06d5 f423 ffb5 09c1 03e9
0566 f72f ffb5 0ac8 0004
f947 07e0 ffb5 fba3 f6eb
fe01 f6e0 ffb5 00a3 fb5f
fb12 f6e5 ffb5 fd38 f8ec
ff2f 090f ffb5 f8ff 055f
09a4 f7f1 ffb5 06a2 0ca6
07be f459 ffb5 02d5 0ca7
f448 fcae ffb5 f89a eff6
0417 045a ffb5 fd9a 0a94
0830 fd0b ffb5 0b4d 0513
0358 04d4 0331 04cc 01e4
fa3d f8e8 0331 f91d fb5d
fe5a fd5c 0331 02dc f9d8
facb faa6 0331 fc77 f91f
fa74 0bc2 0331 fd3c f7ac
f619 09a9 0331 f230 fa02
067e 016f 0331 019f 0b5d
f393 f961 0331 f9ea ed3c
04d3 f992 0331 0242 0764
03a7 07b1 0331 022e 0520
f6e9 f6e2 0331 fca0 f132
0c53 fa66 0331 081d 1089
01a6 06b7 0331 00c4 0288
fbc6 fcc5 0331 f53f 024d
f4ba 0a99 0331 f35f f615
fb8a 094f 0331 f9ec fd28
fad7 072f 0331 fb3c fa72
fdba 03bf 0331 01c2 f9b2
f3d6 ff9f 0331 f1d4 f5d8
099d 0813 0331 0355 0fe5
09da fb8a 0331 04d9 0edb
0400 07f7 0331 0686 017a
f423 062a 0331 f214 f632
0076 0192 0331 0417 fcd5
f769 01b0 0331 f19b fd37
ff89 f4ae 0331 008c fe86
f97a 03f3 0331 fa29 f8cb
04e4 0ac5 0331 02b4 0714
fe8f fec5 0331 0015 fd09
0bf6 0622 0331 0c6b 0b81
040e f713 0331 00dd 073f
0b6c fde0 0331 0d6f 0969
039d 0331 0331 0048 06f2
0ae8 f829 0331 0b53 0a7d
0b69 093a 0331 09e5 0ced
07b8 00a0 0331 096c 0604
f482 f3ed 0331 f7b1 f153
0636 0cc9 0331 0ad1 019b
07a6 0c82 0331 0212 0d3a
08b7 0268 0331 0a12 075c
059b fb28 0449 0603 0533
f65b f514 0449 f56d f749
0ce0 f848 0449 0c84 0d3c
fcb5 0cbf 0449 026f f6fb
0831 fd36 0449 09da 0688
f9c9 f7d5 0449 f46e ff24
033b 059e 0449 fea6 07d0
09f3 06ad 0449 0649 0d9d
068a f5c9 0449 04e1 0833
0c10 f9dd 0449 061e 1202
fef2 f9fc 0449 fe31 ffb3
fadb 03d1 0449 0053 f563
0439 09e9 0449 07ec 0086
f67f f934 0449 f4f8 f806
f37d 0979 0449 f31d f3dd
055f f3c0 0449 0854 026a
f43a fce3 0449 f20e f666
ffd5 f951 0449 fe8c 011e
f704 f3ed 0449 facc f33c
01db 088a 0449 01ba 01fc
f9f4 f76b 0449 ff5f f489
03c0 f618 0449 0907 fe79
fe9e 0aa2 0449 fe7b fec1
f384 0149 0449 f4eb f21d
0ae5 fd5e 0449 0782 0e48
027d f4cd 0449 016a 0390
f96b f567 0449 fc52 f684
00e4 05a0 0449 0142 0086
fbfb fa8c 0449 0077 f77f
04d9 04b6 0449 0b55 fe5d
0b6a 040c 0449 0d57 097d
f977 099f 0449 fc19 f6d5
f551 080f 0449 f667 f43b
09ce 003c 0449 0f3d 045f
02ee f380 0449 038f 024d
fef1 0632 0449 fc7e 0164
fb3d f5f3 0449 f97b fcff
0a08 f7d3 0449 0cbb 0755
fda5 f6d7 0449 00ee fa5c
f789 0739 0449 fc37 f2db
fc35 0315 025b f96b feff
f32f 0610 025b eec9 f795
fc92 fab4 025b 0014 f910
f5ba f91a 025b fad5 f09f
f83b fabf 025b f83d f839
0a93 058b 025b 0e36 06f0
012a f356 025b 0438 fe1c
0139 0c2c 025b fce2 0590
f344 fa96 025b f222 f466
fba2 f6c6 025b f7c5 ff7f
0bd6 fa49 025b 0932 0e7a
08be 0514 025b 0ec7 02b5
0bc9 fac6 025b 0f7a 0818
0261 05b5 025b 021c 02a6
087d 097d 025b 0c50 04aa
0be4 00eb 025b 093b 0e8d
fc31 084a 025b 01f1 f671
f99a f685 025b f8b0 fa84
01fd 03cb 025b 03f2 0008
f9cb 0a75 025b fa5e f938
0a00 0c63 025b 0e2b 05d5
f629 fe29 025b f386 f8cc
00ab fc66 025b fe7d 02d9
0a9d fb9a 025b 0ab0 0a8a
051d ff83 025b fec8 0b72
0ae0 0af9 025b 0876 0d4a
f9d9 0b40 025b fd37 f67b
04c0 fe0e 025b 0857 0129
0978 fd99 025b 055d 0d93
fa3a 031c 025b fb1f f955
f7fa f9da 025b f65f f995
fd70 0533 025b 0311 f7cf
0cfa 00bf 025b 0b50 0ea4
f4fe f3eb 025b fa4a efb2
0195 fbb8 025b 064c fcde
0934 0346 025b 0631 0c37
0bd6 fccc 025b 0f08 08a4
fc36 fe0c 025b fce4 fb88
f6fa 0c14 025b f6ba f73a
ffd0 085d 025b 00b3 feed
fd38 f7d9 0262 018f f8e1
f4aa ff10 0262 f2d2 f682
fece 08fa 0262 fba7 01f5
f366 0bde 0262 ed43 f989
f6fa 0a24 0262 f6fb f6f9
044c 044d 0262 03a7 04f1
061a 09ff 0262 08db 0359
f5e5 028b 0262 f1cb f9ff
f5a5 012a 0262 f8cd f27d
f7cd f99e 0262 f151 fe49
06a5 0b60 0262 0224 0b26
fded 0194 0262 faf6 00e4
f7c5 f543 0262 f7e4 f7a6
0654 fde1 0262 0375 0933
fbf3 f806 0262 fa22 fdc4
f60d 03df 0262 f03a fbe0
f3a9 0680 0262 ed5f f9f3
ff88 0046 0262 fbbc 0354
0b3f ff38 0262 0560 111e
fa50 ff7e 0262 fda6 f6fa
fa93 0afd 0262 f936 fbf0
0919 0531 0262 0f68 02ca
ffdd 084b 0262 0634 f986
fad7 070b 0262 fa63 fb4b
0091 0726 0262 019f ff83
fbda fb55 0262 fd82 fa32
fa8c 0b35 0262 fb59 f9bf
0471 01a5 0262 073e 01a4
fb9f f5b3 0262 0012 f72c
0967 f479 0262 0481 0e4d
0c48 0b97 0262 0a5e 0e32
004e fe65 0262 0640 fa5c
06ed ff11 0262 04a8 0932
f8e2 0388 0262 fe18 f3ac
0937 0cd0 0262 0412 0e5c
084c fc44 0262 0c39 045f
f917 020d 0262 f69f fb8f
f757 0cef 0262 f200 fcae
0153 f68f 0262 0321 ff85
0a49 021c 0262 0e6f 0623
0197 f578 052a 058f fd9f
f61c f582 052a fbb9 f07f
f86b fbc5 052a f878 f85e
f857 fc97 052a f3ea fcc4
fdc6 0946 052a 0345 f847
07c2 f7b6 052a 074b 0839
f74a f440 052a f95d f537
0372 0a5a 052a 0a1e fcc6
fa68 f6a5 052a fd29 f7a7
0350 09eb 052a 036f 0331
0178 fcc5 052a ff68 0388
f533 0b12 052a f852 f214
f35f f7cf 052a f084 f63a
facf f369 052a fa09 fb95
f3ea 0af3 052a f0a3 f731
f605 ff44 052a f3b6 f854
0ce3 0311 052a 1272 0754
057a 01c7 052a 08c8 022c
052a 08ce 052a 03ee 0666
fae8 08b6 052a fd87 f849
f49c 0ccf 052a f964 efd4
085b f453 052a 0c41 0475
f811 fb3e 052a f56c fab6
05f4 05a3 052a 0016 0bd2
0770 f7df 052a 0203 0cdd
0a29 fe16 052a 079a 0cb8
ff77 fab2 052a ffce ff20
09ba fc6e 052a 0a43 0931
f7f2 0a42 052a f578 fa6c
0660 ff48 052a 09ed 02d3
078f fc58 052a 01e0 0d3e
f68d f76e 052a f4a6 f874
f650 0bd7 052a fbec f0b4
05cb f81e 052a 01a0 09f6
f5d0 f997 052a f7ba f3e6
058d 016e 052a 0886 0294
04d1 0559 052a 0796 020c
ffab ff51 052a 0366 fbf0
f3cc 08a1 052a f1aa f5ee
02dd 0a5e 052a 0264 0356
fe11 f78c fafb fe86 fd9c
f638 f951 fafb f4db f795
fdd3 0060 fafb f769 043d
0509 093d fafb 0357 06bb
f531 f856 fafb f15d f905
fe40 0ce8 fafb fc66 001a
f727 022d fafb fd8e f0c0
fe78 f937 fafb fe4d fea3
f9c9 feb0 fafb f63a fd58
fb60 02d9 fafb fddf f8e1
fd13 099c fafb f803 0223
ff98 f7d3 fafb 04ca fa66
f5ae 0609 fafb f5ac f5b0
f773 f54d fafb f455 fa91
f595 0583 fafb fabc f06e
0c6d 0278 fafb 0b61 0d79
0757 f8af fafb 056c 0942
f3da f482 fafb f811 efa3
02e6 ffef fafb 02ae 031e
faa1 fc1e fafb f950 fbf2
ffc6 02f8 fafb fed8 00b4
094a 03f7 fafb 0ba4 06f0
0cc9 f9b7 fafb 0cbc 0cd6
03fa f74c fafb 0460 0394
facc 09e5 fafb f461 0137
fe76 fc28 fafb f8af 043d
f655 fb5a fafb f406 f8a4
005d 0b2e fafb 05d4 fae6
02ed ffd0 fafb 0622 ffb8
f70b 0bef fafb f9a3 f473
fa13 0015 fafb fb1c f90a
f81f 03e2 fafb f970 f6ce
f96c 0964 fafb f5ef fce9
f56f f5c2 fafb f9f1 f0ed
fc4d fd1e fafb fb38 fd62
f4d9 f6b2 fafb f653 f35f
018d f32f fafb fe58 04c2
0c55 f922 fafb 0b21 0d89
fb0d 05ce fafb f8c1 fd59
07c1 f8c9 fafb 04a4 0ade
0813 071d fa47 0b5e 04c8
fa5f 0c36 fa47 f490 002e
f6af f596 fa47 f9d5 f389
fcdd 0073 fa47 ff73 fa47
027f 01f8 fa47 07f3 fd0b
0737 f45b fa47 0d75 00f9
0656 0b2f fa47 0c07 00a5
f8fe 0199 fa47 f617 fbe5
f4ec 0abc fa47 f807 f1d1
0a98 08e1 fa47 0aef 0a41
037a fa8a fa47 078c ff68
fff7 f3be fa47 fed5 0119
f48b f9e5 fa47 f0f2 f824
f824 0aa9 fa47 fc2d f41b
f32a fc17 fa47 ed64 f8f0
059b f67c fa47 00ec 0a4a
06f2 06b8 fa47 04ea 08fa
fb5c f57d fa47 f577 0141
0367 0c3f fa47 060d 00c1
f9a8 045f fa47 f37f ffd1
f797 093b fa47 f179 fdb5
0aae 0059 fa47 0910 0c4c
ffdf 0ae8 fa47 fe16 01a8
03c9 fe67 fa47 06b0 00e2
067b feb3 fa47 05aa 074c
0ab7 0ab2 fa47 0a34 0b3a
09d7 058d fa47 0b7d 0831
01fc fce3 fa47 fd2e 06ca
fc5a 028c fa47 00b9 f7fb
f41c 041f fa47 f89c ef9c
fd1e fdaa fa47 f779 02c3
faf9 0877 fa47 012f f4c3
0761 fe54 fa47 0b36 038c
f9eb 000d fa47 fc05 f7d1
faf6 05b1 fa47 f76d fe7f
f6e8 0918 fa47 f122 fcae
07ba 0c45 fa47 0758 081c
0137 0a98 fa47 fc80 05ee
fc4e f85b fa47 0109 f793
0069 0c96 fa47 fe1e 02b4
0a3b f44b 0180 0af3 0983
f7fe 01fd 0180 f1bb fe41
0828 0007 0180 0e20 0230
0964 febc 0180 0810 0ab8
f40b f500 0180 fa7b ed9b
0951 fa7b 0180 066a 0c38
06cb 0354 0180 06ea 06ac
0cc8 f77b 0180 105d 0933
f97b f386 0180 f5b3 fd43
04a1 f4b1 0180 0a95 fead
0500 0777 0180 08fb 0105
06c9 f499 0180 0190 0c02
f7c3 01ae 0180 fe05 f181
fa07 0847 0180 fb2b f8e3
faa1 0b05 0180 fa50 faf2
03e7 fbed 0180 fed3 08fb
0cb5 0632 0180 08ef 107b
0c68 fa15 0180 1146 078a
f38e f5c8 0180 f7c3 ef59
f56a f902 0180 fbb9 ef1b
f8c6 f5a2 0180 f2df fead
09b5 03a2 0180 03e3 0f87
fcaf ff40 0180 fe4e fb10
f5f4 f5fa 0180 f65a f58e
fe9b 01b6 0180 0441 f8f5
0583 0146 0180 06b0 0456
0cda 036f 0180 116b 0849
fc4f 085b 0180 fbed fcb1
f499 fe73 0180 f254 f6de
fa5b 005f 0180 f99f fb17
f301 02c3 0180 f7ab ee57
fafe 0503 0180 facb fb31
07af 04e0 0180 03a6 0bb8
fe80 00b4 0180 fdcb ff35
fced fb61 0180 0283 f757
0198 0a62 0180 0731 fbff
f884 0841 0180 fa1d f6eb
fa52 00ef 0180 fb9f f905
08f3 0068 0180 0e08 03de
0240 f47e 0180 0596 feea
0c18 09a3 fb41 08d9 0f57
0ac0 04aa fb41 0e29 0757
f5f4 0266 fb41 f6ba f52e
0b2b 0b1f fb41 0c57 09ff
fdb3 fbbb fb41 fd8d fdd9
f770 0391 fb41 f163 fd7d
0a6c 0b42 fb41 0de2 06f6
05f0 fa71 fb41 00ed 0af3
fd0d fe77 fb41 f6ab 036f
ffc7 f6a6 fb41 fa0d 0581
f6c2 0598 fb41 fa21 f363
fe98 0648 fb41 048f f8a1
fbb0 01e2 fb41 fa84 fcdc
f624 fa20 fb41 f2e4 f964
fb5f f599 fb41 f700 ffbe
0556 f72c fb41 09dc 00d0
fe57 fc03 fb41 fe12 fe9c
062a 0895 fb41 001f 0c35
0b96 01cf fb41 098b 0da1
f495 f366 fb41 f325 f605
fd5d f4bf fb41 fe0e fcac
037c 0446 fb41 07c9 ff2f
f617 04b0 fb41 f868 f3c6
f826 f4af fb41 f76c f8e0
f61a 09f9 fb41 f8da f35a
022e 07f5 fb41 07f7 fc65
0839 f533 fb41 0971 0701
021c 0670 fb41 051e ff1a
072d 0594 fb41 06f1 0769
f98a fd3b fb41 f469 feab
f70b 0ced fb41 f205 fc11
0432 0494 fb41 0748 011c
f3a9 f31c fb41 f70b f047
f731 0bfe fb41 fb0f f353
f5bd 07dc fb41 fbbf efbb
07ac f312 fb41 088b 06cd
fa52 09a1 fb41 fbc6 f8de
fb25 060d fb41 f631 0019
0525 fb4a fb41 03ec 065e
0796 0667 fb41 0c3c 02f0
0507 f5b9 ff78 038a 0684
0b4b 029a ff78 08f1 0da5
051f 0748 ff78 0024 0a1a
094e 06c6 ff78 0b62 073a
0142 0a0d ff78 fb7e 0706
09f3 fb6e ff78 0875 0b71
0374 f898 ff78 0792 ff56
fda7 0886 ff78 fed0 fc7e
f795 0aed ff78 f7dc f74e
fa65 fb7c ff78 fd58 f772
ff72 f642 ff78 ff9f ff45
fb73 09f0 ff78 f88f fe57
fa93 002c ff78 fd63 f7c3
ffe4 febe ff78 01c5 fe03
0916 f81a ff78 0c3e 05ee
07d4 f93e ff78 0abc 04ec
02ff 079f ff78 0265 0399
f544 f612 ff78 faa6 efe2
0c40 0089 ff78 0dea 0a96
0738 fa87 ff78 03f7 0a79
f33f f342 ff78 f8b6 edc8
f758 06b4 ff78 fd00 f1b0
089d f8f1 ff78 0699 0aa1
0992 fbe9 ff78 054d 0dd7
fd00 06b7 ff78 f964 009c
fa7f f9e3 ff78 faf2 fa0c
f86d fc7d ff78 f686 fa54
f3c5 0ae1 ff78 f219 f571
05a2 fb2d ff78 012b 0a19
0516 f555 ff78 0907 0125
01fd 0c65 ff78 02a8 0152
00c3 0190 ff78 050d fc79
f3eb fa80 ff78 f4f2 f2e4
06b6 0306 ff78 08e6 0486
0158 0ca1 ff78 fec1 03ef
0414 fbcb ff78 0170 06b8
0276 041d ff78 0134 03b8
005c f8c9 ff78 0084 0034
0c29 0cb7 ff78 0afa 0d58
03a1 fa0d ff78 0466 02dc
0975 059b 04c2 0dc1 0529
fa13 f686 04c2 fc76 f7b0
fc02 fe77 04c2 f74c 00b8
fd7f 00ab 04c2 0338 f7c6
f8f4 fd00 04c2 fc74 f574
f486 fe07 04c2 f8fe f00e
0c19 f40d 04c2 0ade 0d54
0c4a 0518 04c2 0f04 0990
0591 fef1 04c2 08f8 022a
0628 041e 04c2 05b0 06a0
fb2c 019a 04c2 f4f8 0160
faf7 f643 04c2 ffd3 f61b
f6c0 0711 04c2 f502 f87e
0ceb 08e4 04c2 0b37 0e9f
fce3 f5a9 04c2 fe1d fba9
08bc 066f 04c2 07bb 09bd
fda0 02b4 04c2 0324 f81c
f4d1 fdf8 04c2 f2da f6c8
fffd 0b2e 04c2 fff3 0007
027b fd6f 04c2 fef9 05fd
06b1 f613 04c2 0bc5 019d
00f4 f93a 04c2 fbda 060e
f891 f5a7 04c2 fe23 f2ff
097a fe30 04c2 0fed 0307
f865 043c 04c2 f7ca f900
ffc8 fa9b 04c2 fb3d 0453
0261 f7cd 04c2 fcc6 07fc
035c f53f 04c2 00bc 05fc
0408 f757 04c2 07a2 006e
0610 f732 04c2 0c00 0020
fb9a f5d6 04c2 f61f 0115
f961 fc1e 04c2 f993 f92f
0094 f73b 04c2 fff9 012f
fa7c 08b0 04c2 f4af 0049
0a93 fdc5 04c2 0f58 05ce
fa87 f6ea 04c2 00cb f443
05ad 079b 04c2 034e 080c
f39e 0375 04c2 f616 f126
0b1e 0c54 04c2 09bd 0c7f
05e3 f4e4 04c2 05d8 05ee
061f f8b9 fac9 0ad4 016a
024b f56a fac9 ff25 0571
0015 0530 fac9 ffd7 0053
f849 f994 fac9 fa63 f62f
f504 0346 fac9 ef43 fac5
0160 0133 fac9 fee9 03d7
0742 f9e2 fac9 05f0 0894
070d 0a0f fac9 011e 0cfc
f326 027d fac9 f136 f516
09e5 f4ba fac9 0677 0d53
0907 0c75 fac9 0b2b 06e3
09ea 0490 fac9 04b0 0f24
0769 0c60 fac9 0c79 0259
f9cb fa18 fac9 fc1b f77b
00aa fd2c fac9 056b fbe9
06b9 0386 fac9 082a 0548
f7b4 f930 fac9 fd31 f237
fb51 0030 fac9 fa36 fc6c
f7a7 03fc fac9 f6eb f863
0113 fc5e fac9 fadc 074a
0334 0245 fac9 04b9 01af
000e 0cef fac9 fed8 0144
fda8 f489 fac9 f860 02f0
0602 fe94 fac9 08f9 030b
0409 0025 fac9 096a fea8
0751 f49e fac9 0c1e 0284
09ed f86c fac9 0802 0bd8
034a f7b2 fac9 fd87 090d
f73b fb88 fac9 f567 f90f
0256 fb93 fac9 0707 fda5
f848 057b fac9 f8c0 f7d0
f6e9 0596 fac9 f932 f4a0
fbb5 024c fac9 f7eb ff7f
0c84 f4c6 fac9 1290 0678
057b 091c fac9 0935 01c1
03c7 f729 fac9 0907 fe87
f821 00ec fac9 f3c7 fc7b
038f 0498 fac9 08fc fe22
08b0 0b71 fac9 093b 0825
f5b1 f456 fac9 f5a6 f5bc
03ec 0cef fc96 ff61 0877
0714 02a3 fc96 01e3 0c45
0a66 030b fc96 0cac 0820
f901 0349 fc96 fc7a f588
f97d 075f fc96 f6c4 fc36
f5e5 0b7d fc96 fa8e f13c
fa85 f70a fc96 f529 ffe1
f5f7 0282 fc96 f348 f8a6
fe01 0d00 fc96 02cf f933
f48b fa38 fc96 f258 f6be
f86a fb30 fc96 fb03 f5d1
0bd9 04d7 fc96 0ea1 0911
feac f5cb fc96 048d f8cb
f51a f388 fc96 fa0f f025
fe21 050a fc96 02f2 f950
fccd fe80 fc96 fb3f fe5b
f831 fb5e fc96 fad7 f58b
03d5 071e fc96 0152 0658
f927 fac5 fc96 f5b2 fc9c
06bc 0cd1 fc96 034a 0a2e
fb60 fea7 fc96 017f f541
0028 fb00 fc96 ff4f 0101
03cc f969 fc96 07df ffb9
f511 0c99 fc96 fa9b ef87
0754 fd27 fc96 0be5 02c3
f4ce 09de fc96 f0cf f8cd
060b 0cbb fc96 0445 07d1
fb63 f937 fc96 f89f fe27
0c1c 0a14 fc96 08bd 0f7b
0b31 feec fc96 0ae3 0b7f
0722 0388 fc96 0700 0744
047f 008b fc96 ffd8 0926
f972 fc93 fc96 f9e4 f900
f603 03a2 fc96 faff f107
f454 0506 fc96 f25b f64d
ffdb fe7f fc96 031b fc9b
0980 095e fc96 0952 09ae
ffc0 0802 fc96 fa19 0567
00e0 084f fc96 0260 ff60
f76d 09a8 fc96 f2ce fc0c
033d f6f6 00dc 03d9 02a1
f633 fa59 00dc f830 f436
f72f 0adf 00dc f709 f755
fe40 f563 00dc fffd fc83
facc 0bae 00dc f922 fc76
06b3 fb20 00dc 02a5 0ac1
06b0 fd87 00dc 0af2 026e
0a0e fcf3 00dc 0f15 0507
f3bf 0a52 00dc f6b4 f0ca
0a51 043e 00dc 0a78 0a2a
f88c fcf3 00dc fd93 f385
f36e 081a 00dc ed0a f9d2
0c8e fb08 00dc 07ec 1130
0240 fcc9 00dc 0644 fe3c
fb54 0185 00dc f587 0121
f93e 0b9b 00dc f4f4 fd88
fcf9 0cdb 00dc f7b9 0239
0a6b 0285 00dc 0673 0e63
0427 099e 00dc 02c6 0588
ff86 0ac0 00dc fc76 0296
0391 0929 00dc 05df 0143
ff73 06dc 00dc fe67 007f
0163 017b 00dc ffae 0318
06a3 fd32 00dc 06ae 0698
002c f881 00dc fb20 0538
0733 ff2f 00dc 0455 0a11
0087 0b17 00dc 0610 fafe
fbde 0236 00dc 00d5 f6e7
03df 0c6f 00dc 0906 feb8
0637 0ca9 00dc 086e 0400
fb0c fff3 00dc f891 fd87
05ce 0ceb 00dc 099c 0200
f346 ffa3 00dc f789 ef03
00a3 f30b 00dc 00ed 0059
fbd8 0ac6 00dc f8ed fec3
04d8 f398 00dc 0207 07a9
07e6 fede 00dc 0995 0637
0381 f478 00dc fd6a 0998
f926 0011 00dc f764 fae8
f398 099b 00dc f8a5 ee8b
0c49 0a2e fb5d 11db 06b7
03c4 0b8c fb5d ffce 07ba
f62d 055d fb5d f70e f54c
08e6 0adf fb5d 02f6 0ed6
0963 003a fb5d 08ec 09da
f7a2 f9f4 fb5d fb85 f3bf
08d2 0777 fb5d 0398 0e0c
0ae5 00d1 fb5d 088c 0d3e
f665 fd15 fb5d f1d8 faf2
0a9c 03fe fb5d 0b63 09d5
f85d f38d fb5d fad0 f5ea
f995 ff50 fb5d f4b7 fe73
086b fcc8 fb5d 035d 0d79
08c0 fda5 fb5d 0ce9 0497
067f fcb3 fb5d 0737 05c7
0bd7 0700 fb5d 11a8 0606
064d f781 fb5d 043a 0860
f483 085c fb5d f78a f17c
fc93 07a9 fb5d f7d8 014e
051a 0bfc fb5d 00b1 0983
0a89 f5dc fb5d 0a44 0ace
0735 071a fb5d 0366 0b04
0609 fb93 fb5d 0256 09bc
0179 f658 fb5d ff50 03a2
fa80 0b7c fb5d f876 fc8a
fe0d f68d fb5d ff47 fcd3
f58f 0883 fb5d f727 f3f7
fddc f922 fb5d fa76 0142
09e5 0962 fb5d 0df6 05d4
f75b fde8 fb5d f6b8 f7fe
fd04 00e9 fb5d f7c9 023f
07b8 fdde fb5d 01c8 0da8
0238 fb5d fb5d fe81 05ef
fde8 f780 fb5d ff34 fc9c
0bf4 f5da fb5d 126d 057b
fb02 05f8 fb5d f986 fc7e
0a4b f80b fb5d 0b26 0970
0a1c f86c fb5d 0911 0b27
035d 066c fb5d 00f3 05c7
0825 fa39 fb5d 0d7f 02cb
f915 0829 f985 f62b fbff
fca7 05c6 f985 f873 00db
f954 0633 f985 f445 fe63
fad4 fc04 f985 fd77 f831
f816 f4c4 f985 f7df f84d
0386 f9e1 f985 032d 03df
f579 06cf f985 f7a9 f349
0b26 0731 f985 050d 113f
f6f3 0a3a f985 f6af f737
f6b1 00c6 f985 fa63 f2ff
0afe 05f9 f985 1069 0593
0bc1 ffb2 f985 0ea2 08e0
ff20 0058 f985 f98b 04b5
f85a fea5 f985 f352 fd62
0065 fa33 f985 feb0 021a
0276 f369 f985 fd37 07b5
0b16 f740 f985 0567 10c5
022f fe3d f985 fca8 07b6
00fc 0914 f985 ff91 0267
07f2 fcbf f985 06d9 090b
f5b6 0479 f985 f84c f320
fd3a 0357 f985 002e fa46
f5ef 0c5a f985 f443 f79b
f79c 0966 f985 f4d5 fa63
0600 0ae6 f985 060e 05f2
fec6 0865 f985 f8a5 04e7
fee1 0589 f985 00c3 fcff
fdfa f744 f985 f9d0 0224
fb52 f93f f985 f7f3 feb1
0a9a febe f985 0bd1 0963
0c99 0681 f985 11aa 0788
f40b 07a5 f985 f300 f516
fbad 03b3 f985 fa91 fcc9
09af 0088 f985 0955 0a09
f6aa fb6b f985 f672 f6e2
042d 02f6 f985 ff8a 08d0
f4a0 0539 f985 f220 f720
fb84 054c f985 f67b 008d
f524 06f1 f985 f0bd f98b
07ee 0c0d f985 0644 0998
fc12 0571 fb5f 0031 f7f3
f380 ff0c fb5f f9be ed42
0c39 fb96 fb5f 0ee9 0989
fefb 0a81 fb5f fe16 ffe0
0387 06cd fb5f 0931 fddd
f8fc 0b97 fb5f fa25 f7d3
f497 f919 fb5f f03b f8f3
00cf 0bde fb5f ff68 0236
01f0 fc5d fb5f ffa4 043c
0c83 fa04 fb5f 075d 11a9
0c2b 03e7 fb5f 120e 0648
fbc2 031f fb5f fbad fbd7
02a4 0311 fb5f 0543 0005
f370 016e fb5f f714 efcc
ffab f9cf fb5f ff2e 0028
05f2 fce9 fb5f 02a0 0944
099f 0aab fb5f 0d9f 059f
0a3a f8cb fb5f 09c8 0aac
036a 0551 fb5f 0824 feb0
0472 f53b fb5f 01c0 0724
f69b 0a41 fb5f f6ec f64a
0600 043c fb5f 069f 0561
fd36 f42e fb5f 0003 fa69
f847 03d5 fb5f fc11 f47d
f5ac faf4 fb5f f27c f8dc
f66f 0288 fb5f f3ed f8f1
0c98 03e9 fb5f 0e61 0acf
0ba4 0453 fb5f 111c 062c
03b7 07d0 fb5f fe62 090c
fdfe f736 fb5f fbdd 001f
fd68 004b fb5f ffa5 fb2b
f974 fbf4 fb5f fe6d f47b
03fe 05cf fb5f fd65 0a97
0bf7 fcc1 fb5f 0ca7 0b47
f501 f916 fb5f f6cc f336
0058 04d0 fb5f fc8a 0426
ffc6 0844 fb5f 03a0 fbec
0a14 f93a fb5f 1011 0417
fbba f472 fb5f 021e f556
0068 f3a7 fb5f 06fb f9d5
fd93 00ae fa06 fe92 fc94
f5c8 fe49 fa06 f5bc f5d4
085c 080c fa06 04e8 0bd0
0704 f601 fa06 018f 0c79
fe4a 0402 fa06 f881 0413
f5f6 fe6a fa06 f3a3 f849
026c f325 fa06 0878 fc60
f8b6 094e fa06 fd61 f40b
ffe8 f6bc fa06 fee2 00ee
fec1 fc55 fa06 fe89 fef9
fc5c 02d5 fa06 fa02 feb6
f76b f638 fa06 f280 fc56
ffd8 0615 fa06 fc6d 0343
0a6d f3a1 fa06 0c40 089a
f8d7 f68a fa06 f299 ff15
fcea f8e3 fa06 f88b 0149
fa4f f4a0 fa06 f78a fd14
f368 fd20 fa06 edd9 f8f7
f518 07eb fa06 f3eb f645
fe0a fbb6 fa06 fbca 004a
0a22 0883 fa06 0723 0d21
0a40 ff11 fa06 0512 0f6e
f39a fb96 fa06 f7e5 ef4f
fcac 04bc fa06 f70e 024a
f451 0771 fa06 f2e4 f5be
f9bf f7bb fa06 f421 ff5d
02ae 0155 fa06 00d2 048a
f9c9 fa0c fa06 faed f8a5
f48f f5fd fa06 f80c f112
090b 01d4 fa06 02c1 0f55
fc65 f4b1 fa06 011f f7ab
fe9a f745 fa06 fccb 0069
fa29 fd6d fa06 f7f5 fc5d
0230 f94e fa06 ff1a 0546
0951 f46d fa06 0a11 0891
0521 0651 fa06 0a93 ffaf
0670 0141 fa06 0a4b 0295
06b1 05a0 fa06 0b59 0209
f37e fed2 fa06 f2a9 f453
fff2 f407 fa06 fabb 0529
ff0e 01c1 fb02 03ab fa71
061b f67c fb02 0776 04c0
fdc3 0679 fb02 f875 0311
0823 f77c fb02 095f 06e7
06f8 f945 fb02 0c68 0188
08f3 07a2 fb02 030c 0eda
03f3 ff34 fb02 07e8 fffe
0502 f37c fb02 06ba 034a
fa8e fa44 fb02 fe4c f6d0
024d f9f6 fb02 004a 0450
f8cf f6f9 fb02 fbe2 f5bc
faa5 fb61 fb02 f7e7 fd63
f522 fe7a fb02 f25f f7e5
f926 f6f1 fb02 fca2 f5aa
faa7 005a fb02 f94a fc04
0542 0722 fb02 05eb 0499
f7bb f664 fb02 fa51 f525
00d0 0bd7 fb02 ffd6 01ca
0289 039e fb02 03d3 013f
0cff 05d2 fb02 11e1 081d
0598 0c12 fb02 0678 04b8
040f 063e fb02 09e8 fe36
f72e f92c fb02 fc46 f216
0bf4 f8e8 fb02 0e08 09e0
0af0 031a fb02 0c7e 0962
fcf7 fa59 fb02 fac1 ff2d
faff f681 fb02 f738 fec6
0550 061a fb02 0681 041f
f909 f809 fb02 fb2b f6e7
f3a5 098c fb02 f1e1 f569
f9f1 fc94 fb02 f957 fa8b
0a45 f745 fb02 0ff3 0497
05f0 fa65 fb02 099d 0243
0384 049d fb02 031c 03ec
ffe9 036c fb02 0083 ff4f
f432 0211 fb02 f4b5 f3af
ffbe f66b fb02 0058 ff24
0a4a 0429 fb02 0954 0b40
00e7 07ad fb02 ff50 027e
f44d fd90 fb02 fa49 ee51
07b9 06ee 031a 0472 0b00
f7c0 078b 031a f983 f5fd
0530 f5fd 031a 0640 0420
09e0 fed5 031a 07e6 0bda
f481 fd0f 031a f387 f57b
f6df 0ab8 031a f301 fabd
f323 0824 031a f6e9 ef5d
fbb7 f33f 031a f823 ff4b
00d5 03e1 031a 0165 0045
01b6 013f 031a 05d2 fd9a
f342 0c2e 031a f2dd f3a7
f662 ffe7 031a fa38 f28c
fd70 fa07 031a fa55 008b
071d 019c 031a 06d6 0764
0a93 f442 031a 04b5 1071
0963 fbe0 031a 0368 0f5e
f986 0511 031a f618 fcf4
00d6 0110 031a fea2 030a
0c08 0016 031a 092d 0ee3
fcea 0039 031a f74a 028a
f939 0697 031a f85f fa13
011c fc7a 031a 0126 0112
0c13 05d3 031a 05ed 1239
02cf f7f3 031a 0030 056e
089e 0862 031a 0dcd 036f
067d 093b 031a 0a1b 02df
0203 fc1e 031a fd71 0695
00d3 f521 031a 046f fd37
01b3 0c4c 031a 0481 fee5
f66b ffe2 031a f338 f99e
088f 08de 031a 038f 0d8f
fa95 0802 031a f821 fd09
0489 035c 031a 0538 03da
fe8d f357 031a 0022 fcf8
f399 f335 031a eef4 f83e
0a98 0a4b 031a 0c02 092e
f7ab 05fc 031a f9cb f58b
071f 0919 031a 0483 09bb
fc1b 09d7 031a 00c1 f775
fc05 f503 031a fc6e fb9c
0630 0977 fa1a 0541 071f
f967 f888 fa1a f32f ff9f
f770 0646 fa1a fcd3 f20d
0772 08fb fa1a 0c0a 02da
fcb0 f91d fa1a f888 00d8
f44d 04d8 fa1a f10b f78f
fff8 0852 fa1a 043b fbb5
0778 0b3f fa1a 00e4 0e0c
0af4 035c fa1a 0e91 0757
f580 f7a5 fa1a f011 faef
f920 0376 fa1a fbca f676
03b8 0409 fa1a ff84 07ec
0769 fd38 fa1a 0165 0d6d
fb08 04f8 fa1a f79b fe75
fb0b fab0 fa1a fbae fa68
fa74 046d fa1a fa9a fa4e
090d 03a9 fa1a 055a 0cc0
fcf3 0549 fa1a f711 02d5
003a 08a7 fa1a f9e2 0692
07ab 02fc fa1a 0bc9 038d
fd8f f5d9 fa1a f8ea 0234
063c 051b fa1a 0308 0970
fd0c febb fa1a 0269 f7af
f31e fe34 fa1a f3e8 f254
048e 0c20 fa1a 0144 07d8
03d9 0cd6 fa1a 06eb 00c7
fa97 009f fa1a f549 ffe5
f34d 0a02 fa1a eecb f7cf
fc7e 03ce fa1a 01f2 f70a
f9bd fb42 fa1a fc0c f76e
ff8b 03ee fa1a 04d4 fa42
fd93 0a62 fa1a f890 0296
f9f6 ffe3 fa1a fa85 f967
025b f4f1 fa1a 022e 0288
fe6b f48c fa1a 026e fa68
0769 0993 fa1a 0174 0d5e
f45a ff58 fa1a f87c f038
fb82 0bb9 fa1a 007b f689
0430 0579 fa1a 048e 03d2
05bd fb50 fa1a 0589 05f1
0626 fe60 fcaa 0a73 01d9
f874 05b0 fcaa fce8 f400
0089 f7d7 fcaa fe78 029a
03fa f315 fcaa 06b0 0144
f575 0436 fcaa f841 f2a9
f704 fa1c fcaa f7fa f60e
fe36 f3c4 fcaa 0135 fb37
feec fb05 fcaa f921 04b7
f4c4 f3d2 fcaa f84e f13a
044d 0234 fcaa 0799 0101
fdbf f498 fcaa ffad fbd1
f508 0555 fcaa ef74 fa9c
f60c fb83 fcaa f524 f6f4
f58a fada fcaa f2b9 f85b
fd82 f828 fcaa ff83 fb81
0061 f90b fcaa fd41 0381
fdc8 f59d fcaa fa0b 0185
0701 09cf fcaa 0325 0add
028e f557 fcaa 091b fc01
f9d7 f951 fcaa f96e fa40
faec f99d fcaa fb9a fa3e
fbe8 0b1a fcaa 0219 f5b7
f73f 0286 fcaa fa02 f47c
f695 0ab9 fcaa f45e f8cc
0733 0132 fcaa 0259 0c0d
f945 0647 fcaa f781 fb09
fdb8 fbda fcaa ff42 fc2e
0254 f995 fcaa 00d7 03d1
0605 0a18 fcaa 0410 07fa
f5a8 00c9 fcaa f33c f814
0c8b f68e fcaa 1139 07dd
ffd6 f792 fcaa 0374 fc38
f30d 0646 fcaa f5e4 f036
0621 09c6 fcaa 04b5 078d
fc60 073d fcaa f901 ffbf
069f f381 fcaa 0617 0727
fb86 0586 fcaa fe59 f8b3
0461 07e9 fcaa 021b 06a7
0360 004a fcaa 00ac 0614
fea3 f33e fcaa fa94 02b2
068c 0546 fc9a 0af1 0227
fb0a 036b fc9a 000e f606
06aa 000e fc9a 0260 0af4
0bd5 f61d fc9a 0e6e 093c
fa8e 0cbe fc9a fc81 f89b
036b 0637 fc9a 066e 0068
fa26 068e fc9a f6f1 fd5b
fcef 0ab6 fc9a f8db 0103
fc07 faec fc9a 0077 f797
fd00 f881 fc9a 0197 f869
f936 0043 fc9a f743 fb29
f667 09f1 fc9a fc85 f049
f75b fc26 fc9a f87b f63b
f5ad 0947 fc9a f292 f8c8
08cf 00af fc9a 0736 0a68
f476 0af8 fc9a f099 f853
f9d2 f43d fc9a fadb f8c9
f4f7 0142 fc9a fa59 ef95
fb44 ff42 fc9a f650 0038
fce4 fd16 fc9a fecc fafc
f7c5 f83a fc9a f9f6 f594
fdb9 0bc2 fc9a feda fc98
f906 f40a fc9a f364 fea8
06df 053e fc9a 0292 0b2c
fdca f386 fc9a f7ba 03da
079d f72d fc9a 06c3 0877
f7c0 f7f7 fc9a fbe4 f39c
0a3e fe95 fc9a 0f90 04ec
062d 05fa fc9a 0b28 0132
0562 ff6e fc9a 093e 0186
0006 f73a fc9a fd0c 0300
f3c4 f438 fc9a f29e f4ea
ff8a 0cab fc9a 0398 fb7c
0a22 09ec fc9a 0e11 0633
ff8e 021f fc9a fad2 044a
005e f834 fc9a 028a fe32
f315 fd0a fc9a f4f3 f137
fb5a 024d fc9a fb1a fb9a
0803 0989 fc9a 051f 0ae7
05df f58c fc9a 0a2a 0194
f4d7 0171 01de f78b f223
f8e4 0c72 01de f820 f9a8
05f5 f8dd 01de 02b9 0931
0176 f5b9 01de fe78 0474
f522 07e4 01de f020 fa24
f970 00a2 01de faf1 f7ef
02d9 036e 01de fea3 070f
f4a1 f66b 01de f680 f2c2
0a55 ff0d 01de 0e94 0616
fbc0 04f3 01de fe71 f90f
04d6 f5e5 01de 0b15 fe97
0c5a 0c5e 01de 0763 1151
f707 0bda 01de fd5c f0b2
0c9e 03ac 01de 0eec 0a50
fea8 0693 01de fdaa ffa6
fdd0 0ccb 01de f8fa 02a6
f6d5 f7d5 01de fd30 f07a
fa25 0c06 01de fcb6 f794
0c29 f6d2 01de 0666 11ec
ff8e 0b3c 01de 0539 f9e3
fcee f8a4 01de f77b 0261
f9f6 f6fc 01de f684 fd68
f7fa 0a84 01de fe06 f1ee
f4b5 f839 01de f60d f35d
f6b9 fea8 01de fc85 f0ed
01ca f53a 01de 0164 0230
faa2 037f 01de fd3e f806
07ae 02e4 01de 0701 085b
ffeb 0c9c 01de 0178 fe5e
018e f9ee 01de 06e0 fc3c
0821 0298 01de 0480 0bc2
0627 0c7c 01de 00fc 0b52
f87c f6f7 01de fdbe f33a
049f 081c 01de fe5e 0ae0
0431 f8db 01de 070a 0158
0275 01bb 01de 0131 03b9
02be 0b9b 01de ff19 0663
f54a fb25 01de f7a3 f2f1
f8cd 0785 01de fd1b f47f
f8de 01f0 01de f8fa f8c2
04ea 09ed ff94 09fa ffda
000c 095c ff94 050d fb0b
f3a3 fbb4 ff94 f3a4 f3a2
0c23 0c9b ff94 0f3c 090a
f681 090b ff94 fcd2 f030
fe81 0936 ff94 faf9 0209
004b fb85 ff94 fc3e 0458
058f 0662 ff94 0876 02a8
03d8 ff56 ff94 04ac 0304
fde5 0ad9 ff94 03f3 f7d7
004c 0c25 ff94 02e6 fdb2
f9d7 0aba ff94 ff6f f43f
ff8b 0945 ff94 05e2 f934
f34a f877 ff94 f5a6 f0ee
0424 02f2 ff94 0472 03d6
fd96 0cfd ff94 fcb0 fe7c
fb4e f3b5 ff94 fd2c f970
05fc f569 ff94 01c0 0a38
fe79 fc27 ff94 04cd f825
0430 0a8a ff94 ff00 0960
f981 0085 ff94 f6de fc24
f476 f40e ff94 f6d0 f21c
0686 078a ff94 0ae4 0228
fb8d ff45 ff94 ff10 f80a
05ff fe58 ff94 01ca 0a34
fe9f 0bed ff94 01a6 fb98
0297 0ac2 ff94 fcfa 0834
fb39 f83b ff94 fd1c f956
f5a3 f9fa ff94 fa65 f0e1
f8ce f64d ff94 f3c4 fdd8
f662 066c ff94 fb88 f13c
fed2 09df ff94 00bd fce7
00b4 fc28 ff94 00c1 00a7
fec2 fe90 ff94 fa20 0364
02d3 f562 ff94 0385 0221
02bd fc74 ff94 06db fe9f
0c01 0835 ff94 0944 0ebe
03c0 f4ef ff94 fe1f 0961
f56e fd4d ff94 efc5 fb17
ff33 fa39 ff94 fe9a ffcc
043d f7cb fecc 054e 032c
faef 0836 fecc fe9a f744
fe5e 0464 fecc 0135 fb87
067c 044d fecc 0477 0881
0707 f5c0 fecc 02c2 0b4c
05c8 03b3 fecc 02e3 08ad
0c40 07a9 fecc 0b92 0cee
029a 02e9 fecc 05a7 ff8d
f4b6 092d fecc f76b f201
0c05 fc7a fecc 06e5 1125
093f 0b67 fecc 05bc 0cc2
073e 04f8 fecc 088f 05ed
f428 f41d fecc f5c8 f288
f36d f605 fecc f0bb f61f
f5fe 0b90 fecc f188 fa74
0078 fa78 fecc 069c fa54
f4b1 056c fecc f908 f05a
0c73 0500 fecc 0ca1 0c45
fc9f fe89 fecc 02c4 f67a
fe4b 0a2e fecc fb5e 0138
fcfc f840 fecc f8ce 012a
f422 fcad fecc f664 f1e0
05cc fa77 fecc 0734 0464
feb5 034b fecc fd96 ffd4
f459 031d fecc f683 f22f
fb49 0c5d fecc ff15 f77d
075f 0a1a fecc 0dca 00f4
02ca 0703 fecc fc70 0924
09d7 0446 fecc 0db1 05fd
04e9 075f fecc 04fe 04d4
f65a fdc0 fecc fa2c f288
05f3 f87b fecc 0804 03e2
01b3 f4d7 fecc ffa7 03bf
f598 fe45 fecc f1e5 f94b
08ef f504 fecc 0bdf 05ff
0c51 f857 fecc 0cff 0ba3
fbfe 00df fecc fe71 f98b
f8c4 076f fecc f693 faf5
0503 fc67 fecc 00f6 0910
0850 0ab7 fecc 03cd 0cd3
f9e9 f950 03e4 fd4d f685
0516 02d2 03e4 0ac4 ff68
0094 06bd 03e4 0153 ffd5
0848 f386 03e4 083a 0856
f497 f470 03e4 f0f9 f835
0b76 0178 03e4 0712 0fda
ffb1 fb70 03e4 f922 0640
09c8 0baa 03e4 08ab 0ae5
f3da fe2b 03e4 f3a8 f40c
f65a 0962 03e4 f876 f43e
ffc7 fa88 03e4 fe6b 0123
01c3 04ea 03e4 03f3 ff93
f82d 0bca 03e4 f73e f91c
f7f1 fe33 03e4 fe4b f197
f7a4 fd1e 03e4 f1df fd69
0c5d 068f 03e4 0e7a 0a40
03db 00df 03e4 fdcb 09eb
08b7 f734 03e4 0c53 051b
03b8 039c 03e4 05a8 01c8
0a9a f42e 03e4 04fd 1037
0071 fdf0 03e4 fd7a 0368
088d f6f6 03e4 0d70 03aa
0af7 0524 03e4 089a 0d54
f42c fbea 03e4 f66d f1eb
0222 fcde 03e4 fc01 0843
fea8 f6f3 03e4 fa96 02ba
f741 0527 03e4 f0d8 fdaa
03d1 fa57 03e4 07df ffc3
f967 0166 03e4 f349 ff85
01de 031d 03e4 fd67 0655
061b ff3b 03e4 0770 04c6
f973 0c7a 03e4 f981 f965
076f fc67 03e4 0173 0d6b
f49d fcd4 03e4 f34e f5ec
06b0 f97a 03e4 0570 07f0
f78e 06f0 03e4 f486 fa96
fb75 07ef 03e4 ff8c f75e
f80a 01b9 03e4 fb54 f4c0
ff60 fd07 03e4 fa4a 0476
0b6c 06a7 03e4 072b 0fad
088e 05ff 03df 0eaf 026d
0481 fe3c 03df 0839 00c9
0a14 f3f7 03df 059f 0e89
0bf5 045d 03df 0f6d 087d
f8bb f948 03df fd37 f43f
f849 096a 03df f772 f920
09af fbe5 03df 0b6d 07f1
0978 0947 03df 0afd 07f3
06b7 f7ee 03df 0bdc 0192
008f 0661 03df fd7b 03a3
fd09 00d1 03df f7dd 0235
f341 f421 03df ee91 f7f1
0b01 f4d6 03df 05a2 1060
038c 0841 03df 0544 01d4
f5e0 f6da 03df f6f6 f4ca
0c4e 0991 03df 0c2e 0c6e
f766 f623 03df f121 fdab
f57a 0b6b 03df fc0a eeea
f533 fc4c 03df f4d4 f592
f73a 0a97 03df f6e7 f78d
fe0c ffdb 03df f85e 03ba
09d1 f66e 03df 05ec 0db6
f442 f33d 03df f665 f21f
0b4b fc90 03df 0b2b 0b6b
0042 0392 03df fa01 0683
fd6c f597 03df 0097 fa41
f75d 0598 03df f29a fc20
f31b 02ce 03df f243 f3f3
096c f8ee 03df 0341 0f97
faa9 f9d0 03df ffa3 f5af
0459 f7c6 03df 04c2 03f0
05d2 01b4 03df 02cf 08d5
032c fb1c 03df 033b 031d
08c8 ffc1 03df 02a0 0ef0
0b2f fa6a 03df 0afb 0b63
f685 f912 03df f203 fb07
025f 029a 03df 0093 042b
f8e0 f42c 03df f964 f85c
04b1 fc1f 03df 057f 03e3
0958 0601 03df 0a82 082e
fbad f635 03be fbb8 fba2
0ab7 fba4 03be 0632 0f3c
0027 0b10 03be 0004 004a
04f7 01c9 03be 0083 096b
f538 0b44 03be f48c f5e4
0b30 05ab 03be 0702 0f5e
0412 f919 03be 0480 03a4
fc6e 0c7e 03be fc07 fcd5
f9d9 0c0c 03be f61e fd94
00b5 f4b0 03be 0681 fae9
0200 fd79 03be 00e8 0318
fc4b 08f7 03be f76e 0128
fee1 f962 03be 02cf faf3
011e fc08 03be 0192 00aa
f34c 0cc9 03be f9e0 ecb8
01ad 0919 03be 03f7 ff63
f530 f82b 03be f791 f2cf
fa08 03b7 03be f6ff fd11
fc6c 0688 03be f938 ffa0
f495 f7d5 03be f058 f8d2
ff88 0756 03be 03b6 fb5a
051c 07f9 03be 005c 09dc
fe2b 0c07 03be f83d 0419
f9e0 f951 03be f3ba 0006
067b 03e3 03be 01fe 0af8
fc66 f568 03be fd4d fb7f
0563 fd64 03be 0042 0a84
0445 091d 03be 0084 0806
fd78 0b70 03be fb58 ff98
f922 f9f9 03be f942 f902
fb0c fec7 03be f604 0014
04bc 098e 03be 0912 0066
f3a2 fb32 03be f8ca ee7a
fb4b 0303 03be f71c ff7a
07f8 022c 03be 0d40 02b0
f73c f50c 03be f415 fa63
015e 0aa0 03be 0162 015a
04eb 0c21 03be 0539 049d
fdcc f40a 03be 00cd facb
f6c1 040d 03be fa56 f32c
fa7e f90d fa4c f4a9 0053
0bba f34d fa4c 08b7 0ebd
037a f88e fa4c fe0c 08e8
04c7 f657 fa4c 00bc 08d2
fa2c 0a33 fa4c f9e3 fa75
f755 f7c3 fa4c f23d fc6d
0418 f5bb fa4c 0613 021d
0362 0228 fa4c ff13 07b1
ff20 08db fa4c fb1e 0322
feba fe50 fa4c 0067 fd0d
0ce1 085c fa4c 0946 107c
f530 0686 fa4c f9ba f0a6
0ace 0703 fa4c 0504 1098
07ed f520 fa4c 0e64 0176
0c7c 03d8 fa4c 0680 1278
07e7 fe25 fa4c 0abd 0511
0a4f fe5a fa4c 0999 0b05
fd2b 08ea fa4c fc15 fe41
fb60 0a45 fa4c f965 fd5b
0269 f72b fa4c fd2f 07a3
0b76 fe39 fa4c 0986 0d66
f657 00d5 fa4c f39e f910
f5c2 fbb9 fa4c f086 fafe
fa95 0c49 fa4c f7af fd7b
f591 fbc9 fa4c f1b7 f96b
ff03 009d fa4c 0474 f992
fc0d fedd fa4c 01c9 f651
fb59 f6d1 fa4c fe99 f819
f9b4 03ae fa4c f357 0011
04f5 fbdc fa4c 0ae0 ff0a
f564 ffc1 fa4c fb53 ef75
00ac 0048 fa4c 06e5 fa73
f922 f3a3 fa4c f3cd fe77
05cc f40d fa4c 0660 0538
0a79 f92d fa4c 0768 0d8a
0738 fa3f fa4c 0b94 02dc
0516 08d4 fa4c fed9 0b53
01a3 ff1a fa4c 0484 fec2
0642 03c0 fa4c 0b34 0150
037c f53f fa4c 0140 05b8
fe23 fede 05f2 fce6 ff60
f8f6 f5da 05f2 fd4b f4a1
fb4f 0196 05f2 fa71 fc2d
f799 0454 05f2 f1d6 fd5c
f9c3 fb65 05f2 f425 ff61
058e 06b1 05f2 0aac 0070
f889 f37e 05f2 f572 fba0
f30c 0191 05f2 ede6 f832
030b f7e0 05f2 0394 0282
0b0f 0a47 05f2 10c7 0557
fad7 fb66 05f2 f8ae fd00
f8dc 04f8 05f2 fae2 f6d6
050c fbae 05f2 04b8 0560
0abb 0736 05f2 077e 0df8
024c 0330 05f2 0163 0335
0ccb fb73 05f2 1090 0906
0395 f6bb 05f2 0583 01a7
0ac8 0a9a 05f2 1159 0437
fa04 fe74 05f2 f671 fd97
0bb5 fa34 05f2 1204 0566
000d faae 05f2 fefd 011d
03ed feaf 05f2 0942 fe98
0849 0ac3 05f2 0d8c 0306
fd66 049f 05f2 03d7 f6f5
fa2c 01d1 05f2 f535 ff23
017f fb25 05f2 fbb2 074c
fc51 0150 05f2 0088 f81a
f9ee 05c7 05f2 fc58 f784
05bf f4d3 05f2 0b27 0057
faa1 ff5f 05f2 fd37 f80b
f501 0a70 05f2 f96b f097
f6c5 045f 05f2 fd07 f083
fd69 f452 05f2 fefe fbd4
09d7 0a70 05f2 0e41 056d
0c7f fa13 05f2 08c1 103d
0aad f601 05f2 06ca 0e90
0b35 fff4 05f2 08bc 0dae
046f 075d 05f2 05fb 02e3
00b1 016e 05f2 0496 fccc
062c 0815 05f2 069f 05b9
0933 0acb 065c 0645 0c21
f369 f6ae 065c f57d f155
f59f fb25 065c f215 f929
0008 ffd7 065c 0629 f9e7
096d 0731 065c 0c10 06ca
f4f6 0c0d 065c f68c f360
015f 0022 065c 015d 0161
f43d fb01 065c f9e3 ee97
feb5 035a 065c 00ce fc9c
ffa9 f51b 065c 04e4 fa6e
f830 fc6f 065c fb75 f4eb
fcc2 fae1 065c f93c 0048
0087 0a85 065c 06cb fa43
f878 08b5 065c fbc8 f528
f478 0b22 065c f558 f398
f88c f9c0 065c f517 fc01
03c4 f68f 065c 0516 0272
01c0 0741 065c fbf8 0788
0817 fb81 065c 0b6a 04c4
078c 07c5 065c 0717 0801
08e1 f7fc 065c 0c69 0559
0321 09df 065c 0414 022e
f85a 0025 065c f794 f920
0317 0986 065c 096a fcc4
fd5f 0b83 065c fb2a ff94
fb4b 056d 065c f7ea feac
06b5 fe83 065c 0cea 0080
f4c3 0729 065c f51b f46b
08e8 01c8 065c 0991 083f
0b3e 07ad 065c 10e9 0593
04dc 0a8d 065c 006a 094e
0b2a f936 065c 10eb 0569
0bd1 f852 065c 0abd 0ce5
009e 0c57 065c 00a8 0094
01ae 0c18 065c 04cb fe91
f9d3 0120 065c fe59 f54d
fb8c ff6c 065c fea4 f874
ff0d 0bff 065c ffe0 fe3a
0113 09f7 065c fbe6 0640
00a1 007a 065c ffd6 016c
0000 0000 0001 0000 0000
7fff 7fff 0001 85d7 7a27
8000 8000 0001 8680 7980
0d00 0d00 fbec 0cff 0d01
f300 0d00 05d5 f5af f051
0001 ffff 0011 01c9 fe39
