fbec f300 0001
fbec f395 0096
fbec f42a 012b
fbec f4bf 01c0
fbec f554 0255
fbec f5e9 02ea
fbec f67e 037f
fbec f713 0414
fbec f7a8 04a9
fbec f83d 053e
fbec f8d2 05d3
fbec f967 0668
fbec f9fc f9fc
fbec fa91 fa91
fbec fb26 fb26
fbec fbbb fbbb
fbec fc50 fc50
fbec fce5 fce5
fbec fd7a fd7a
fbec fe0f fe0f
fbec fea4 fea4
fbec ff39 ff39
fbec ffce ffce
fbec 0063 0063
fbec 00f8 00f8
fbec 018d 018d
fbec 0222 0222
fbec 02b7 02b7
fbec 034c 034c
fbec 03e1 03e1
fbec 0476 0476
fbec 050b 050b
fbec 05a0 05a0
fbec 0635 0635
fbec 06ca f9c9
fbec 075f fa5e
fbec 07f4 faf3
fbec 0889 fb88
fbec 091e fc1d
fbec 09b3 fcb2
fbec 0a48 fd47
fbec 0add fddc
fbec 0b72 fe71
fbec 0c07 ff06
fbec 0c9c ff9b
fd0a f300 f9c0
fd0a f395 fec8
fd0a f42a 03d0
fd0a f4bf fbd7
fd0a f554 00df
fd0a f5e9 05e7
fd0a f67e fdee
fd0a f713 02f6
fd0a f7a8 fafd
fd0a f83d 0005
fd0a f8d2 050d
fd0a f967 fd14
fd0a f9fc 021c
fd0a fa91 fa23
fd0a fb26 ff2b
fd0a fbbb 0433
fd0a fc50 fc3a
fd0a fce5 0142
fd0a fd7a 064a
fd0a fe0f fe51
fd0a fea4 0359
fd0a ff39 fb60
fd0a ffce 0068
fd0a 0063 0570
fd0a 00f8 fd77
fd0a 018d 027f
fd0a 0222 fa86
fd0a 02b7 ff8e
fd0a 034c 0496
fd0a 03e1 fc9d
fd0a 0476 01a5
fd0a 050b f9ac
fd0a 05a0 feb4
fd0a 0635 03bc
fd0a 06ca fbc3
fd0a 075f 00cb
fd0a 07f4 05d3
fd0a 0889 fdda
fd0a 091e 02e2
fd0a 09b3 fae9
fd0a 0a48 fff1
fd0a 0add 04f9
fd0a 0b72 fd00
fd0a 0c07 0208
fd0a 0c9c fa0f
fe99 f300 fd13
fe99 f395 0344
fe99 f42a fc74
fe99 f4bf 02a5
fe99 f554 fbd5
fe99 f5e9 0206
fe99 f67e fb36
fe99 f713 0167
fe99 f7a8 fa97
fe99 f83d 00c8
fe99 f8d2 f9f8
fe99 f967 0029
fe99 f9fc 065a
fe99 fa91 ff8a
fe99 fb26 05bb
fe99 fbbb feeb
fe99 fc50 051c
fe99 fce5 fe4c
fe99 fd7a 047d
fe99 fe0f fdad
fe99 fea4 03de
fe99 ff39 fd0e
fe99 ffce 033f
fe99 0063 fc6f
fe99 00f8 02a0
fe99 018d fbd0
fe99 0222 0201
fe99 02b7 fb31
fe99 034c 0162
fe99 03e1 fa92
fe99 0476 00c3
fe99 050b f9f3
fe99 05a0 0024
fe99 0635 0655
fe99 06ca ff85
fe99 075f 05b6
fe99 07f4 fee6
fe99 0889 0517
fe99 091e fe47
fe99 09b3 0478
fe99 0a48 fda8
fe99 0add 03d9
fe99 0b72 fd09
fe99 0c07 033a
fe99 0c9c fc6a
fa13 f300 ffd8
fa13 f395 0292
fa13 f42a 054c
fa13 f4bf fb05
fa13 f554 fdbf
fa13 f5e9 0079
fa13 f67e 0333
fa13 f713 05ed
fa13 f7a8 fba6
fa13 f83d fe60
fa13 f8d2 011a
fa13 f967 03d4
fa13 f9fc 068e
fa13 fa91 fc47
fa13 fb26 ff01
fa13 fbbb 01bb
fa13 fc50 0475
fa13 fce5 fa2e
fa13 fd7a fce8
fa13 fe0f ffa2
fa13 fea4 025c
fa13 ff39 0516
fa13 ffce facf
fa13 0063 fd89
fa13 00f8 0043
fa13 018d 02fd
fa13 0222 05b7
fa13 02b7 fb70
fa13 034c fe2a
fa13 03e1 00e4
fa13 0476 039e
fa13 050b 0658
fa13 05a0 fc11
fa13 0635 fecb
fa13 06ca 0185
fa13 075f 043f
fa13 07f4 f9f8
fa13 0889 fcb2
fa13 091e ff6c
fa13 09b3 0226
fa13 0a48 04e0
fa13 0add fa99
fa13 0b72 fd53
fa13 0c07 000d
fa13 0c9c 02c7
05d5 f300 fd51
05d5 f395 0095
05d5 f42a 03d9
05d5 f4bf fa1c
05d5 f554 fd60
05d5 f5e9 00a4
05d5 f67e 03e8
05d5 f713 fa2b
05d5 f7a8 fd6f
05d5 f83d 00b3
05d5 f8d2 03f7
05d5 f967 fa3a
05d5 f9fc fd7e
05d5 fa91 00c2
05d5 fb26 0406
05d5 fbbb fa49
05d5 fc50 fd8d
05d5 fce5 00d1
05d5 fd7a 0415
05d5 fe0f fa58
05d5 fea4 fd9c
05d5 ff39 00e0
05d5 ffce 0424
05d5 0063 fa67
05d5 00f8 fdab
05d5 018d 00ef
05d5 0222 0433
05d5 02b7 fa76
05d5 034c fdba
05d5 03e1 00fe
05d5 0476 0442
05d5 050b fa85
05d5 05a0 fdc9
05d5 0635 010d
05d5 06ca 0451
05d5 075f fa94
05d5 07f4 fdd8
05d5 0889 011c
05d5 091e 0460
05d5 09b3 faa3
05d5 0a48 fde7
05d5 0add 012b
05d5 0b72 046f
05d5 0c07 fab2
05d5 0c9c fdf6
058e f300 0276
058e f395 0508
058e f42a fa99
058e f4bf fd2b
058e f554 ffbd
058e f5e9 024f
058e f67e 04e1
058e f713 fa72
058e f7a8 fd04
058e f83d ff96
058e f8d2 0228
058e f967 04ba
058e f9fc fa4b
058e fa91 fcdd
058e fb26 ff6f
058e fbbb 0201
058e fc50 0493
058e fce5 fa24
058e fd7a fcb6
058e fe0f ff48
058e fea4 01da
058e ff39 046c
058e ffce f9fd
058e 0063 fc8f
058e 00f8 ff21
058e 018d 01b3
058e 0222 0445
058e 02b7 f9d6
058e 034c fc68
058e 03e1 fefa
058e 0476 018c
058e 050b 041e
058e 05a0 f9af
058e 0635 fc41
058e 06ca fed3
058e 075f 0165
058e 07f4 03f7
058e 0889 0689
058e 091e fc1a
058e 09b3 feac
058e 0a48 013e
058e 0add 03d0
058e 0b72 0662
058e 0c07 fbf3
058e 0c9c fe85
011f f300 fa68
011f f395 0631
011f f42a 04f9
011f f4bf 03c1
011f f554 0289
011f f5e9 0151
011f f67e 0019
011f f713 fee1
011f f7a8 fda9
011f f83d fc71
011f f8d2 fb39
011f f967 fa01
011f f9fc 05ca
011f fa91 0492
011f fb26 035a
011f fbbb 0222
011f fc50 00ea
011f fce5 ffb2
011f fd7a fe7a
011f fe0f fd42
011f fea4 fc0a
011f ff39 fad2
011f ffce f99a
011f 0063 0563
011f 00f8 042b
011f 018d 02f3
011f 0222 01bb
011f 02b7 0083
011f 034c ff4b
011f 03e1 fe13
011f 0476 fcdb
011f 050b fba3
011f 05a0 fa6b
011f 0635 0634
011f 06ca 04fc
011f 075f 03c4
011f 07f4 028c
011f 0889 0154
011f 091e 001c
011f 09b3 fee4
011f 0a48 fdac
011f 0add fc74
011f 0b72 fb3c
011f 0c07 fa04
011f 0c9c 05cd
00ca f300 0350
00ca f395 02ba
00ca f42a 0224
00ca f4bf 018e
00ca f554 00f8
00ca f5e9 0062
00ca f67e ffcc
00ca f713 ff36
00ca f7a8 fea0
00ca f83d fe0a
00ca f8d2 fd74
00ca f967 fcde
00ca f9fc fc48
00ca fa91 fbb2
00ca fb26 fb1c
00ca fbbb fa86
00ca fc50 f9f0
00ca fce5 065b
00ca fd7a 05c5
00ca fe0f 052f
00ca fea4 0499
00ca ff39 0403
00ca ffce 036d
00ca 0063 02d7
00ca 00f8 0241
00ca 018d 01ab
00ca 0222 0115
00ca 02b7 007f
00ca 034c ffe9
00ca 03e1 ff53
00ca 0476 febd
00ca 050b fe27
00ca 05a0 fd91
00ca 0635 fcfb
00ca 06ca fc65
00ca 075f fbcf
00ca 07f4 fb39
00ca 0889 faa3
00ca 091e fa0d
00ca 09b3 0678
00ca 0a48 05e2
00ca 0add 054c
00ca 0b72 04b6
00ca 0c07 0420
00ca 0c9c 038a
ff55 f300 0426
ff55 f395 fe14
ff55 f42a 0503
ff55 f4bf fef1
ff55 f554 05e0
ff55 f5e9 ffce
ff55 f67e f9bc
ff55 f713 00ab
ff55 f7a8 fa99
ff55 f83d 0188
ff55 f8d2 fb76
ff55 f967 0265
ff55 f9fc fc53
ff55 fa91 0342
ff55 fb26 fd30
ff55 fbbb 041f
ff55 fc50 fe0d
ff55 fce5 04fc
ff55 fd7a feea
ff55 fe0f 05d9
ff55 fea4 ffc7
ff55 ff39 f9b5
ff55 ffce 00a4
ff55 0063 fa92
ff55 00f8 0181
ff55 018d fb6f
ff55 0222 025e
ff55 02b7 fc4c
ff55 034c 033b
ff55 03e1 fd29
ff55 0476 0418
ff55 050b fe06
ff55 05a0 04f5
ff55 0635 fee3
ff55 06ca 05d2
ff55 075f ffc0
ff55 07f4 f9ae
ff55 0889 009d
ff55 091e fa8b
ff55 09b3 017a
ff55 0a48 fb68
ff55 0add 0257
ff55 0b72 fc45
ff55 0c07 0334
ff55 0c9c fd22
026e f300 fa7e
026e f395 0614
026e f42a 04a9
026e f4bf 033e
026e f554 01d3
026e f5e9 0068
026e f67e fefd
026e f713 fd92
026e f7a8 fc27
026e f83d fabc
026e f8d2 0652
026e f967 04e7
026e f9fc 037c
026e fa91 0211
026e fb26 00a6
026e fbbb ff3b
026e fc50 fdd0
026e fce5 fc65
026e fd7a fafa
026e fe0f f98f
026e fea4 0525
026e ff39 03ba
026e ffce 024f
026e 0063 00e4
026e 00f8 ff79
026e 018d fe0e
026e 0222 fca3
026e 02b7 fb38
026e 034c f9cd
026e 03e1 0563
026e 0476 03f8
026e 050b 028d
026e 05a0 0122
026e 0635 ffb7
026e 06ca fe4c
026e 075f fce1
026e 07f4 fb76
026e 0889 fa0b
026e 091e 05a1
026e 09b3 0436
026e 0a48 02cb
026e 0add 0160
026e 0b72 fff5
026e 0c07 fe8a
026e 0c9c fd1f
0629 f300 00c1
0629 f395 fc0d
0629 f42a 045a
0629 f4bf ffa6
0629 f554 faf2
0629 f5e9 033f
0629 f67e fe8b
0629 f713 f9d7
0629 f7a8 0224
0629 f83d fd70
0629 f8d2 05bd
0629 f967 0109
0629 f9fc fc55
0629 fa91 04a2
0629 fb26 ffee
0629 fbbb fb3a
0629 fc50 0387
0629 fce5 fed3
0629 fd7a fa1f
0629 fe0f 026c
0629 fea4 fdb8
0629 ff39 0605
0629 ffce 0151
0629 0063 fc9d
0629 00f8 04ea
0629 018d 0036
0629 0222 fb82
0629 02b7 03cf
0629 034c ff1b
0629 03e1 fa67
0629 0476 02b4
0629 050b fe00
0629 05a0 064d
0629 0635 0199
0629 06ca fce5
0629 075f 0532
0629 07f4 007e
0629 0889 fbca
0629 091e 0417
0629 09b3 ff63
0629 0a48 faaf
0629 0add 02fc
0629 0b72 fe48
0629 0c07 0695
0629 0c9c 01e1
00b6 f300 031d
00b6 f395 feda
00b6 f42a fa97
00b6 f4bf 0355
00b6 f554 ff12
00b6 f5e9 facf
00b6 f67e 038d
00b6 f713 ff4a
00b6 f7a8 fb07
00b6 f83d 03c5
00b6 f8d2 ff82
00b6 f967 fb3f
00b6 f9fc 03fd
00b6 fa91 ffba
00b6 fb26 fb77
00b6 fbbb 0435
00b6 fc50 fff2
00b6 fce5 fbaf
00b6 fd7a 046d
00b6 fe0f 002a
00b6 fea4 fbe7
00b6 ff39 04a5
00b6 ffce 0062
00b6 0063 fc1f
00b6 00f8 04dd
00b6 018d 009a
00b6 0222 fc57
00b6 02b7 0515
00b6 034c 00d2
00b6 03e1 fc8f
00b6 0476 054d
00b6 050b 010a
00b6 05a0 fcc7
00b6 0635 0585
00b6 06ca 0142
00b6 075f fcff
00b6 07f4 05bd
00b6 0889 017a
00b6 091e fd37
00b6 09b3 05f5
00b6 0a48 01b2
00b6 0add fd6f
00b6 0b72 062d
00b6 0c07 01ea
00b6 0c9c fda7
03c2 f300 fde1
03c2 f395 f9ee
03c2 f42a 02fc
03c2 f4bf ff09
03c2 f554 fb16
03c2 f5e9 0424
03c2 f67e 0031
03c2 f713 fc3e
03c2 f7a8 054c
03c2 f83d 0159
03c2 f8d2 fd66
03c2 f967 f973
03c2 f9fc 0281
03c2 fa91 fe8e
03c2 fb26 fa9b
03c2 fbbb 03a9
03c2 fc50 ffb6
03c2 fce5 fbc3
03c2 fd7a 04d1
03c2 fe0f 00de
03c2 fea4 fceb
03c2 ff39 05f9
03c2 ffce 0206
03c2 0063 fe13
03c2 00f8 fa20
03c2 018d 032e
03c2 0222 ff3b
03c2 02b7 fb48
03c2 034c 0456
03c2 03e1 0063
03c2 0476 fc70
03c2 050b 057e
03c2 05a0 018b
03c2 0635 fd98
03c2 06ca f9a5
03c2 075f 02b3
03c2 07f4 fec0
03c2 0889 facd
03c2 091e 03db
03c2 09b3 ffe8
03c2 0a48 fbf5
03c2 0add 0503
03c2 0b72 0110
03c2 0c07 fd1d
03c2 0c9c 062b
fb4e f300 ffbb
fb4e f395 fe95
fb4e f42a fd6f
fb4e f4bf fc49
fb4e f554 fb23
fb4e f5e9 f9fd
fb4e f67e 05d8
fb4e f713 04b2
fb4e f7a8 038c
fb4e f83d 0266
fb4e f8d2 0140
fb4e f967 001a
fb4e f9fc fef4
fb4e fa91 fdce
fb4e fb26 fca8
fb4e fbbb fb82
fb4e fc50 fa5c
fb4e fce5 0637
fb4e fd7a 0511
fb4e fe0f 03eb
fb4e fea4 02c5
fb4e ff39 019f
fb4e ffce 0079
fb4e 0063 ff53
fb4e 00f8 fe2d
fb4e 018d fd07
fb4e 0222 fbe1
fb4e 02b7 fabb
fb4e 034c f995
fb4e 03e1 0570
fb4e 0476 044a
fb4e 050b 0324
fb4e 05a0 01fe
fb4e 0635 00d8
fb4e 06ca ffb2
fb4e 075f fe8c
fb4e 07f4 fd66
fb4e 0889 fc40
fb4e 091e fb1a
fb4e 09b3 f9f4
fb4e 0a48 05cf
fb4e 0add 04a9
fb4e 0b72 0383
fb4e 0c07 025d
fb4e 0c9c 0137
fa3e f300 0239
fa3e f395 fb4c
fa3e f42a 0160
fa3e f4bf fa73
fa3e f554 0087
fa3e f5e9 069b
fa3e f67e ffae
fa3e f713 05c2
fa3e f7a8 fed5
fa3e f83d 04e9
fa3e f8d2 fdfc
fa3e f967 0410
fa3e f9fc fd23
fa3e fa91 0337
fa3e fb26 fc4a
fa3e fbbb 025e
fa3e fc50 fb71
fa3e fce5 0185
fa3e fd7a fa98
fa3e fe0f 00ac
fa3e fea4 f9bf
fa3e ff39 ffd3
fa3e ffce 05e7
fa3e 0063 fefa
fa3e 00f8 050e
fa3e 018d fe21
fa3e 0222 0435
fa3e 02b7 fd48
fa3e 034c 035c
fa3e 03e1 fc6f
fa3e 0476 0283
fa3e 050b fb96
fa3e 05a0 01aa
fa3e 0635 fabd
fa3e 06ca 00d1
fa3e 075f f9e4
fa3e 07f4 fff8
fa3e 0889 060c
fa3e 091e ff1f
fa3e 09b3 0533
fa3e 0a48 fe46
fa3e 0add 045a
fa3e 0b72 fd6d
fa3e 0c07 0381
fa3e 0c9c fc94
05bc f300 f9d1
05bc f395 fbbd
05bc f42a fda9
05bc f4bf ff95
05bc f554 0181
05bc f5e9 036d
05bc f67e 0559
05bc f713 fa44
05bc f7a8 fc30
05bc f83d fe1c
05bc f8d2 0008
05bc f967 01f4
05bc f9fc 03e0
05bc fa91 05cc
05bc fb26 fab7
05bc fbbb fca3
05bc fc50 fe8f
05bc fce5 007b
05bc fd7a 0267
05bc fe0f 0453
05bc fea4 063f
05bc ff39 fb2a
05bc ffce fd16
05bc 0063 ff02
05bc 00f8 00ee
05bc 018d 02da
05bc 0222 04c6
05bc 02b7 f9b1
05bc 034c fb9d
05bc 03e1 fd89
05bc 0476 ff75
05bc 050b 0161
05bc 05a0 034d
05bc 0635 0539
05bc 06ca fa24
05bc 075f fc10
05bc 07f4 fdfc
05bc 0889 ffe8
05bc 091e 01d4
05bc 09b3 03c0
05bc 0a48 05ac
05bc 0add fa97
05bc 0b72 fc83
05bc 0c07 fe6f
05bc 0c9c 005b
023d f300 0128
023d f395 0463
023d f42a fa9d
023d f4bf fdd8
023d f554 0113
023d f5e9 044e
023d f67e fa88
023d f713 fdc3
023d f7a8 00fe
023d f83d 0439
023d f8d2 fa73
023d f967 fdae
023d f9fc 00e9
023d fa91 0424
023d fb26 fa5e
023d fbbb fd99
023d fc50 00d4
023d fce5 040f
023d fd7a fa49
023d fe0f fd84
023d fea4 00bf
023d ff39 03fa
023d ffce fa34
023d 0063 fd6f
023d 00f8 00aa
023d 018d 03e5
023d 0222 fa1f
023d 02b7 fd5a
023d 034c 0095
023d 03e1 03d0
023d 0476 fa0a
023d 050b fd45
023d 05a0 0080
023d 0635 03bb
023d 06ca f9f5
023d 075f fd30
023d 07f4 006b
023d 0889 03a6
023d 091e f9e0
023d 09b3 fd1b
023d 0a48 0056
023d 0add 0391
023d 0b72 f9cb
023d 0c07 fd06
023d 0c9c 0041
fad3 f300 fc8e
fad3 f395 035c
fad3 f42a fd29
fad3 f4bf 03f7
fad3 f554 fdc4
fad3 f5e9 0492
fad3 f67e fe5f
fad3 f713 052d
fad3 f7a8 fefa
fad3 f83d 05c8
fad3 f8d2 ff95
fad3 f967 0663
fad3 f9fc 0030
fad3 fa91 f9fd
fad3 fb26 00cb
fad3 fbbb fa98
fad3 fc50 0166
fad3 fce5 fb33
fad3 fd7a 0201
fad3 fe0f fbce
fad3 fea4 029c
fad3 ff39 fc69
fad3 ffce 0337
fad3 0063 fd04
fad3 00f8 03d2
fad3 018d fd9f
fad3 0222 046d
fad3 02b7 fe3a
fad3 034c 0508
fad3 03e1 fed5
fad3 0476 05a3
fad3 050b ff70
fad3 05a0 063e
fad3 0635 000b
fad3 06ca f9d8
fad3 075f 00a6
fad3 07f4 fa73
fad3 0889 0141
fad3 091e fb0e
fad3 09b3 01dc
fad3 0a48 fba9
fad3 0add 0277
fad3 0b72 fc44
fad3 0c07 0312
fad3 0c9c fcdf
0108 f300 053b
0108 f395 0456
0108 f42a 0371
0108 f4bf 028c
0108 f554 01a7
0108 f5e9 00c2
0108 f67e ffdd
0108 f713 fef8
0108 f7a8 fe13
0108 f83d fd2e
0108 f8d2 fc49
0108 f967 fb64
0108 f9fc fa7f
0108 fa91 f99a
0108 fb26 05b6
0108 fbbb 04d1
0108 fc50 03ec
0108 fce5 0307
0108 fd7a 0222
0108 fe0f 013d
0108 fea4 0058
0108 ff39 ff73
0108 ffce fe8e
0108 0063 fda9
0108 00f8 fcc4
0108 018d fbdf
0108 0222 fafa
0108 02b7 fa15
0108 034c 0631
0108 03e1 054c
0108 0476 0467
0108 050b 0382
0108 05a0 029d
0108 0635 01b8
0108 06ca 00d3
0108 075f ffee
0108 07f4 ff09
0108 0889 fe24
0108 091e fd3f
0108 09b3 fc5a
0108 0a48 fb75
0108 0add fa90
0108 0b72 f9ab
0108 0c07 05c7
0108 0c9c 04e2
017f f300 05c4
017f f395 f995
017f f42a fa67
017f f4bf fb39
017f f554 fc0b
017f f5e9 fcdd
017f f67e fdaf
017f f713 fe81
017f f7a8 ff53
017f f83d 0025
017f f8d2 00f7
017f f967 01c9
017f f9fc 029b
017f fa91 036d
017f fb26 043f
017f fbbb 0511
017f fc50 05e3
017f fce5 f9b4
017f fd7a fa86
017f fe0f fb58
017f fea4 fc2a
017f ff39 fcfc
017f ffce fdce
017f 0063 fea0
017f 00f8 ff72
017f 018d 0044
017f 0222 0116
017f 02b7 01e8
017f 034c 02ba
017f 03e1 038c
017f 0476 045e
017f 050b 0530
017f 05a0 0602
017f 0635 f9d3
017f 06ca faa5
017f 075f fb77
017f 07f4 fc49
017f 0889 fd1b
017f 091e fded
017f 09b3 febf
017f 0a48 ff91
017f 0add 0063
017f 0b72 0135
017f 0c07 0207
017f 0c9c 02d9
fcc3 f300 fee5
fcc3 f395 033b
fcc3 f42a fa90
fcc3 f4bf fee6
fcc3 f554 033c
fcc3 f5e9 fa91
fcc3 f67e fee7
fcc3 f713 033d
fcc3 f7a8 fa92
fcc3 f83d fee8
fcc3 f8d2 033e
fcc3 f967 fa93
fcc3 f9fc fee9
fcc3 fa91 033f
fcc3 fb26 fa94
fcc3 fbbb feea
fcc3 fc50 0340
fcc3 fce5 fa95
fcc3 fd7a feeb
fcc3 fe0f 0341
fcc3 fea4 fa96
fcc3 ff39 feec
fcc3 ffce 0342
fcc3 0063 fa97
fcc3 00f8 feed
fcc3 018d 0343
fcc3 0222 fa98
fcc3 02b7 feee
fcc3 034c 0344
fcc3 03e1 fa99
fcc3 0476 feef
fcc3 050b 0345
fcc3 05a0 fa9a
fcc3 0635 fef0
fcc3 06ca 0346
fcc3 075f fa9b
fcc3 07f4 fef1
fcc3 0889 0347
fcc3 091e fa9c
fcc3 09b3 fef2
fcc3 0a48 0348
fcc3 0add fa9d
fcc3 0b72 fef3
fcc3 0c07 0349
fcc3 0c9c fa9e
05b2 f300 0038
05b2 f395 f9cd
05b2 f42a 0063
05b2 f4bf f9f8
05b2 f554 008e
05b2 f5e9 fa23
05b2 f67e 00b9
05b2 f713 fa4e
05b2 f7a8 00e4
05b2 f83d fa79
05b2 f8d2 010f
05b2 f967 faa4
05b2 f9fc 013a
05b2 fa91 facf
05b2 fb26 0165
05b2 fbbb fafa
05b2 fc50 0190
05b2 fce5 fb25
05b2 fd7a 01bb
05b2 fe0f fb50
05b2 fea4 01e6
05b2 ff39 fb7b
05b2 ffce 0211
05b2 0063 fba6
05b2 00f8 023c
05b2 018d fbd1
05b2 0222 0267
05b2 02b7 fbfc
05b2 034c 0292
05b2 03e1 fc27
05b2 0476 02bd
05b2 050b fc52
05b2 05a0 02e8
05b2 0635 fc7d
05b2 06ca 0313
05b2 075f fca8
05b2 07f4 033e
05b2 0889 fcd3
05b2 091e 0369
05b2 09b3 fcfe
05b2 0a48 0394
05b2 0add fd29
05b2 0b72 03bf
05b2 0c07 fd54
05b2 0c9c 03ea
f9be f300 fbbf
f9be f395 ff1b
f9be f42a 0277
f9be f4bf 05d3
f9be f554 fc2e
f9be f5e9 ff8a
f9be f67e 02e6
f9be f713 0642
f9be f7a8 fc9d
f9be f83d fff9
f9be f8d2 0355
f9be f967 f9b0
f9be f9fc fd0c
f9be fa91 0068
f9be fb26 03c4
f9be fbbb fa1f
f9be fc50 fd7b
f9be fce5 00d7
f9be fd7a 0433
f9be fe0f fa8e
f9be fea4 fdea
f9be ff39 0146
f9be ffce 04a2
f9be 0063 fafd
f9be 00f8 fe59
f9be 018d 01b5
f9be 0222 0511
f9be 02b7 fb6c
f9be 034c fec8
f9be 03e1 0224
f9be 0476 0580
f9be 050b fbdb
f9be 05a0 ff37
f9be 0635 0293
f9be 06ca 05ef
f9be 075f fc4a
f9be 07f4 ffa6
f9be 0889 0302
f9be 091e f95d
f9be 09b3 fcb9
f9be 0a48 0015
f9be 0add 0371
f9be 0b72 f9cc
f9be 0c07 fd28
f9be 0c9c 0084
ff7e f300 0535
ff7e f395 00d2
ff7e f42a fc6f
ff7e f4bf 050d
ff7e f554 00aa
ff7e f5e9 fc47
ff7e f67e 04e5
ff7e f713 0082
ff7e f7a8 fc1f
ff7e f83d 04bd
ff7e f8d2 005a
ff7e f967 fbf7
ff7e f9fc 0495
ff7e fa91 0032
ff7e fb26 fbcf
ff7e fbbb 046d
ff7e fc50 000a
ff7e fce5 fba7
ff7e fd7a 0445
ff7e fe0f ffe2
ff7e fea4 fb7f
ff7e ff39 041d
ff7e ffce ffba
ff7e 0063 fb57
ff7e 00f8 03f5
ff7e 018d ff92
ff7e 0222 fb2f
ff7e 02b7 03cd
ff7e 034c ff6a
ff7e 03e1 fb07
ff7e 0476 03a5
ff7e 050b ff42
ff7e 05a0 fadf
ff7e 0635 037d
ff7e 06ca ff1a
ff7e 075f fab7
ff7e 07f4 0355
ff7e 0889 fef2
ff7e 091e fa8f
ff7e 09b3 032d
ff7e 0a48 feca
ff7e 0add fa67
ff7e 0b72 0305
ff7e 0c07 fea2
ff7e 0c9c fa3f
fd57 f300 0592
fd57 f395 034c
fd57 f42a 0106
fd57 f4bf fec0
fd57 f554 fc7a
fd57 f5e9 fa34
fd57 f67e 04ef
fd57 f713 02a9
fd57 f7a8 0063
fd57 f83d fe1d
fd57 f8d2 fbd7
fd57 f967 0692
fd57 f9fc 044c
fd57 fa91 0206
fd57 fb26 ffc0
fd57 fbbb fd7a
fd57 fc50 fb34
fd57 fce5 05ef
fd57 fd7a 03a9
fd57 fe0f 0163
fd57 fea4 ff1d
fd57 ff39 fcd7
fd57 ffce fa91
fd57 0063 054c
fd57 00f8 0306
fd57 018d 00c0
fd57 0222 fe7a
fd57 02b7 fc34
fd57 034c f9ee
fd57 03e1 04a9
fd57 0476 0263
fd57 050b 001d
fd57 05a0 fdd7
fd57 0635 fb91
fd57 06ca 064c
fd57 075f 0406
fd57 07f4 01c0
fd57 0889 ff7a
fd57 091e fd34
fd57 09b3 faee
fd57 0a48 05a9
fd57 0add 0363
fd57 0b72 011d
fd57 0c07 fed7
fd57 0c9c fc91
03f9 f300 fb2d
03f9 f395 0496
03f9 f42a 00fe
03f9 f4bf fd66
03f9 f554 f9ce
03f9 f5e9 0337
03f9 f67e ff9f
03f9 f713 fc07
03f9 f7a8 0570
03f9 f83d 01d8
03f9 f8d2 fe40
03f9 f967 faa8
03f9 f9fc 0411
03f9 fa91 0079
03f9 fb26 fce1
03f9 fbbb 064a
03f9 fc50 02b2
03f9 fce5 ff1a
03f9 fd7a fb82
03f9 fe0f 04eb
03f9 fea4 0153
03f9 ff39 fdbb
03f9 ffce fa23
03f9 0063 038c
03f9 00f8 fff4
03f9 018d fc5c
03f9 0222 05c5
03f9 02b7 022d
03f9 034c fe95
03f9 03e1 fafd
03f9 0476 0466
03f9 050b 00ce
03f9 05a0 fd36
03f9 0635 f99e
03f9 06ca 0307
03f9 075f ff6f
03f9 07f4 fbd7
03f9 0889 0540
03f9 091e 01a8
03f9 09b3 fe10
03f9 0a48 fa78
03f9 0add 03e1
03f9 0b72 0049
03f9 0c07 fcb1
03f9 0c9c 061a
02dc f300 0217
02dc f395 0162
02dc f42a 00ad
02dc f4bf fff8
02dc f554 ff43
02dc f5e9 fe8e
02dc f67e fdd9
02dc f713 fd24
02dc f7a8 fc6f
02dc f83d fbba
02dc f8d2 fb05
02dc f967 fa50
02dc f9fc f99b
02dc fa91 05e7
02dc fb26 0532
02dc fbbb 047d
02dc fc50 03c8
02dc fce5 0313
02dc fd7a 025e
02dc fe0f 01a9
02dc fea4 00f4
02dc ff39 003f
02dc ffce ff8a
02dc 0063 fed5
02dc 00f8 fe20
02dc 018d fd6b
02dc 0222 fcb6
02dc 02b7 fc01
02dc 034c fb4c
02dc 03e1 fa97
02dc 0476 f9e2
02dc 050b 062e
02dc 05a0 0579
02dc 0635 04c4
02dc 06ca 040f
02dc 075f 035a
02dc 07f4 02a5
02dc 0889 01f0
02dc 091e 013b
02dc 09b3 0086
02dc 0a48 ffd1
02dc 0add ff1c
02dc 0b72 fe67
02dc 0c07 fdb2
02dc 0c9c fcfd
0260 f300 fe41
0260 f395 fe2a
0260 f42a fe13
0260 f4bf fdfc
0260 f554 fde5
0260 f5e9 fdce
0260 f67e fdb7
0260 f713 fda0
0260 f7a8 fd89
0260 f83d fd72
0260 f8d2 fd5b
0260 f967 fd44
0260 f9fc fd2d
0260 fa91 fd16
0260 fb26 fcff
0260 fbbb fce8
0260 fc50 fcd1
0260 fce5 fcba
0260 fd7a fca3
0260 fe0f fc8c
0260 fea4 fc75
0260 ff39 fc5e
0260 ffce fc47
0260 0063 fc30
0260 00f8 fc19
0260 018d fc02
0260 0222 fbeb
0260 02b7 fbd4
0260 034c fbbd
0260 03e1 fba6
0260 0476 fb8f
0260 050b fb78
0260 05a0 fb61
0260 0635 fb4a
0260 06ca fb33
0260 075f fb1c
0260 07f4 fb05
0260 0889 faee
0260 091e fad7
0260 09b3 fac0
0260 0a48 faa9
0260 0add fa92
0260 0b72 fa7b
0260 0c07 fa64
0260 0c9c fa4d
f9fa f300 fc58
f9fa f395 fdba
f9fa f42a ff1c
f9fa f4bf 007e
f9fa f554 01e0
f9fa f5e9 0342
f9fa f67e 04a4
f9fa f713 0606
f9fa f7a8 fa67
f9fa f83d fbc9
f9fa f8d2 fd2b
f9fa f967 fe8d
f9fa f9fc ffef
f9fa fa91 0151
f9fa fb26 02b3
f9fa fbbb 0415
f9fa fc50 0577
f9fa fce5 f9d8
f9fa fd7a fb3a
f9fa fe0f fc9c
f9fa fea4 fdfe
f9fa ff39 ff60
f9fa ffce 00c2
f9fa 0063 0224
f9fa 00f8 0386
f9fa 018d 04e8
f9fa 0222 064a
f9fa 02b7 faab
f9fa 034c fc0d
f9fa 03e1 fd6f
f9fa 0476 fed1
f9fa 050b 0033
f9fa 05a0 0195
f9fa 0635 02f7
f9fa 06ca 0459
f9fa 075f 05bb
f9fa 07f4 fa1c
f9fa 0889 fb7e
f9fa 091e fce0
f9fa 09b3 fe42
f9fa 0a48 ffa4
f9fa 0add 0106
f9fa 0b72 0268
f9fa 0c07 03ca
f9fa 0c9c 052c
019b f300 fe3e
019b f395 fc68
019b f42a fa92
019b f4bf 05bd
019b f554 03e7
019b f5e9 0211
019b f67e 003b
019b f713 fe65
019b f7a8 fc8f
019b f83d fab9
019b f8d2 05e4
019b f967 040e
019b f9fc 0238
019b fa91 0062
019b fb26 fe8c
019b fbbb fcb6
019b fc50 fae0
019b fce5 060b
019b fd7a 0435
019b fe0f 025f
019b fea4 0089
019b ff39 feb3
019b ffce fcdd
019b 0063 fb07
019b 00f8 0632
019b 018d 045c
019b 0222 0286
019b 02b7 00b0
019b 034c feda
019b 03e1 fd04
019b 0476 fb2e
019b 050b 0659
019b 05a0 0483
019b 0635 02ad
019b 06ca 00d7
019b 075f ff01
019b 07f4 fd2b
019b 0889 fb55
019b 091e 0680
019b 09b3 04aa
019b 0a48 02d4
019b 0add 00fe
019b 0b72 ff28
019b 0c07 fd52
019b 0c9c fb7c
ff33 f300 fab5
ff33 f395 ff4b
ff33 f42a 03e1
ff33 f4bf fb76
ff33 f554 000c
ff33 f5e9 04a2
ff33 f67e fc37
ff33 f713 00cd
ff33 f7a8 0563
ff33 f83d fcf8
ff33 f8d2 018e
ff33 f967 0624
ff33 f9fc fdb9
ff33 fa91 024f
ff33 fb26 f9e4
ff33 fbbb fe7a
ff33 fc50 0310
ff33 fce5 faa5
ff33 fd7a ff3b
ff33 fe0f 03d1
ff33 fea4 fb66
ff33 ff39 fffc
ff33 ffce 0492
ff33 0063 fc27
ff33 00f8 00bd
ff33 018d 0553
ff33 0222 fce8
ff33 02b7 017e
ff33 034c 0614
ff33 03e1 fda9
ff33 0476 023f
ff33 050b f9d4
ff33 05a0 fe6a
ff33 0635 0300
ff33 06ca fa95
ff33 075f ff2b
ff33 07f4 03c1
ff33 0889 fb56
ff33 091e ffec
ff33 09b3 0482
ff33 0a48 fc17
ff33 0add 00ad
ff33 0b72 0543
ff33 0c07 fcd8
ff33 0c9c 016e
f9dd f300 0335
f9dd f395 ffe9
f9dd f42a fc9d
f9dd f4bf 0652
f9dd f554 0306
f9dd f5e9 ffba
f9dd f67e fc6e
f9dd f713 0623
f9dd f7a8 02d7
f9dd f83d ff8b
f9dd f8d2 fc3f
f9dd f967 05f4
f9dd f9fc 02a8
f9dd fa91 ff5c
f9dd fb26 fc10
f9dd fbbb 05c5
f9dd fc50 0279
f9dd fce5 ff2d
f9dd fd7a fbe1
f9dd fe0f 0596
f9dd fea4 024a
f9dd ff39 fefe
f9dd ffce fbb2
f9dd 0063 0567
f9dd 00f8 021b
f9dd 018d fecf
f9dd 0222 fb83
f9dd 02b7 0538
f9dd 034c 01ec
f9dd 03e1 fea0
f9dd 0476 fb54
f9dd 050b 0509
f9dd 05a0 01bd
f9dd 0635 fe71
f9dd 06ca fb25
f9dd 075f 04da
f9dd 07f4 018e
f9dd 0889 fe42
f9dd 091e faf6
f9dd 09b3 04ab
f9dd 0a48 015f
f9dd 0add fe13
f9dd 0b72 fac7
f9dd 0c07 047c
f9dd 0c9c 0130
04c7 f300 0121
04c7 f395 0049
04c7 f42a ff71
04c7 f4bf fe99
04c7 f554 fdc1
04c7 f5e9 fce9
04c7 f67e fc11
04c7 f713 fb39
04c7 f7a8 fa61
04c7 f83d f989
04c7 f8d2 05b2
04c7 f967 04da
04c7 f9fc 0402
04c7 fa91 032a
04c7 fb26 0252
04c7 fbbb 017a
04c7 fc50 00a2
04c7 fce5 ffca
04c7 fd7a fef2
04c7 fe0f fe1a
04c7 fea4 fd42
04c7 ff39 fc6a
04c7 ffce fb92
04c7 0063 faba
04c7 00f8 f9e2
04c7 018d 060b
04c7 0222 0533
04c7 02b7 045b
04c7 034c 0383
04c7 03e1 02ab
04c7 0476 01d3
04c7 050b 00fb
04c7 05a0 0023
04c7 0635 ff4b
04c7 06ca fe73
04c7 075f fd9b
04c7 07f4 fcc3
04c7 0889 fbeb
04c7 091e fb13
04c7 09b3 fa3b
04c7 0a48 0664
04c7 0add 058c
04c7 0b72 04b4
04c7 0c07 03dc
04c7 0c9c 0304
028c f300 014b
028c f395 fee3
028c f42a fc7b
028c f4bf fa13
028c f554 04ac
028c f5e9 0244
028c f67e ffdc
028c f713 fd74
028c f7a8 fb0c
028c f83d 05a5
028c f8d2 033d
028c f967 00d5
028c f9fc fe6d
028c fa91 fc05
028c fb26 f99d
028c fbbb 0436
028c fc50 01ce
028c fce5 ff66
028c fd7a fcfe
028c fe0f fa96
028c fea4 052f
028c ff39 02c7
028c ffce 005f
028c 0063 fdf7
028c 00f8 fb8f
028c 018d 0628
028c 0222 03c0
028c 02b7 0158
028c 034c fef0
028c 03e1 fc88
028c 0476 fa20
028c 050b 04b9
028c 05a0 0251
028c 0635 ffe9
028c 06ca fd81
028c 075f fb19
028c 07f4 05b2
028c 0889 034a
028c 091e 00e2
028c 09b3 fe7a
028c 0a48 fc12
028c 0add f9aa
028c 0b72 0443
028c 0c07 01db
028c 0c9c ff73
fdd8 f300 ffb4
fdd8 f395 fa7b
fdd8 f42a 0243
fdd8 f4bf fd0a
fdd8 f554 04d2
fdd8 f5e9 ff99
fdd8 f67e fa60
fdd8 f713 0228
fdd8 f7a8 fcef
fdd8 f83d 04b7
fdd8 f8d2 ff7e
fdd8 f967 fa45
fdd8 f9fc 020d
fdd8 fa91 fcd4
fdd8 fb26 049c
fdd8 fbbb ff63
fdd8 fc50 fa2a
fdd8 fce5 01f2
fdd8 fd7a fcb9
fdd8 fe0f 0481
fdd8 fea4 ff48
fdd8 ff39 fa0f
fdd8 ffce 01d7
fdd8 0063 fc9e
fdd8 00f8 0466
fdd8 018d ff2d
fdd8 0222 f9f4
fdd8 02b7 01bc
fdd8 034c fc83
fdd8 03e1 044b
fdd8 0476 ff12
fdd8 050b f9d9
fdd8 05a0 01a1
fdd8 0635 fc68
fdd8 06ca 0430
fdd8 075f fef7
fdd8 07f4 f9be
fdd8 0889 0186
fdd8 091e fc4d
fdd8 09b3 0415
fdd8 0a48 fedc
fdd8 0add f9a3
fdd8 0b72 016b
fdd8 0c07 fc32
fdd8 0c9c 03fa
03f7 f300 f9db
03f7 f395 0199
03f7 f42a fc56
03f7 f4bf 0414
03f7 f554 fed1
03f7 f5e9 f98e
03f7 f67e 014c
03f7 f713 fc09
03f7 f7a8 03c7
03f7 f83d fe84
03f7 f8d2 0642
03f7 f967 00ff
03f7 f9fc fbbc
03f7 fa91 037a
03f7 fb26 fe37
03f7 fbbb 05f5
03f7 fc50 00b2
03f7 fce5 fb6f
03f7 fd7a 032d
03f7 fe0f fdea
03f7 fea4 05a8
03f7 ff39 0065
03f7 ffce fb22
03f7 0063 02e0
03f7 00f8 fd9d
03f7 018d 055b
03f7 0222 0018
03f7 02b7 fad5
03f7 034c 0293
03f7 03e1 fd50
03f7 0476 050e
03f7 050b ffcb
03f7 05a0 fa88
03f7 0635 0246
03f7 06ca fd03
03f7 075f 04c1
03f7 07f4 ff7e
03f7 0889 fa3b
03f7 091e 01f9
03f7 09b3 fcb6
03f7 0a48 0474
03f7 0add ff31
03f7 0b72 f9ee
03f7 0c07 01ac
03f7 0c9c fc69
faf3 f300 04ad
faf3 f395 ff28
faf3 f42a 06a4
faf3 f4bf 011f
faf3 f554 fb9a
faf3 f5e9 0316
faf3 f67e fd91
faf3 f713 050d
faf3 f7a8 ff88
faf3 f83d fa03
faf3 f8d2 017f
faf3 f967 fbfa
faf3 f9fc 0376
faf3 fa91 fdf1
faf3 fb26 056d
faf3 fbbb ffe8
faf3 fc50 fa63
faf3 fce5 01df
faf3 fd7a fc5a
faf3 fe0f 03d6
faf3 fea4 fe51
faf3 ff39 05cd
faf3 ffce 0048
faf3 0063 fac3
faf3 00f8 023f
faf3 018d fcba
faf3 0222 0436
faf3 02b7 feb1
faf3 034c 062d
faf3 03e1 00a8
faf3 0476 fb23
faf3 050b 029f
faf3 05a0 fd1a
faf3 0635 0496
faf3 06ca ff11
faf3 075f f98c
faf3 07f4 0108
faf3 0889 fb83
faf3 091e 02ff
faf3 09b3 fd7a
faf3 0a48 04f6
faf3 0add ff71
faf3 0b72 f9ec
faf3 0c07 0168
faf3 0c9c fbe3
05d3 f300 fbff
05d3 f395 fd98
05d3 f42a ff31
05d3 f4bf 00ca
05d3 f554 0263
05d3 f5e9 03fc
05d3 f67e 0595
05d3 f713 fa2d
05d3 f7a8 fbc6
05d3 f83d fd5f
05d3 f8d2 fef8
05d3 f967 0091
05d3 f9fc 022a
05d3 fa91 03c3
05d3 fb26 055c
05d3 fbbb f9f4
05d3 fc50 fb8d
05d3 fce5 fd26
05d3 fd7a febf
05d3 fe0f 0058
05d3 fea4 01f1
05d3 ff39 038a
05d3 ffce 0523
05d3 0063 f9bb
05d3 00f8 fb54
05d3 018d fced
05d3 0222 fe86
05d3 02b7 001f
05d3 034c 01b8
05d3 03e1 0351
05d3 0476 04ea
05d3 050b 0683
05d3 05a0 fb1b
05d3 0635 fcb4
05d3 06ca fe4d
05d3 075f ffe6
05d3 07f4 017f
05d3 0889 0318
05d3 091e 04b1
05d3 09b3 064a
05d3 0a48 fae2
05d3 0add fc7b
05d3 0b72 fe14
05d3 0c07 ffad
05d3 0c9c 0146
fee6 f300 fbe4
fee6 f395 fac7
fee6 f42a f9aa
fee6 f4bf 058e
fee6 f554 0471
fee6 f5e9 0354
fee6 f67e 0237
fee6 f713 011a
fee6 f7a8 fffd
fee6 f83d fee0
fee6 f8d2 fdc3
fee6 f967 fca6
fee6 f9fc fb89
fee6 fa91 fa6c
fee6 fb26 0650
fee6 fbbb 0533
fee6 fc50 0416
fee6 fce5 02f9
fee6 fd7a 01dc
fee6 fe0f 00bf
fee6 fea4 ffa2
fee6 ff39 fe85
fee6 ffce fd68
fee6 0063 fc4b
fee6 00f8 fb2e
fee6 018d fa11
fee6 0222 05f5
fee6 02b7 04d8
fee6 034c 03bb
fee6 03e1 029e
fee6 0476 0181
fee6 050b 0064
fee6 05a0 ff47
fee6 0635 fe2a
fee6 06ca fd0d
fee6 075f fbf0
fee6 07f4 fad3
fee6 0889 f9b6
fee6 091e 059a
fee6 09b3 047d
fee6 0a48 0360
fee6 0add 0243
fee6 0b72 0126
fee6 0c07 0009
fee6 0c9c feec
f9f8 f300 fb06
f9f8 f395 fabd
f9f8 f42a fa74
f9f8 f4bf fa2b
f9f8 f554 f9e2
f9f8 f5e9 069a
f9f8 f67e 0651
f9f8 f713 0608
f9f8 f7a8 05bf
f9f8 f83d 0576
f9f8 f8d2 052d
f9f8 f967 04e4
f9f8 f9fc 049b
f9f8 fa91 0452
f9f8 fb26 0409
f9f8 fbbb 03c0
f9f8 fc50 0377
f9f8 fce5 032e
f9f8 fd7a 02e5
f9f8 fe0f 029c
f9f8 fea4 0253
f9f8 ff39 020a
f9f8 ffce 01c1
f9f8 0063 0178
f9f8 00f8 012f
f9f8 018d 00e6
f9f8 0222 009d
f9f8 02b7 0054
f9f8 034c 000b
f9f8 03e1 ffc2
f9f8 0476 ff79
f9f8 050b ff30
f9f8 05a0 fee7
f9f8 0635 fe9e
f9f8 06ca fe55
f9f8 075f fe0c
f9f8 07f4 fdc3
f9f8 0889 fd7a
f9f8 091e fd31
f9f8 09b3 fce8
f9f8 0a48 fc9f
f9f8 0add fc56
f9f8 0b72 fc0d
f9f8 0c07 fbc4
f9f8 0c9c fb7b
0204 f300 028a
0204 f395 03bf
0204 f42a 04f4
0204 f4bf 0629
0204 f554 fa5d
0204 f5e9 fb92
0204 f67e fcc7
0204 f713 fdfc
0204 f7a8 ff31
0204 f83d 0066
0204 f8d2 019b
0204 f967 02d0
0204 f9fc 0405
0204 fa91 053a
0204 fb26 066f
0204 fbbb faa3
0204 fc50 fbd8
0204 fce5 fd0d
0204 fd7a fe42
0204 fe0f ff77
0204 fea4 00ac
0204 ff39 01e1
0204 ffce 0316
0204 0063 044b
0204 00f8 0580
0204 018d f9b4
0204 0222 fae9
0204 02b7 fc1e
0204 034c fd53
0204 03e1 fe88
0204 0476 ffbd
0204 050b 00f2
0204 05a0 0227
0204 0635 035c
0204 06ca 0491
0204 075f 05c6
0204 07f4 f9fa
0204 0889 fb2f
0204 091e fc64
0204 09b3 fd99
0204 0a48 fece
0204 0add 0003
0204 0b72 0138
0204 0c07 026d
0204 0c9c 03a2
fff8 f300 fab8
fff8 f395 010d
fff8 f42a fa61
fff8 f4bf 00b6
fff8 f554 fa0a
fff8 f5e9 005f
fff8 f67e f9b3
fff8 f713 0008
fff8 f7a8 065d
fff8 f83d ffb1
fff8 f8d2 0606
fff8 f967 ff5a
fff8 f9fc 05af
fff8 fa91 ff03
fff8 fb26 0558
fff8 fbbb feac
fff8 fc50 0501
fff8 fce5 fe55
fff8 fd7a 04aa
fff8 fe0f fdfe
fff8 fea4 0453
fff8 ff39 fda7
fff8 ffce 03fc
fff8 0063 fd50
fff8 00f8 03a5
fff8 018d fcf9
fff8 0222 034e
fff8 02b7 fca2
fff8 034c 02f7
fff8 03e1 fc4b
fff8 0476 02a0
fff8 050b fbf4
fff8 05a0 0249
fff8 0635 fb9d
fff8 06ca 01f2
fff8 075f fb46
fff8 07f4 019b
fff8 0889 faef
fff8 091e 0144
fff8 09b3 fa98
fff8 0a48 00ed
fff8 0add fa41
fff8 0b72 0096
fff8 0c07 f9ea
fff8 0c9c 003f
fec0 f300 fcd0
fec0 f395 0305
fec0 f42a fc39
fec0 f4bf 026e
fec0 f554 fba2
fec0 f5e9 01d7
fec0 f67e fb0b
fec0 f713 0140
fec0 f7a8 fa74
fec0 f83d 00a9
fec0 f8d2 f9dd
fec0 f967 0012
fec0 f9fc 0647
fec0 fa91 ff7b
fec0 fb26 05b0
fec0 fbbb fee4
fec0 fc50 0519
fec0 fce5 fe4d
fec0 fd7a 0482
fec0 fe0f fdb6
fec0 fea4 03eb
fec0 ff39 fd1f
fec0 ffce 0354
fec0 0063 fc88
fec0 00f8 02bd
fec0 018d fbf1
fec0 0222 0226
fec0 02b7 fb5a
fec0 034c 018f
fec0 03e1 fac3
fec0 0476 00f8
fec0 050b fa2c
fec0 05a0 0061
fec0 0635 f995
fec0 06ca ffca
fec0 075f 05ff
fec0 07f4 ff33
fec0 0889 0568
fec0 091e fe9c
fec0 09b3 04d1
fec0 0a48 fe05
fec0 0add 043a
fec0 0b72 fd6e
fec0 0c07 03a3
fec0 0c9c fcd7
fd66 f300 0278
fd66 f395 0634
fd66 f42a fcef
fd66 f4bf 00ab
fd66 f554 0467
fd66 f5e9 fb22
fd66 f67e fede
fd66 f713 029a
fd66 f7a8 0656
fd66 f83d fd11
fd66 f8d2 00cd
fd66 f967 0489
fd66 f9fc fb44
fd66 fa91 ff00
fd66 fb26 02bc
fd66 fbbb 0678
fd66 fc50 fd33
fd66 fce5 00ef
fd66 fd7a 04ab
fd66 fe0f fb66
fd66 fea4 ff22
fd66 ff39 02de
fd66 ffce f999
fd66 0063 fd55
fd66 00f8 0111
fd66 018d 04cd
fd66 0222 fb88
fd66 02b7 ff44
fd66 034c 0300
fd66 03e1 f9bb
fd66 0476 fd77
fd66 050b 0133
fd66 05a0 04ef
fd66 0635 fbaa
fd66 06ca ff66
fd66 075f 0322
fd66 07f4 f9dd
fd66 0889 fd99
fd66 091e 0155
fd66 09b3 0511
fd66 0a48 fbcc
fd66 0add ff88
fd66 0b72 0344
fd66 0c07 f9ff
fd66 0c9c fdbb
f9ae f300 fe30
f9ae f395 0135
f9ae f42a 043a
f9ae f4bf fa3e
f9ae f554 fd43
f9ae f5e9 0048
f9ae f67e 034d
f9ae f713 0652
f9ae f7a8 fc56
f9ae f83d ff5b
f9ae f8d2 0260
f9ae f967 0565
f9ae f9fc fb69
f9ae fa91 fe6e
f9ae fb26 0173
f9ae fbbb 0478
f9ae fc50 fa7c
f9ae fce5 fd81
f9ae fd7a 0086
f9ae fe0f 038b
f9ae fea4 f98f
f9ae ff39 fc94
f9ae ffce ff99
f9ae 0063 029e
f9ae 00f8 05a3
f9ae 018d fba7
f9ae 0222 feac
f9ae 02b7 01b1
f9ae 034c 04b6
f9ae 03e1 faba
f9ae 0476 fdbf
f9ae 050b 00c4
f9ae 05a0 03c9
f9ae 0635 f9cd
f9ae 06ca fcd2
f9ae 075f ffd7
f9ae 07f4 02dc
f9ae 0889 05e1
f9ae 091e fbe5
f9ae 09b3 feea
f9ae 0a48 01ef
f9ae 0add 04f4
f9ae 0b72 faf8
f9ae 0c07 fdfd
f9ae 0c9c 0102
fb76 f300 0021
fb76 f395 0655
fb76 f42a ff88
fb76 f4bf 05bc
fb76 f554 feef
fb76 f5e9 0523
fb76 f67e fe56
fb76 f713 048a
fb76 f7a8 fdbd
fb76 f83d 03f1
fb76 f8d2 fd24
fb76 f967 0358
fb76 f9fc fc8b
fb76 fa91 02bf
fb76 fb26 fbf2
fb76 fbbb 0226
fb76 fc50 fb59
fb76 fce5 018d
fb76 fd7a fac0
fb76 fe0f 00f4
fb76 fea4 fa27
fb76 ff39 005b
fb76 ffce f98e
fb76 0063 ffc2
fb76 00f8 05f6
fb76 018d ff29
fb76 0222 055d
fb76 02b7 fe90
fb76 034c 04c4
fb76 03e1 fdf7
fb76 0476 042b
fb76 050b fd5e
fb76 05a0 0392
fb76 0635 fcc5
fb76 06ca 02f9
fb76 075f fc2c
fb76 07f4 0260
fb76 0889 fb93
fb76 091e 01c7
fb76 09b3 fafa
fb76 0a48 012e
fb76 0add fa61
fb76 0b72 0095
fb76 0c07 f9c8
fb76 0c9c fffc
007e f300 0528
007e f395 0635
007e f42a fa41
007e f4bf fb4e
007e f554 fc5b
007e f5e9 fd68
007e f67e fe75
007e f713 ff82
007e f7a8 008f
007e f83d 019c
007e f8d2 02a9
007e f967 03b6
007e f9fc 04c3
007e fa91 05d0
007e fb26 f9dc
007e fbbb fae9
007e fc50 fbf6
007e fce5 fd03
007e fd7a fe10
007e fe0f ff1d
007e fea4 002a
007e ff39 0137
007e ffce 0244
007e 0063 0351
007e 00f8 045e
007e 018d 056b
007e 0222 0678
007e 02b7 fa84
007e 034c fb91
007e 03e1 fc9e
007e 0476 fdab
007e 050b feb8
007e 05a0 ffc5
007e 0635 00d2
007e 06ca 01df
007e 075f 02ec
007e 07f4 03f9
007e 0889 0506
007e 091e 0613
007e 09b3 fa1f
007e 0a48 fb2c
007e 0add fc39
007e 0b72 fd46
007e 0c07 fe53
007e 0c9c ff60
05bd f300 fa7a
05bd f395 03bc
05bd f42a fffd
05bd f4bf fc3e
05bd f554 0580
05bd f5e9 01c1
05bd f67e fe02
05bd f713 fa43
05bd f7a8 0385
05bd f83d ffc6
05bd f8d2 fc07
05bd f967 0549
05bd f9fc 018a
05bd fa91 fdcb
05bd fb26 fa0c
05bd fbbb 034e
05bd fc50 ff8f
05bd fce5 fbd0
05bd fd7a 0512
05bd fe0f 0153
05bd fea4 fd94
05bd ff39 f9d5
05bd ffce 0317
05bd 0063 ff58
05bd 00f8 fb99
05bd 018d 04db
05bd 0222 011c
05bd 02b7 fd5d
05bd 034c f99e
05bd 03e1 02e0
05bd 0476 ff21
05bd 050b fb62
05bd 05a0 04a4
05bd 0635 00e5
05bd 06ca fd26
05bd 075f 0668
05bd 07f4 02a9
05bd 0889 feea
05bd 091e fb2b
05bd 09b3 046d
05bd 0a48 00ae
05bd 0add fcef
05bd 0b72 0631
05bd 0c07 0272
05bd 0c9c feb3
fcab f300 fc0e
fcab f395 0662
fcab f42a 03b5
fcab f4bf 0108
fcab f554 fe5b
fcab f5e9 fbae
fcab f67e 0602
fcab f713 0355
fcab f7a8 00a8
fcab f83d fdfb
fcab f8d2 fb4e
fcab f967 05a2
fcab f9fc 02f5
fcab fa91 0048
fcab fb26 fd9b
fcab fbbb faee
fcab fc50 0542
fcab fce5 0295
fcab fd7a ffe8
fcab fe0f fd3b
fcab fea4 fa8e
fcab ff39 04e2
fcab ffce 0235
fcab 0063 ff88
fcab 00f8 fcdb
fcab 018d fa2e
fcab 0222 0482
fcab 02b7 01d5
fcab 034c ff28
fcab 03e1 fc7b
fcab 0476 f9ce
fcab 050b 0422
fcab 05a0 0175
fcab 0635 fec8
fcab 06ca fc1b
fcab 075f f96e
fcab 07f4 03c2
fcab 0889 0115
fcab 091e fe68
fcab 09b3 fbbb
fcab 0a48 060f
fcab 0add 0362
fcab 0b72 00b5
fcab 0c07 fe08
fcab 0c9c fb5b
ffa6 f300 059b
ffa6 f395 fb91
ffa6 f42a fe88
ffa6 f4bf 017f
ffa6 f554 0476
ffa6 f5e9 fa6c
ffa6 f67e fd63
ffa6 f713 005a
ffa6 f7a8 0351
ffa6 f83d 0648
ffa6 f8d2 fc3e
ffa6 f967 ff35
ffa6 f9fc 022c
ffa6 fa91 0523
ffa6 fb26 fb19
ffa6 fbbb fe10
ffa6 fc50 0107
ffa6 fce5 03fe
ffa6 fd7a f9f4
ffa6 fe0f fceb
ffa6 fea4 ffe2
ffa6 ff39 02d9
ffa6 ffce 05d0
ffa6 0063 fbc6
ffa6 00f8 febd
ffa6 018d 01b4
ffa6 0222 04ab
ffa6 02b7 faa1
ffa6 034c fd98
ffa6 03e1 008f
ffa6 0476 0386
ffa6 050b 067d
ffa6 05a0 fc73
ffa6 0635 ff6a
ffa6 06ca 0261
ffa6 075f 0558
ffa6 07f4 fb4e
ffa6 0889 fe45
ffa6 091e 013c
ffa6 09b3 0433
ffa6 0a48 fa29
ffa6 0add fd20
ffa6 0b72 0017
ffa6 0c07 030e
ffa6 0c9c 0605
fef1 f300 0327
fef1 f395 04b6
fef1 f42a 0645
fef1 f4bf fad3
fef1 f554 fc62
fef1 f5e9 fdf1
fef1 f67e ff80
fef1 f713 010f
fef1 f7a8 029e
fef1 f83d 042d
fef1 f8d2 05bc
fef1 f967 fa4a
fef1 f9fc fbd9
fef1 fa91 fd68
fef1 fb26 fef7
fef1 fbbb 0086
fef1 fc50 0215
fef1 fce5 03a4
fef1 fd7a 0533
fef1 fe0f f9c1
fef1 fea4 fb50
fef1 ff39 fcdf
fef1 ffce fe6e
fef1 0063 fffd
fef1 00f8 018c
fef1 018d 031b
fef1 0222 04aa
fef1 02b7 0639
fef1 034c fac7
fef1 03e1 fc56
fef1 0476 fde5
fef1 050b ff74
fef1 05a0 0103
fef1 0635 0292
fef1 06ca 0421
fef1 075f 05b0
fef1 07f4 fa3e
fef1 0889 fbcd
fef1 091e fd5c
fef1 09b3 feeb
fef1 0a48 007a
fef1 0add 0209
fef1 0b72 0398
fef1 0c07 0527
fef1 0c9c f9b5
033e f300 01c4
033e f395 04c4
033e f42a fac3
033e f4bf fdc3
033e f554 00c3
033e f5e9 03c3
033e f67e f9c2
033e f713 fcc2
033e f7a8 ffc2
033e f83d 02c2
033e f8d2 05c2
033e f967 fbc1
033e f9fc fec1
033e fa91 01c1
033e fb26 04c1
033e fbbb fac0
033e fc50 fdc0
033e fce5 00c0
033e fd7a 03c0
033e fe0f f9bf
033e fea4 fcbf
033e ff39 ffbf
033e ffce 02bf
033e 0063 05bf
033e 00f8 fbbe
033e 018d febe
033e 0222 01be
033e 02b7 04be
033e 034c fabd
033e 03e1 fdbd
033e 0476 00bd
033e 050b 03bd
033e 05a0 f9bc
033e 0635 fcbc
033e 06ca ffbc
033e 075f 02bc
033e 07f4 05bc
033e 0889 fbbb
033e 091e febb
033e 09b3 01bb
033e 0a48 04bb
033e 0add faba
033e 0b72 fdba
033e 0c07 00ba
033e 0c9c 03ba
006b f300 059e
006b f395 fd53
006b f42a 0209
006b f4bf f9be
006b f554 fe74
006b f5e9 032a
006b f67e fadf
006b f713 ff95
006b f7a8 044b
006b f83d fc00
006b f8d2 00b6
006b f967 056c
006b f9fc fd21
006b fa91 01d7
006b fb26 f98c
006b fbbb fe42
006b fc50 02f8
006b fce5 faad
006b fd7a ff63
006b fe0f 0419
006b fea4 fbce
006b ff39 0084
006b ffce 053a
006b 0063 fcef
006b 00f8 01a5
006b 018d 065b
006b 0222 fe10
006b 02b7 02c6
006b 034c fa7b
006b 03e1 ff31
006b 0476 03e7
006b 050b fb9c
006b 05a0 0052
006b 0635 0508
006b 06ca fcbd
006b 075f 0173
006b 07f4 0629
006b 0889 fdde
006b 091e 0294
006b 09b3 fa49
006b 0a48 feff
006b 0add 03b5
006b 0b72 fb6a
006b 0c07 0020
006b 0c9c 04d6
fa73 f300 fe33
fa73 f395 02f7
fa73 f42a faba
fa73 f4bf ff7e
fa73 f554 0442
fa73 f5e9 fc05
fa73 f67e 00c9
fa73 f713 058d
fa73 f7a8 fd50
fa73 f83d 0214
fa73 f8d2 f9d7
fa73 f967 fe9b
fa73 f9fc 035f
fa73 fa91 fb22
fa73 fb26 ffe6
fa73 fbbb 04aa
fa73 fc50 fc6d
fa73 fce5 0131
fa73 fd7a 05f5
fa73 fe0f fdb8
fa73 fea4 027c
fa73 ff39 fa3f
fa73 ffce ff03
fa73 0063 03c7
fa73 00f8 fb8a
fa73 018d 004e
fa73 0222 0512
fa73 02b7 fcd5
fa73 034c 0199
fa73 03e1 065d
fa73 0476 fe20
fa73 050b 02e4
fa73 05a0 faa7
fa73 0635 ff6b
fa73 06ca 042f
fa73 075f fbf2
fa73 07f4 00b6
fa73 0889 057a
fa73 091e fd3d
fa73 09b3 0201
fa73 0a48 f9c4
fa73 0add fe88
fa73 0b72 034c
fa73 0c07 fb0f
fa73 0c9c ffd3
ff09 f300 05fe
ff09 f395 018f
ff09 f42a fd20
ff09 f4bf 05b2
ff09 f554 0143
ff09 f5e9 fcd4
ff09 f67e 0566
ff09 f713 00f7
ff09 f7a8 fc88
ff09 f83d 051a
ff09 f8d2 00ab
ff09 f967 fc3c
ff09 f9fc 04ce
ff09 fa91 005f
ff09 fb26 fbf0
ff09 fbbb 0482
ff09 fc50 0013
ff09 fce5 fba4
ff09 fd7a 0436
ff09 fe0f ffc7
ff09 fea4 fb58
ff09 ff39 03ea
ff09 ffce ff7b
ff09 0063 fb0c
ff09 00f8 039e
ff09 018d ff2f
ff09 0222 fac0
ff09 02b7 0352
ff09 034c fee3
ff09 03e1 fa74
ff09 0476 0306
ff09 050b fe97
ff09 05a0 fa28
ff09 0635 02ba
ff09 06ca fe4b
ff09 075f f9dc
ff09 07f4 026e
ff09 0889 fdff
ff09 091e f990
ff09 09b3 0222
ff09 0a48 fdb3
ff09 0add 0645
ff09 0b72 01d6
ff09 0c07 fd67
ff09 0c9c 05f9
fc49 f300 fc61
fc49 f395 0300
fc49 f42a fc9e
fc49 f4bf 033d
fc49 f554 fcdb
fc49 f5e9 037a
fc49 f67e fd18
fc49 f713 03b7
fc49 f7a8 fd55
fc49 f83d 03f4
fc49 f8d2 fd92
fc49 f967 0431
fc49 f9fc fdcf
fc49 fa91 046e
fc49 fb26 fe0c
fc49 fbbb 04ab
fc49 fc50 fe49
fc49 fce5 04e8
fc49 fd7a fe86
fc49 fe0f 0525
fc49 fea4 fec3
fc49 ff39 0562
fc49 ffce ff00
fc49 0063 059f
fc49 00f8 ff3d
fc49 018d 05dc
fc49 0222 ff7a
fc49 02b7 0619
fc49 034c ffb7
fc49 03e1 0656
fc49 0476 fff4
fc49 050b f992
fc49 05a0 0031
fc49 0635 f9cf
fc49 06ca 006e
fc49 075f fa0c
fc49 07f4 00ab
fc49 0889 fa49
fc49 091e 00e8
fc49 09b3 fa86
fc49 0a48 0125
fc49 0add fac3
fc49 0b72 0162
fc49 0c07 fb00
fc49 0c9c 019f
fe72 f300 fd56
fe72 f395 0383
fe72 f42a fcaf
fe72 f4bf 02dc
fe72 f554 fc08
fe72 f5e9 0235
fe72 f67e fb61
fe72 f713 018e
fe72 f7a8 faba
fe72 f83d 00e7
fe72 f8d2 fa13
fe72 f967 0040
fe72 f9fc 066d
fe72 fa91 ff99
fe72 fb26 05c6
fe72 fbbb fef2
fe72 fc50 051f
fe72 fce5 fe4b
fe72 fd7a 0478
fe72 fe0f fda4
fe72 fea4 03d1
fe72 ff39 fcfd
fe72 ffce 032a
fe72 0063 fc56
fe72 00f8 0283
fe72 018d fbaf
fe72 0222 01dc
fe72 02b7 fb08
fe72 034c 0135
fe72 03e1 fa61
fe72 0476 008e
fe72 050b f9ba
fe72 05a0 ffe7
fe72 0635 0614
fe72 06ca ff40
fe72 075f 056d
fe72 07f4 fe99
fe72 0889 04c6
fe72 091e fdf2
fe72 09b3 041f
fe72 0a48 fd4b
fe72 0add 0378
fe72 0b72 fca4
fe72 0c07 02d1
fe72 0c9c fbfd
03c1 f300 fd38
03c1 f395 fef0
03c1 f42a 00a8
03c1 f4bf 0260
03c1 f554 0418
03c1 f5e9 05d0
03c1 f67e fa87
03c1 f713 fc3f
03c1 f7a8 fdf7
03c1 f83d ffaf
03c1 f8d2 0167
03c1 f967 031f
03c1 f9fc 04d7
03c1 fa91 f98e
03c1 fb26 fb46
03c1 fbbb fcfe
03c1 fc50 feb6
03c1 fce5 006e
03c1 fd7a 0226
03c1 fe0f 03de
03c1 fea4 0596
03c1 ff39 fa4d
03c1 ffce fc05
03c1 0063 fdbd
03c1 00f8 ff75
03c1 018d 012d
03c1 0222 02e5
03c1 02b7 049d
03c1 034c 0655
03c1 03e1 fb0c
03c1 0476 fcc4
03c1 050b fe7c
03c1 05a0 0034
03c1 0635 01ec
03c1 06ca 03a4
03c1 075f 055c
03c1 07f4 fa13
03c1 0889 fbcb
03c1 091e fd83
03c1 09b3 ff3b
03c1 0a48 00f3
03c1 0add 02ab
03c1 0b72 0463
03c1 0c07 061b
03c1 0c9c fad2
fa1c f300 05c9
fa1c f395 fc83
fa1c f42a 003e
fa1c f4bf 03f9
fa1c f554 fab3
fa1c f5e9 fe6e
fa1c f67e 0229
fa1c f713 05e4
fa1c f7a8 fc9e
fa1c f83d 0059
fa1c f8d2 0414
fa1c f967 face
fa1c f9fc fe89
fa1c fa91 0244
fa1c fb26 05ff
fa1c fbbb fcb9
fa1c fc50 0074
fa1c fce5 042f
fa1c fd7a fae9
fa1c fe0f fea4
fa1c fea4 025f
fa1c ff39 061a
fa1c ffce fcd4
fa1c 0063 008f
fa1c 00f8 044a
fa1c 018d fb04
fa1c 0222 febf
fa1c 02b7 027a
fa1c 034c 0635
fa1c 03e1 fcef
fa1c 0476 00aa
fa1c 050b 0465
fa1c 05a0 fb1f
fa1c 0635 feda
fa1c 06ca 0295
fa1c 075f 0650
fa1c 07f4 fd0a
fa1c 0889 00c5
fa1c 091e 0480
fa1c 09b3 fb3a
fa1c 0a48 fef5
fa1c 0add 02b0
fa1c 0b72 f96a
fa1c 0c07 fd25
fa1c 0c9c 00e0
fd2b f300 0288
fd2b f395 0293
fd2b f42a 029e
fd2b f4bf 02a9
fd2b f554 02b4
fd2b f5e9 02bf
fd2b f67e 02ca
fd2b f713 02d5
fd2b f7a8 02e0
fd2b f83d 02eb
fd2b f8d2 02f6
fd2b f967 0301
fd2b f9fc 030c
fd2b fa91 0317
fd2b fb26 0322
fd2b fbbb 032d
fd2b fc50 0338
fd2b fce5 0343
fd2b fd7a 034e
fd2b fe0f 0359
fd2b fea4 0364
fd2b ff39 036f
fd2b ffce 037a
fd2b 0063 0385
fd2b 00f8 0390
fd2b 018d 039b
fd2b 0222 03a6
fd2b 02b7 03b1
fd2b 034c 03bc
fd2b 03e1 03c7
fd2b 0476 03d2
fd2b 050b 03dd
fd2b 05a0 03e8
fd2b 0635 03f3
fd2b 06ca 03fe
fd2b 075f 0409
fd2b 07f4 0414
fd2b 0889 041f
fd2b 091e 042a
fd2b 09b3 0435
fd2b 0a48 0440
fd2b 0add 044b
fd2b 0b72 0456
fd2b 0c07 0461
fd2b 0c9c 046c
01c0 f300 fca9
01c0 f395 062d
01c0 f42a 02b0
01c0 f4bf ff33
01c0 f554 fbb6
01c0 f5e9 053a
01c0 f67e 01bd
01c0 f713 fe40
01c0 f7a8 fac3
01c0 f83d 0447
01c0 f8d2 00ca
01c0 f967 fd4d
01c0 f9fc f9d0
01c0 fa91 0354
01c0 fb26 ffd7
01c0 fbbb fc5a
01c0 fc50 05de
01c0 fce5 0261
01c0 fd7a fee4
01c0 fe0f fb67
01c0 fea4 04eb
01c0 ff39 016e
01c0 ffce fdf1
01c0 0063 fa74
01c0 00f8 03f8
01c0 018d 007b
01c0 0222 fcfe
01c0 02b7 0682
01c0 034c 0305
01c0 03e1 ff88
01c0 0476 fc0b
01c0 050b 058f
01c0 05a0 0212
01c0 0635 fe95
01c0 06ca fb18
01c0 075f 049c
01c0 07f4 011f
01c0 0889 fda2
01c0 091e fa25
01c0 09b3 03a9
01c0 0a48 002c
01c0 0add fcaf
01c0 0b72 0633
01c0 0c07 02b6
01c0 0c9c ff39
fbd7 f300 ff25
fbd7 f395 01b8
fbd7 f42a 044b
fbd7 f4bf f9dd
fbd7 f554 fc70
fbd7 f5e9 ff03
fbd7 f67e 0196
fbd7 f713 0429
fbd7 f7a8 f9bb
fbd7 f83d fc4e
fbd7 f8d2 fee1
fbd7 f967 0174
fbd7 f9fc 0407
fbd7 fa91 f999
fbd7 fb26 fc2c
fbd7 fbbb febf
fbd7 fc50 0152
fbd7 fce5 03e5
fbd7 fd7a 0678
fbd7 fe0f fc0a
fbd7 fea4 fe9d
fbd7 ff39 0130
fbd7 ffce 03c3
fbd7 0063 0656
fbd7 00f8 fbe8
fbd7 018d fe7b
fbd7 0222 010e
fbd7 02b7 03a1
fbd7 034c 0634
fbd7 03e1 fbc6
fbd7 0476 fe59
fbd7 050b 00ec
fbd7 05a0 037f
fbd7 0635 0612
fbd7 06ca fba4
fbd7 075f fe37
fbd7 07f4 00ca
fbd7 0889 035d
fbd7 091e 05f0
fbd7 09b3 fb82
fbd7 0a48 fe15
fbd7 0add 00a8
fbd7 0b72 033b
fbd7 0c07 05ce
fbd7 0c9c fb60
02a5 f300 04cb
02a5 f395 03bb
02a5 f42a 02ab
02a5 f4bf 019b
02a5 f554 008b
02a5 f5e9 ff7b
02a5 f67e fe6b
02a5 f713 fd5b
02a5 f7a8 fc4b
02a5 f83d fb3b
02a5 f8d2 fa2b
02a5 f967 061c
02a5 f9fc 050c
02a5 fa91 03fc
02a5 fb26 02ec
02a5 fbbb 01dc
02a5 fc50 00cc
02a5 fce5 ffbc
02a5 fd7a feac
02a5 fe0f fd9c
02a5 fea4 fc8c
02a5 ff39 fb7c
02a5 ffce fa6c
02a5 0063 065d
02a5 00f8 054d
02a5 018d 043d
02a5 0222 032d
02a5 02b7 021d
02a5 034c 010d
02a5 03e1 fffd
02a5 0476 feed
02a5 050b fddd
02a5 05a0 fccd
02a5 0635 fbbd
02a5 06ca faad
02a5 075f f99d
02a5 07f4 058e
02a5 0889 047e
02a5 091e 036e
02a5 09b3 025e
02a5 0a48 014e
02a5 0add 003e
02a5 0b72 ff2e
02a5 0c07 fe1e
02a5 0c9c fd0e
fb05 f300 038e
fb05 f395 000b
fb05 f42a fc88
fb05 f4bf 0606
fb05 f554 0283
fb05 f5e9 ff00
fb05 f67e fb7d
fb05 f713 04fb
fb05 f7a8 0178
fb05 f83d fdf5
fb05 f8d2 fa72
fb05 f967 03f0
fb05 f9fc 006d
fb05 fa91 fcea
fb05 fb26 0668
fb05 fbbb 02e5
fb05 fc50 ff62
fb05 fce5 fbdf
fb05 fd7a 055d
fb05 fe0f 01da
fb05 fea4 fe57
fb05 ff39 fad4
fb05 ffce 0452
fb05 0063 00cf
fb05 00f8 fd4c
fb05 018d f9c9
fb05 0222 0347
fb05 02b7 ffc4
fb05 034c fc41
fb05 03e1 05bf
fb05 0476 023c
fb05 050b feb9
fb05 05a0 fb36
fb05 0635 04b4
fb05 06ca 0131
fb05 075f fdae
fb05 07f4 fa2b
fb05 0889 03a9
fb05 091e 0026
fb05 09b3 fca3
fb05 0a48 0621
fb05 0add 029e
fb05 0b72 ff1b
fb05 0c07 fb98
fb05 0c9c 0516
fbb1 f300 0011
fbb1 f395 fcf5
fbb1 f42a f9d9
fbb1 f4bf 03be
fbb1 f554 00a2
fbb1 f5e9 fd86
fbb1 f67e fa6a
fbb1 f713 044f
fbb1 f7a8 0133
fbb1 f83d fe17
fbb1 f8d2 fafb
fbb1 f967 04e0
fbb1 f9fc 01c4
fbb1 fa91 fea8
fbb1 fb26 fb8c
fbb1 fbbb 0571
fbb1 fc50 0255
fbb1 fce5 ff39
fbb1 fd7a fc1d
fbb1 fe0f 0602
fbb1 fea4 02e6
fbb1 ff39 ffca
fbb1 ffce fcae
fbb1 0063 f992
fbb1 00f8 0377
fbb1 018d 005b
fbb1 0222 fd3f
fbb1 02b7 fa23
fbb1 034c 0408
fbb1 03e1 00ec
fbb1 0476 fdd0
fbb1 050b fab4
fbb1 05a0 0499
fbb1 0635 017d
fbb1 06ca fe61
fbb1 075f fb45
fbb1 07f4 052a
fbb1 0889 020e
fbb1 091e fef2
fbb1 09b3 fbd6
fbb1 0a48 05bb
fbb1 0add 029f
fbb1 0b72 ff83
fbb1 0c07 fc67
fbb1 0c9c f94b
01ae f300 fdc8
01ae f395 054a
01ae f42a ffcb
01ae f4bf fa4c
01ae f554 01ce
01ae f5e9 fc4f
01ae f67e 03d1
01ae f713 fe52
01ae f7a8 05d4
01ae f83d 0055
01ae f8d2 fad6
01ae f967 0258
01ae f9fc fcd9
01ae fa91 045b
01ae fb26 fedc
01ae fbbb 065e
01ae fc50 00df
01ae fce5 fb60
01ae fd7a 02e2
01ae fe0f fd63
01ae fea4 04e5
01ae ff39 ff66
01ae ffce f9e7
01ae 0063 0169
01ae 00f8 fbea
01ae 018d 036c
01ae 0222 fded
01ae 02b7 056f
01ae 034c fff0
01ae 03e1 fa71
01ae 0476 01f3
01ae 050b fc74
01ae 05a0 03f6
01ae 0635 fe77
01ae 06ca 05f9
01ae 075f 007a
01ae 07f4 fafb
01ae 0889 027d
01ae 091e fcfe
01ae 09b3 0480
01ae 0a48 ff01
01ae 0add 0683
01ae 0b72 0104
01ae 0c07 fb85
01ae 0c9c 0307
022b f300 0247
022b f395 0380
022b f42a 04b9
022b f4bf 05f2
022b f554 fa2a
022b f5e9 fb63
022b f67e fc9c
022b f713 fdd5
022b f7a8 ff0e
022b f83d 0047
022b f8d2 0180
022b f967 02b9
022b f9fc 03f2
022b fa91 052b
022b fb26 0664
022b fbbb fa9c
022b fc50 fbd5
022b fce5 fd0e
022b fd7a fe47
022b fe0f ff80
022b fea4 00b9
022b ff39 01f2
022b ffce 032b
022b 0063 0464
022b 00f8 059d
022b 018d f9d5
022b 0222 fb0e
022b 02b7 fc47
022b 034c fd80
022b 03e1 feb9
022b 0476 fff2
022b 050b 012b
022b 05a0 0264
022b 0635 039d
022b 06ca 04d6
022b 075f 060f
022b 07f4 fa47
022b 0889 fb80
022b 091e fcb9
022b 09b3 fdf2
022b 0a48 ff2b
022b 0add 0064
022b 0b72 019d
022b 0c07 02d6
022b 0c9c 040f
034b f300 fd58
034b f395 04af
034b f42a ff05
034b f4bf f95b
034b f554 00b2
034b f5e9 fb08
034b f67e 025f
034b f713 fcb5
034b f7a8 040c
034b f83d fe62
034b f8d2 05b9
034b f967 000f
034b f9fc fa65
034b fa91 01bc
034b fb26 fc12
034b fbbb 0369
034b fc50 fdbf
034b fce5 0516
034b fd7a ff6c
034b fe0f f9c2
034b fea4 0119
034b ff39 fb6f
034b ffce 02c6
034b 0063 fd1c
034b 00f8 0473
034b 018d fec9
034b 0222 0620
034b 02b7 0076
034b 034c facc
034b 03e1 0223
034b 0476 fc79
034b 050b 03d0
034b 05a0 fe26
034b 0635 057d
034b 06ca ffd3
034b 075f fa29
034b 07f4 0180
034b 0889 fbd6
034b 091e 032d
034b 09b3 fd83
034b 0a48 04da
034b 0add ff30
034b 0b72 0687
034b 0c07 00dd
034b 0c9c fb33
fb1d f300 0665
fb1d f395 fce4
fb1d f42a 0064
fb1d f4bf 03e4
fb1d f554 fa63
fb1d f5e9 fde3
fb1d f67e 0163
fb1d f713 04e3
fb1d f7a8 fb62
fb1d f83d fee2
fb1d f8d2 0262
fb1d f967 05e2
fb1d f9fc fc61
fb1d fa91 ffe1
fb1d fb26 0361
fb1d fbbb f9e0
fb1d fc50 fd60
fb1d fce5 00e0
fb1d fd7a 0460
fb1d fe0f fadf
fb1d fea4 fe5f
fb1d ff39 01df
fb1d ffce 055f
fb1d 0063 fbde
fb1d 00f8 ff5e
fb1d 018d 02de
fb1d 0222 065e
fb1d 02b7 fcdd
fb1d 034c 005d
fb1d 03e1 03dd
fb1d 0476 fa5c
fb1d 050b fddc
fb1d 05a0 015c
fb1d 0635 04dc
fb1d 06ca fb5b
fb1d 075f fedb
fb1d 07f4 025b
fb1d 0889 05db
fb1d 091e fc5a
fb1d 09b3 ffda
fb1d 0a48 035a
fb1d 0add f9d9
fb1d 0b72 fd59
fb1d 0c07 00d9
fb1d 0c9c 0459
0367 f300 02d3
0367 f395 fa81
0367 f42a ff30
0367 f4bf 03df
0367 f554 fb8d
0367 f5e9 003c
0367 f67e 04eb
0367 f713 fc99
0367 f7a8 0148
0367 f83d 05f7
0367 f8d2 fda5
0367 f967 0254
0367 f9fc fa02
0367 fa91 feb1
0367 fb26 0360
0367 fbbb fb0e
0367 fc50 ffbd
0367 fce5 046c
0367 fd7a fc1a
0367 fe0f 00c9
0367 fea4 0578
0367 ff39 fd26
0367 ffce 01d5
0367 0063 f983
0367 00f8 fe32
0367 018d 02e1
0367 0222 fa8f
0367 02b7 ff3e
0367 034c 03ed
0367 03e1 fb9b
0367 0476 004a
0367 050b 04f9
0367 05a0 fca7
0367 0635 0156
0367 06ca 0605
0367 075f fdb3
0367 07f4 0262
0367 0889 fa10
0367 091e febf
0367 09b3 036e
0367 0a48 fb1c
0367 0add ffcb
0367 0b72 047a
0367 0c07 fc28
0367 0c9c 00d7
060e f300 fbef
060e f395 0139
060e f42a f982
060e f4bf fecc
060e f554 0416
060e f5e9 fc5f
060e f67e 01a9
060e f713 f9f2
060e f7a8 ff3c
060e f83d 0486
060e f8d2 fccf
060e f967 0219
060e f9fc fa62
060e fa91 ffac
060e fb26 04f6
060e fbbb fd3f
060e fc50 0289
060e fce5 fad2
060e fd7a 001c
060e fe0f 0566
060e fea4 fdaf
060e ff39 02f9
060e ffce fb42
060e 0063 008c
060e 00f8 05d6
060e 018d fe1f
060e 0222 0369
060e 02b7 fbb2
060e 034c 00fc
060e 03e1 0646
060e 0476 fe8f
060e 050b 03d9
060e 05a0 fc22
060e 0635 016c
060e 06ca f9b5
060e 075f feff
060e 07f4 0449
060e 0889 fc92
060e 091e 01dc
060e 09b3 fa25
060e 0a48 ff6f
060e 0add 04b9
060e 0b72 fd02
060e 0c07 024c
060e 0c9c fa95
0069 f300 044c
0069 f395 fa56
0069 f42a fd61
0069 f4bf 006c
0069 f554 0377
0069 f5e9 f981
0069 f67e fc8c
0069 f713 ff97
0069 f7a8 02a2
0069 f83d 05ad
0069 f8d2 fbb7
0069 f967 fec2
0069 f9fc 01cd
0069 fa91 04d8
0069 fb26 fae2
0069 fbbb fded
0069 fc50 00f8
0069 fce5 0403
0069 fd7a fa0d
0069 fe0f fd18
0069 fea4 0023
0069 ff39 032e
0069 ffce 0639
0069 0063 fc43
0069 00f8 ff4e
0069 018d 0259
0069 0222 0564
0069 02b7 fb6e
0069 034c fe79
0069 03e1 0184
0069 0476 048f
0069 050b fa99
0069 05a0 fda4
0069 0635 00af
0069 06ca 03ba
0069 075f f9c4
0069 07f4 fccf
0069 0889 ffda
0069 091e 02e5
0069 09b3 05f0
0069 0a48 fbfa
0069 0add ff05
0069 0b72 0210
0069 0c07 051b
0069 0c9c fb25
01a6 f300 0581
01a6 f395 0657
01a6 f42a fa2c
01a6 f4bf fb02
01a6 f554 fbd8
01a6 f5e9 fcae
01a6 f67e fd84
01a6 f713 fe5a
01a6 f7a8 ff30
01a6 f83d 0006
01a6 f8d2 00dc
01a6 f967 01b2
01a6 f9fc 0288
01a6 fa91 035e
01a6 fb26 0434
01a6 fbbb 050a
01a6 fc50 05e0
01a6 fce5 f9b5
01a6 fd7a fa8b
01a6 fe0f fb61
01a6 fea4 fc37
01a6 ff39 fd0d
01a6 ffce fde3
01a6 0063 feb9
01a6 00f8 ff8f
01a6 018d 0065
01a6 0222 013b
01a6 02b7 0211
01a6 034c 02e7
01a6 03e1 03bd
01a6 0476 0493
01a6 050b 0569
01a6 05a0 063f
01a6 0635 fa14
01a6 06ca faea
01a6 075f fbc0
01a6 07f4 fc96
01a6 0889 fd6c
01a6 091e fe42
01a6 09b3 ff18
01a6 0a48 ffee
01a6 0add 00c4
01a6 0b72 019a
01a6 0c07 0270
01a6 0c9c 0346
024b f300 fd65
024b f395 ff4c
024b f42a 0133
024b f4bf 031a
024b f554 0501
024b f5e9 f9e7
024b f67e fbce
024b f713 fdb5
024b f7a8 ff9c
024b f83d 0183
024b f8d2 036a
024b f967 0551
024b f9fc fa37
024b fa91 fc1e
024b fb26 fe05
024b fbbb ffec
024b fc50 01d3
024b fce5 03ba
024b fd7a 05a1
024b fe0f fa87
024b fea4 fc6e
024b ff39 fe55
024b ffce 003c
024b 0063 0223
024b 00f8 040a
024b 018d 05f1
024b 0222 fad7
024b 02b7 fcbe
024b 034c fea5
024b 03e1 008c
024b 0476 0273
024b 050b 045a
024b 05a0 0641
024b 0635 fb27
024b 06ca fd0e
024b 075f fef5
024b 07f4 00dc
024b 0889 02c3
024b 091e 04aa
024b 09b3 0691
024b 0a48 fb77
024b 0add fd5e
024b 0b72 ff45
024b 0c07 012c
024b 0c9c 0313
00b1 f300 ffd0
00b1 f395 fde2
00b1 f42a fbf4
00b1 f4bf fa06
00b1 f554 0519
00b1 f5e9 032b
00b1 f67e 013d
00b1 f713 ff4f
00b1 f7a8 fd61
00b1 f83d fb73
00b1 f8d2 f985
00b1 f967 0498
00b1 f9fc 02aa
00b1 fa91 00bc
00b1 fb26 fece
00b1 fbbb fce0
00b1 fc50 faf2
00b1 fce5 0605
00b1 fd7a 0417
00b1 fe0f 0229
00b1 fea4 003b
00b1 ff39 fe4d
00b1 ffce fc5f
00b1 0063 fa71
00b1 00f8 0584
00b1 018d 0396
00b1 0222 01a8
00b1 02b7 ffba
00b1 034c fdcc
00b1 03e1 fbde
00b1 0476 f9f0
00b1 050b 0503
00b1 05a0 0315
00b1 0635 0127
00b1 06ca ff39
00b1 075f fd4b
00b1 07f4 fb5d
00b1 0889 0670
00b1 091e 0482
00b1 09b3 0294
00b1 0a48 00a6
00b1 0add feb8
00b1 0b72 fcca
00b1 0c07 fadc
00b1 0c9c 05ef
ff15 f300 00e9
ff15 f395 067c
ff15 f42a ff0e
ff15 f4bf 04a1
ff15 f554 fd33
ff15 f5e9 02c6
ff15 f67e fb58
ff15 f713 00eb
ff15 f7a8 067e
ff15 f83d ff10
ff15 f8d2 04a3
ff15 f967 fd35
ff15 f9fc 02c8
ff15 fa91 fb5a
ff15 fb26 00ed
ff15 fbbb 0680
ff15 fc50 ff12
ff15 fce5 04a5
ff15 fd7a fd37
ff15 fe0f 02ca
ff15 fea4 fb5c
ff15 ff39 00ef
ff15 ffce f981
ff15 0063 ff14
ff15 00f8 04a7
ff15 018d fd39
ff15 0222 02cc
ff15 02b7 fb5e
ff15 034c 00f1
ff15 03e1 f983
ff15 0476 ff16
ff15 050b 04a9
ff15 05a0 fd3b
ff15 0635 02ce
ff15 06ca fb60
ff15 075f 00f3
ff15 07f4 f985
ff15 0889 ff18
ff15 091e 04ab
ff15 09b3 fd3d
ff15 0a48 02d0
ff15 0add fb62
ff15 0b72 00f5
ff15 0c07 f987
ff15 0c9c ff1a
fedd f300 02f4
fedd f395 00d6
fedd f42a feb8
fedd f4bf fc9a
fedd f554 fa7c
fedd f5e9 055f
fedd f67e 0341
fedd f713 0123
fedd f7a8 ff05
fedd f83d fce7
fedd f8d2 fac9
fedd f967 05ac
fedd f9fc 038e
fedd fa91 0170
fedd fb26 ff52
fedd fbbb fd34
fedd fc50 fb16
fedd fce5 05f9
fedd fd7a 03db
fedd fe0f 01bd
fedd fea4 ff9f
fedd ff39 fd81
fedd ffce fb63
fedd 0063 0646
fedd 00f8 0428
fedd 018d 020a
fedd 0222 ffec
fedd 02b7 fdce
fedd 034c fbb0
fedd 03e1 f992
fedd 0476 0475
fedd 050b 0257
fedd 05a0 0039
fedd 0635 fe1b
fedd 06ca fbfd
fedd 075f f9df
fedd 07f4 04c2
fedd 0889 02a4
fedd 091e 0086
fedd 09b3 fe68
fedd 0a48 fc4a
fedd 0add fa2c
fedd 0b72 050f
fedd 0c07 02f1
fedd 0c9c 00d3
fe34 f300 fb6b
fe34 f395 01e7
fe34 f42a fb62
fe34 f4bf 01de
fe34 f554 fb59
fe34 f5e9 01d5
fe34 f67e fb50
fe34 f713 01cc
fe34 f7a8 fb47
fe34 f83d 01c3
fe34 f8d2 fb3e
fe34 f967 01ba
fe34 f9fc fb35
fe34 fa91 01b1
fe34 fb26 fb2c
fe34 fbbb 01a8
fe34 fc50 fb23
fe34 fce5 019f
fe34 fd7a fb1a
fe34 fe0f 0196
fe34 fea4 fb11
fe34 ff39 018d
fe34 ffce fb08
fe34 0063 0184
fe34 00f8 faff
fe34 018d 017b
fe34 0222 faf6
fe34 02b7 0172
fe34 034c faed
fe34 03e1 0169
fe34 0476 fae4
fe34 050b 0160
fe34 05a0 fadb
fe34 0635 0157
fe34 06ca fad2
fe34 075f 014e
fe34 07f4 fac9
fe34 0889 0145
fe34 091e fac0
fe34 09b3 013c
fe34 0a48 fab7
fe34 0add 0133
fe34 0b72 faae
fe34 0c07 012a
fe34 0c9c faa5
0626 f300 fec6
0626 f395 fe12
0626 f42a fd5e
0626 f4bf fcaa
0626 f554 fbf6
0626 f5e9 fb42
0626 f67e fa8e
0626 f713 f9da
0626 f7a8 0627
0626 f83d 0573
0626 f8d2 04bf
0626 f967 040b
0626 f9fc 0357
0626 fa91 02a3
0626 fb26 01ef
0626 fbbb 013b
0626 fc50 0087
0626 fce5 ffd3
0626 fd7a ff1f
0626 fe0f fe6b
0626 fea4 fdb7
0626 ff39 fd03
0626 ffce fc4f
0626 0063 fb9b
0626 00f8 fae7
0626 018d fa33
0626 0222 0680
0626 02b7 05cc
0626 034c 0518
0626 03e1 0464
0626 0476 03b0
0626 050b 02fc
0626 05a0 0248
0626 0635 0194
0626 06ca 00e0
0626 075f 002c
0626 07f4 ff78
0626 0889 fec4
0626 091e fe10
0626 09b3 fd5c
0626 0a48 fca8
0626 0add fbf4
0626 0b72 fb40
0626 0c07 fa8c
0626 0c9c f9d8
0675 f300 fee9
0675 f395 0593
0675 f42a ff3c
0675 f4bf 05e6
0675 f554 ff8f
0675 f5e9 0639
0675 f67e ffe2
0675 f713 f98b
0675 f7a8 0035
0675 f83d f9de
0675 f8d2 0088
0675 f967 fa31
0675 f9fc 00db
0675 fa91 fa84
0675 fb26 012e
0675 fbbb fad7
0675 fc50 0181
0675 fce5 fb2a
0675 fd7a 01d4
0675 fe0f fb7d
0675 fea4 0227
0675 ff39 fbd0
0675 ffce 027a
0675 0063 fc23
0675 00f8 02cd
0675 018d fc76
0675 0222 0320
0675 02b7 fcc9
0675 034c 0373
0675 03e1 fd1c
0675 0476 03c6
0675 050b fd6f
0675 05a0 0419
0675 0635 fdc2
0675 06ca 046c
0675 075f fe15
0675 07f4 04bf
0675 0889 fe68
0675 091e 0512
0675 09b3 febb
0675 0a48 0565
0675 0add ff0e
0675 0b72 05b8
0675 0c07 ff61
0675 0c9c 060b
ff0a f300 f9a6
ff0a f395 fc8d
ff0a f42a ff74
ff0a f4bf 025b
ff0a f554 0542
ff0a f5e9 fb28
ff0a f67e fe0f
ff0a f713 00f6
ff0a f7a8 03dd
ff0a f83d f9c3
ff0a f8d2 fcaa
ff0a f967 ff91
ff0a f9fc 0278
ff0a fa91 055f
ff0a fb26 fb45
ff0a fbbb fe2c
ff0a fc50 0113
ff0a fce5 03fa
ff0a fd7a f9e0
ff0a fe0f fcc7
ff0a fea4 ffae
ff0a ff39 0295
ff0a ffce 057c
ff0a 0063 fb62
ff0a 00f8 fe49
ff0a 018d 0130
ff0a 0222 0417
ff0a 02b7 f9fd
ff0a 034c fce4
ff0a 03e1 ffcb
ff0a 0476 02b2
ff0a 050b 0599
ff0a 05a0 fb7f
ff0a 0635 fe66
ff0a 06ca 014d
ff0a 075f 0434
ff0a 07f4 fa1a
ff0a 0889 fd01
ff0a 091e ffe8
ff0a 09b3 02cf
ff0a 0a48 05b6
ff0a 0add fb9c
ff0a 0b72 fe83
ff0a 0c07 016a
ff0a 0c9c 0451
030a f300 f972
030a f395 0518
030a f42a 03bd
030a f4bf 0262
030a f554 0107
030a f5e9 ffac
030a f67e fe51
030a f713 fcf6
030a f7a8 fb9b
030a f83d fa40
030a f8d2 05e6
030a f967 048b
030a f9fc 0330
030a fa91 01d5
030a fb26 007a
030a fbbb ff1f
030a fc50 fdc4
030a fce5 fc69
030a fd7a fb0e
030a fe0f f9b3
030a fea4 0559
030a ff39 03fe
030a ffce 02a3
030a 0063 0148
030a 00f8 ffed
030a 018d fe92
030a 0222 fd37
030a 02b7 fbdc
030a 034c fa81
030a 03e1 0627
030a 0476 04cc
030a 050b 0371
030a 05a0 0216
030a 0635 00bb
030a 06ca ff60
030a 075f fe05
030a 07f4 fcaa
030a 0889 fb4f
030a 091e f9f4
030a 09b3 059a
030a 0a48 043f
030a 0add 02e4
030a 0b72 0189
030a 0c07 002e
030a 0c9c fed3
0487 f300 fde4
0487 f395 fbb0
0487 f42a f97c
0487 f4bf 0449
0487 f554 0215
0487 f5e9 ffe1
0487 f67e fdad
0487 f713 fb79
0487 f7a8 0646
0487 f83d 0412
0487 f8d2 01de
0487 f967 ffaa
0487 f9fc fd76
0487 fa91 fb42
0487 fb26 060f
0487 fbbb 03db
0487 fc50 01a7
0487 fce5 ff73
0487 fd7a fd3f
0487 fe0f fb0b
0487 fea4 05d8
0487 ff39 03a4
0487 ffce 0170
0487 0063 ff3c
0487 00f8 fd08
0487 018d fad4
0487 0222 05a1
0487 02b7 036d
0487 034c 0139
0487 03e1 ff05
0487 0476 fcd1
0487 050b fa9d
0487 05a0 056a
0487 0635 0336
0487 06ca 0102
0487 075f fece
0487 07f4 fc9a
0487 0889 fa66
0487 091e 0533
0487 09b3 02ff
0487 0a48 00cb
0487 0add fe97
0487 0b72 fc63
0487 0c07 fa2f
0487 0c9c 04fc
ff6d f300 f9fc
ff6d f395 faed
ff6d f42a fbde
ff6d f4bf fccf
ff6d f554 fdc0
ff6d f5e9 feb1
ff6d f67e ffa2
ff6d f713 0093
ff6d f7a8 0184
ff6d f83d 0275
ff6d f8d2 0366
ff6d f967 0457
ff6d f9fc 0548
ff6d fa91 0639
ff6d fb26 fa29
ff6d fbbb fb1a
ff6d fc50 fc0b
ff6d fce5 fcfc
ff6d fd7a fded
ff6d fe0f fede
ff6d fea4 ffcf
ff6d ff39 00c0
ff6d ffce 01b1
ff6d 0063 02a2
ff6d 00f8 0393
ff6d 018d 0484
ff6d 0222 0575
ff6d 02b7 0666
ff6d 034c fa56
ff6d 03e1 fb47
ff6d 0476 fc38
ff6d 050b fd29
ff6d 05a0 fe1a
ff6d 0635 ff0b
ff6d 06ca fffc
ff6d 075f 00ed
ff6d 07f4 01de
ff6d 0889 02cf
ff6d 091e 03c0
ff6d 09b3 04b1
ff6d 0a48 05a2
ff6d 0add f992
ff6d 0b72 fa83
ff6d 0c07 fb74
ff6d 0c9c fc65
fcf7 f300 fa36
fcf7 f395 02e7
fcf7 f42a fe97
fcf7 f4bf fa47
fcf7 f554 02f8
fcf7 f5e9 fea8
fcf7 f67e fa58
fcf7 f713 0309
fcf7 f7a8 feb9
fcf7 f83d fa69
fcf7 f8d2 031a
fcf7 f967 feca
fcf7 f9fc fa7a
fcf7 fa91 032b
fcf7 fb26 fedb
fcf7 fbbb fa8b
fcf7 fc50 033c
fcf7 fce5 feec
fcf7 fd7a fa9c
fcf7 fe0f 034d
fcf7 fea4 fefd
fcf7 ff39 faad
fcf7 ffce 035e
fcf7 0063 ff0e
fcf7 00f8 fabe
fcf7 018d 036f
fcf7 0222 ff1f
fcf7 02b7 facf
fcf7 034c 0380
fcf7 03e1 ff30
fcf7 0476 fae0
fcf7 050b 0391
fcf7 05a0 ff41
fcf7 0635 faf1
fcf7 06ca 03a2
fcf7 075f ff52
fcf7 07f4 fb02
fcf7 0889 03b3
fcf7 091e ff63
fcf7 09b3 fb13
fcf7 0a48 03c4
fcf7 0add ff74
fcf7 0b72 fb24
fcf7 0c07 03d5
fcf7 0c9c ff85
05cb f300 03b8
05cb f395 fea5
05cb f42a f992
05cb f4bf 0180
05cb f554 fc6d
05cb f5e9 045b
05cb f67e ff48
05cb f713 fa35
05cb f7a8 0223
05cb f83d fd10
05cb f8d2 04fe
05cb f967 ffeb
05cb f9fc fad8
05cb fa91 02c6
05cb fb26 fdb3
05cb fbbb 05a1
05cb fc50 008e
05cb fce5 fb7b
05cb fd7a 0369
05cb fe0f fe56
05cb fea4 0644
05cb ff39 0131
05cb ffce fc1e
05cb 0063 040c
05cb 00f8 fef9
05cb 018d f9e6
05cb 0222 01d4
05cb 02b7 fcc1
05cb 034c 04af
05cb 03e1 ff9c
05cb 0476 fa89
05cb 050b 0277
05cb 05a0 fd64
05cb 0635 0552
05cb 06ca 003f
05cb 075f fb2c
05cb 07f4 031a
05cb 0889 fe07
05cb 091e 05f5
05cb 09b3 00e2
05cb 0a48 fbcf
05cb 0add 03bd
05cb 0b72 feaa
05cb 0c07 0698
05cb 0c9c 0185
fda6 f300 05b5
fda6 f395 fdcc
fda6 f42a 02e4
fda6 f4bf fafb
fda6 f554 0013
fda6 f5e9 052b
fda6 f67e fd42
fda6 f713 025a
fda6 f7a8 fa71
fda6 f83d ff89
fda6 f8d2 04a1
fda6 f967 fcb8
fda6 f9fc 01d0
fda6 fa91 f9e7
fda6 fb26 feff
fda6 fbbb 0417
fda6 fc50 fc2e
fda6 fce5 0146
fda6 fd7a 065e
fda6 fe0f fe75
fda6 fea4 038d
fda6 ff39 fba4
fda6 ffce 00bc
fda6 0063 05d4
fda6 00f8 fdeb
fda6 018d 0303
fda6 0222 fb1a
fda6 02b7 0032
fda6 034c 054a
fda6 03e1 fd61
fda6 0476 0279
fda6 050b fa90
fda6 05a0 ffa8
fda6 0635 04c0
fda6 06ca fcd7
fda6 075f 01ef
fda6 07f4 fa06
fda6 0889 ff1e
fda6 091e 0436
fda6 09b3 fc4d
fda6 0a48 0165
fda6 0add f97c
fda6 0b72 fe94
fda6 0c07 03ac
fda6 0c9c fbc3
045f f300 fd7e
045f f395 00f1
045f f42a 0464
045f f4bf fad6
045f f554 fe49
045f f5e9 01bc
045f f67e 052f
045f f713 fba1
045f f7a8 ff14
045f f83d 0287
045f f8d2 05fa
045f f967 fc6c
045f f9fc ffdf
045f fa91 0352
045f fb26 f9c4
045f fbbb fd37
045f fc50 00aa
045f fce5 041d
045f fd7a fa8f
045f fe0f fe02
045f fea4 0175
045f ff39 04e8
045f ffce fb5a
045f 0063 fecd
045f 00f8 0240
045f 018d 05b3
045f 0222 fc25
045f 02b7 ff98
045f 034c 030b
045f 03e1 067e
045f 0476 fcf0
045f 050b 0063
045f 05a0 03d6
045f 0635 fa48
045f 06ca fdbb
045f 075f 012e
045f 07f4 04a1
045f 0889 fb13
045f 091e fe86
045f 09b3 01f9
045f 0a48 056c
045f 0add fbde
045f 0b72 ff51
045f 0c07 02c4
045f 0c9c 0637
f9ca f300 03ab
f9ca f395 0408
f9ca f42a 0465
f9ca f4bf 04c2
f9ca f554 051f
f9ca f5e9 057c
f9ca f67e 05d9
f9ca f713 0636
f9ca f7a8 0693
f9ca f83d f9ef
f9ca f8d2 fa4c
f9ca f967 faa9
f9ca f9fc fb06
f9ca fa91 fb63
f9ca fb26 fbc0
f9ca fbbb fc1d
f9ca fc50 fc7a
f9ca fce5 fcd7
f9ca fd7a fd34
f9ca fe0f fd91
f9ca fea4 fdee
f9ca ff39 fe4b
f9ca ffce fea8
f9ca 0063 ff05
f9ca 00f8 ff62
f9ca 018d ffbf
f9ca 0222 001c
f9ca 02b7 0079
f9ca 034c 00d6
f9ca 03e1 0133
f9ca 0476 0190
f9ca 050b 01ed
f9ca 05a0 024a
f9ca 0635 02a7
f9ca 06ca 0304
f9ca 075f 0361
f9ca 07f4 03be
f9ca 0889 041b
f9ca 091e 0478
f9ca 09b3 04d5
f9ca 0a48 0532
f9ca 0add 058f
f9ca 0b72 05ec
f9ca 0c07 f948
f9ca 0c9c f9a5
0284 f300 fc03
0284 f395 fff0
0284 f42a 03dd
0284 f4bf fac9
0284 f554 feb6
0284 f5e9 02a3
0284 f67e f98f
0284 f713 fd7c
0284 f7a8 0169
0284 f83d 0556
0284 f8d2 fc42
0284 f967 002f
0284 f9fc 041c
0284 fa91 fb08
0284 fb26 fef5
0284 fbbb 02e2
0284 fc50 f9ce
0284 fce5 fdbb
0284 fd7a 01a8
0284 fe0f 0595
0284 fea4 fc81
0284 ff39 006e
0284 ffce 045b
0284 0063 fb47
0284 00f8 ff34
0284 018d 0321
0284 0222 fa0d
0284 02b7 fdfa
0284 034c 01e7
0284 03e1 05d4
0284 0476 fcc0
0284 050b 00ad
0284 05a0 049a
0284 0635 fb86
0284 06ca ff73
0284 075f 0360
0284 07f4 fa4c
0284 0889 fe39
0284 091e 0226
0284 09b3 0613
0284 0a48 fcff
0284 0add 00ec
0284 0b72 04d9
0284 0c07 fbc5
0284 0c9c ffb2
fc98 f300 fc84
fc98 f395 fd80
fc98 f42a fe7c
fc98 f4bf ff78
fc98 f554 0074
fc98 f5e9 0170
fc98 f67e 026c
fc98 f713 0368
fc98 f7a8 0464
fc98 f83d 0560
fc98 f8d2 065c
fc98 f967 fa57
fc98 f9fc fb53
fc98 fa91 fc4f
fc98 fb26 fd4b
fc98 fbbb fe47
fc98 fc50 ff43
fc98 fce5 003f
fc98 fd7a 013b
fc98 fe0f 0237
fc98 fea4 0333
fc98 ff39 042f
fc98 ffce 052b
fc98 0063 0627
fc98 00f8 fa22
fc98 018d fb1e
fc98 0222 fc1a
fc98 02b7 fd16
fc98 034c fe12
fc98 03e1 ff0e
fc98 0476 000a
fc98 050b 0106
fc98 05a0 0202
fc98 0635 02fe
fc98 06ca 03fa
fc98 075f 04f6
fc98 07f4 05f2
fc98 0889 f9ed
fc98 091e fae9
fc98 09b3 fbe5
fc98 0a48 fce1
fc98 0add fddd
fc98 0b72 fed9
fc98 0c07 ffd5
fc98 0c9c 00d1
015d f300 fc53
015d f395 facc
015d f42a 0646
015d f4bf 04bf
015d f554 0338
015d f5e9 01b1
015d f67e 002a
015d f713 fea3
015d f7a8 fd1c
015d f83d fb95
015d f8d2 fa0e
015d f967 0588
015d f9fc 0401
015d fa91 027a
015d fb26 00f3
015d fbbb ff6c
015d fc50 fde5
015d fce5 fc5e
015d fd7a fad7
015d fe0f 0651
015d fea4 04ca
015d ff39 0343
015d ffce 01bc
015d 0063 0035
015d 00f8 feae
015d 018d fd27
015d 0222 fba0
015d 02b7 fa19
015d 034c 0593
015d 03e1 040c
015d 0476 0285
015d 050b 00fe
015d 05a0 ff77
015d 0635 fdf0
015d 06ca fc69
015d 075f fae2
015d 07f4 065c
015d 0889 04d5
015d 091e 034e
015d 09b3 01c7
015d 0a48 0040
015d 0add feb9
015d 0b72 fd32
015d 0c07 fbab
015d 0c9c fa24
01a2 f300 02dd
01a2 f395 005d
01a2 f42a fddd
01a2 f4bf fb5d
01a2 f554 05de
01a2 f5e9 035e
01a2 f67e 00de
01a2 f713 fe5e
01a2 f7a8 fbde
01a2 f83d 065f
01a2 f8d2 03df
01a2 f967 015f
01a2 f9fc fedf
01a2 fa91 fc5f
01a2 fb26 f9df
01a2 fbbb 0460
01a2 fc50 01e0
01a2 fce5 ff60
01a2 fd7a fce0
01a2 fe0f fa60
01a2 fea4 04e1
01a2 ff39 0261
01a2 ffce ffe1
01a2 0063 fd61
01a2 00f8 fae1
01a2 018d 0562
01a2 0222 02e2
01a2 02b7 0062
01a2 034c fde2
01a2 03e1 fb62
01a2 0476 05e3
01a2 050b 0363
01a2 05a0 00e3
01a2 0635 fe63
01a2 06ca fbe3
01a2 075f 0664
01a2 07f4 03e4
01a2 0889 0164
01a2 091e fee4
01a2 09b3 fc64
01a2 0a48 f9e4
01a2 0add 0465
01a2 0b72 01e5
01a2 0c07 ff65
01a2 0c9c fce5
0149 f300 fc20
0149 f395 03ed
0149 f42a feb9
0149 f4bf f985
0149 f554 0152
0149 f5e9 fc1e
0149 f67e 03eb
0149 f713 feb7
0149 f7a8 f983
0149 f83d 0150
0149 f8d2 fc1c
0149 f967 03e9
0149 f9fc feb5
0149 fa91 f981
0149 fb26 014e
0149 fbbb fc1a
0149 fc50 03e7
0149 fce5 feb3
0149 fd7a f97f
0149 fe0f 014c
0149 fea4 fc18
0149 ff39 03e5
0149 ffce feb1
0149 0063 067e
0149 00f8 014a
0149 018d fc16
0149 0222 03e3
0149 02b7 feaf
0149 034c 067c
0149 03e1 0148
0149 0476 fc14
0149 050b 03e1
0149 05a0 fead
0149 0635 067a
0149 06ca 0146
0149 075f fc12
0149 07f4 03df
0149 0889 feab
0149 091e 0678
0149 09b3 0144
0149 0a48 fc10
0149 0add 03dd
0149 0b72 fea9
0149 0c07 0676
0149 0c9c 0142
ff64 f300 010c
ff64 f395 00fc
ff64 f42a 00ec
ff64 f4bf 00dc
ff64 f554 00cc
ff64 f5e9 00bc
ff64 f67e 00ac
ff64 f713 009c
ff64 f7a8 008c
ff64 f83d 007c
ff64 f8d2 006c
ff64 f967 005c
ff64 f9fc 004c
ff64 fa91 003c
ff64 fb26 002c
ff64 fbbb 001c
ff64 fc50 000c
ff64 fce5 fffc
ff64 fd7a ffec
ff64 fe0f ffdc
ff64 fea4 ffcc
ff64 ff39 ffbc
ff64 ffce ffac
ff64 0063 ff9c
ff64 00f8 ff8c
ff64 018d ff7c
ff64 0222 ff6c
ff64 02b7 ff5c
ff64 034c ff4c
ff64 03e1 ff3c
ff64 0476 ff2c
ff64 050b ff1c
ff64 05a0 ff0c
ff64 0635 fefc
ff64 06ca feec
ff64 075f fedc
ff64 07f4 fecc
ff64 0889 febc
ff64 091e feac
ff64 09b3 fe9c
ff64 0a48 fe8c
ff64 0add fe7c
ff64 0b72 fe6c
ff64 0c07 fe5c
ff64 0c9c fe4c
ffb5 f300 0281
ffb5 f395 fe79
ffb5 f42a fa71
ffb5 f4bf 036a
ffb5 f554 ff62
ffb5 f5e9 fb5a
ffb5 f67e 0453
ffb5 f713 004b
ffb5 f7a8 fc43
ffb5 f83d 053c
ffb5 f8d2 0134
ffb5 f967 fd2c
ffb5 f9fc 0625
ffb5 fa91 021d
ffb5 fb26 fe15
ffb5 fbbb fa0d
ffb5 fc50 0306
ffb5 fce5 fefe
ffb5 fd7a faf6
ffb5 fe0f 03ef
ffb5 fea4 ffe7
ffb5 ff39 fbdf
ffb5 ffce 04d8
ffb5 0063 00d0
ffb5 00f8 fcc8
ffb5 018d 05c1
ffb5 0222 01b9
ffb5 02b7 fdb1
ffb5 034c f9a9
ffb5 03e1 02a2
ffb5 0476 fe9a
ffb5 050b fa92
ffb5 05a0 038b
ffb5 0635 ff83
ffb5 06ca fb7b
ffb5 075f 0474
ffb5 07f4 006c
ffb5 0889 fc64
ffb5 091e 055d
ffb5 09b3 0155
ffb5 0a48 fd4d
ffb5 0add 0646
ffb5 0b72 023e
ffb5 0c07 fe36
ffb5 0c9c fa2e
0331 f300 0630
0331 f395 04d9
0331 f42a 0382
0331 f4bf 022b
0331 f554 00d4
0331 f5e9 ff7d
0331 f67e fe26
0331 f713 fccf
0331 f7a8 fb78
0331 f83d fa21
0331 f8d2 05cb
0331 f967 0474
0331 f9fc 031d
0331 fa91 01c6
0331 fb26 006f
0331 fbbb ff18
0331 fc50 fdc1
0331 fce5 fc6a
0331 fd7a fb13
0331 fe0f f9bc
0331 fea4 0566
0331 ff39 040f
0331 ffce 02b8
0331 0063 0161
0331 00f8 000a
0331 018d feb3
0331 0222 fd5c
0331 02b7 fc05
0331 034c faae
0331 03e1 0658
0331 0476 0501
0331 050b 03aa
0331 05a0 0253
0331 0635 00fc
0331 06ca ffa5
0331 075f fe4e
0331 07f4 fcf7
0331 0889 fba0
0331 091e fa49
0331 09b3 05f3
0331 0a48 049c
0331 0add 0345
0331 0b72 01ee
0331 0c07 0097
0331 0c9c ff40
0449 f300 fbf9
0449 f395 fa14
0449 f42a 0530
0449 f4bf 034b
0449 f554 0166
0449 f5e9 ff81
0449 f67e fd9c
0449 f713 fbb7
0449 f7a8 f9d2
0449 f83d 04ee
0449 f8d2 0309
0449 f967 0124
0449 f9fc ff3f
0449 fa91 fd5a
0449 fb26 fb75
0449 fbbb f990
0449 fc50 04ac
0449 fce5 02c7
0449 fd7a 00e2
0449 fe0f fefd
0449 fea4 fd18
0449 ff39 fb33
0449 ffce 064f
0449 0063 046a
0449 00f8 0285
0449 018d 00a0
0449 0222 febb
0449 02b7 fcd6
0449 034c faf1
0449 03e1 060d
0449 0476 0428
0449 050b 0243
0449 05a0 005e
0449 0635 fe79
0449 06ca fc94
0449 075f faaf
0449 07f4 05cb
0449 0889 03e6
0449 091e 0201
0449 09b3 001c
0449 0a48 fe37
0449 0add fc52
0449 0b72 fa6d
0449 0c07 0589
0449 0c9c 03a4
025b f300 faf4
025b f395 fd32
025b f42a ff70
025b f4bf 01ae
025b f554 03ec
025b f5e9 062a
025b f67e fb67
025b f713 fda5
025b f7a8 ffe3
025b f83d 0221
025b f8d2 045f
025b f967 f99c
025b f9fc fbda
025b fa91 fe18
025b fb26 0056
025b fbbb 0294
025b fc50 04d2
025b fce5 fa0f
025b fd7a fc4d
025b fe0f fe8b
025b fea4 00c9
025b ff39 0307
025b ffce 0545
025b 0063 fa82
025b 00f8 fcc0
025b 018d fefe
025b 0222 013c
025b 02b7 037a
025b 034c 05b8
025b 03e1 faf5
025b 0476 fd33
025b 050b ff71
025b 05a0 01af
025b 0635 03ed
025b 06ca 062b
025b 075f fb68
025b 07f4 fda6
025b 0889 ffe4
025b 091e 0222
025b 09b3 0460
025b 0a48 f99d
025b 0add fbdb
025b 0b72 fe19
025b 0c07 0057
025b 0c9c 0295
0262 f300 ff93
0262 f395 0127
0262 f42a 02bb
0262 f4bf 044f
0262 f554 05e3
0262 f5e9 fa76
0262 f67e fc0a
0262 f713 fd9e
0262 f7a8 ff32
0262 f83d 00c6
0262 f8d2 025a
0262 f967 03ee
0262 f9fc 0582
0262 fa91 fa15
0262 fb26 fba9
0262 fbbb fd3d
0262 fc50 fed1
0262 fce5 0065
0262 fd7a 01f9
0262 fe0f 038d
0262 fea4 0521
0262 ff39 f9b4
0262 ffce fb48
0262 0063 fcdc
0262 00f8 fe70
0262 018d 0004
0262 0222 0198
0262 02b7 032c
0262 034c 04c0
0262 03e1 0654
0262 0476 fae7
0262 050b fc7b
0262 05a0 fe0f
0262 0635 ffa3
0262 06ca 0137
0262 075f 02cb
0262 07f4 045f
0262 0889 05f3
0262 091e fa86
0262 09b3 fc1a
0262 0a48 fdae
0262 0add ff42
0262 0b72 00d6
0262 0c07 026a
0262 0c9c 03fe
052a f300 0177
052a f395 fea9
052a f42a fbdb
052a f4bf 060e
052a f554 0340
052a f5e9 0072
052a f67e fda4
052a f713 fad6
052a f7a8 0509
052a f83d 023b
052a f8d2 ff6d
052a f967 fc9f
052a f9fc f9d1
052a fa91 0404
052a fb26 0136
052a fbbb fe68
052a fc50 fb9a
052a fce5 05cd
052a fd7a 02ff
052a fe0f 0031
052a fea4 fd63
052a ff39 fa95
052a ffce 04c8
052a 0063 01fa
052a 00f8 ff2c
052a 018d fc5e
052a 0222 f990
052a 02b7 03c3
052a 034c 00f5
052a 03e1 fe27
052a 0476 fb59
052a 050b 058c
052a 05a0 02be
052a 0635 fff0
052a 06ca fd22
052a 075f fa54
052a 07f4 0487
052a 0889 01b9
052a 091e feeb
052a 09b3 fc1d
052a 0a48 0650
052a 0add 0382
052a 0b72 00b4
052a 0c07 fde6
052a 0c9c fb18
fafb f300 fcf4
fafb f395 fe1b
fafb f42a ff42
fafb f4bf 0069
fafb f554 0190
fafb f5e9 02b7
fafb f67e 03de
fafb f713 0505
fafb f7a8 062c
fafb f83d fa52
fafb f8d2 fb79
fafb f967 fca0
fafb f9fc fdc7
fafb fa91 feee
fafb fb26 0015
fafb fbbb 013c
fafb fc50 0263
fafb fce5 038a
fafb fd7a 04b1
fafb fe0f 05d8
fafb fea4 f9fe
fafb ff39 fb25
fafb ffce fc4c
fafb 0063 fd73
fafb 00f8 fe9a
fafb 018d ffc1
fafb 0222 00e8
fafb 02b7 020f
fafb 034c 0336
fafb 03e1 045d
fafb 0476 0584
fafb 050b f9aa
fafb 05a0 fad1
fafb 0635 fbf8
fafb 06ca fd1f
fafb 075f fe46
fafb 07f4 ff6d
fafb 0889 0094
fafb 091e 01bb
fafb 09b3 02e2
fafb 0a48 0409
fafb 0add 0530
fafb 0b72 f956
fafb 0c07 fa7d
fafb 0c9c fba4
fa47 f300 fb29
fa47 f395 023e
fa47 f42a fc52
fa47 f4bf 0367
fa47 f554 fd7b
fa47 f5e9 0490
fa47 f67e fea4
fa47 f713 05b9
fa47 f7a8 ffcd
fa47 f83d f9e1
fa47 f8d2 00f6
fa47 f967 fb0a
fa47 f9fc 021f
fa47 fa91 fc33
fa47 fb26 0348
fa47 fbbb fd5c
fa47 fc50 0471
fa47 fce5 fe85
fa47 fd7a 059a
fa47 fe0f ffae
fa47 fea4 f9c2
fa47 ff39 00d7
fa47 ffce faeb
fa47 0063 0200
fa47 00f8 fc14
fa47 018d 0329
fa47 0222 fd3d
fa47 02b7 0452
fa47 034c fe66
fa47 03e1 057b
fa47 0476 ff8f
fa47 050b f9a3
fa47 05a0 00b8
fa47 0635 facc
fa47 06ca 01e1
fa47 075f fbf5
fa47 07f4 030a
fa47 0889 fd1e
fa47 091e 0433
fa47 09b3 fe47
fa47 0a48 055c
fa47 0add ff70
fa47 0b72 f984
fa47 0c07 0099
fa47 0c9c faad
0180 f300 066d
0180 f395 0194
0180 f42a fcbb
0180 f4bf 04e3
0180 f554 000a
0180 f5e9 fb31
0180 f67e 0359
0180 f713 fe80
0180 f7a8 f9a7
0180 f83d 01cf
0180 f8d2 fcf6
0180 f967 051e
0180 f9fc 0045
0180 fa91 fb6c
0180 fb26 0394
0180 fbbb febb
0180 fc50 f9e2
0180 fce5 020a
0180 fd7a fd31
0180 fe0f 0559
0180 fea4 0080
0180 ff39 fba7
0180 ffce 03cf
0180 0063 fef6
0180 00f8 fa1d
0180 018d 0245
0180 0222 fd6c
0180 02b7 0594
0180 034c 00bb
0180 03e1 fbe2
0180 0476 040a
0180 050b ff31
0180 05a0 fa58
0180 0635 0280
0180 06ca fda7
0180 075f 05cf
0180 07f4 00f6
0180 0889 fc1d
0180 091e 0445
0180 09b3 ff6c
0180 0a48 fa93
0180 0add 02bb
0180 0b72 fde2
0180 0c07 060a
0180 0c9c 0131
fb41 f300 0427
fb41 f395 feaa
fb41 f42a 062e
fb41 f4bf 00b1
fb41 f554 fb34
fb41 f5e9 02b8
fb41 f67e fd3b
fb41 f713 04bf
fb41 f7a8 ff42
fb41 f83d f9c5
fb41 f8d2 0149
fb41 f967 fbcc
fb41 f9fc 0350
fb41 fa91 fdd3
fb41 fb26 0557
fb41 fbbb ffda
fb41 fc50 fa5d
fb41 fce5 01e1
fb41 fd7a fc64
fb41 fe0f 03e8
fb41 fea4 fe6b
fb41 ff39 05ef
fb41 ffce 0072
fb41 0063 faf5
fb41 00f8 0279
fb41 018d fcfc
fb41 0222 0480
fb41 02b7 ff03
fb41 034c f986
fb41 03e1 010a
fb41 0476 fb8d
fb41 050b 0311
fb41 05a0 fd94
fb41 0635 0518
fb41 06ca ff9b
fb41 075f fa1e
fb41 07f4 01a2
fb41 0889 fc25
fb41 091e 03a9
fb41 09b3 fe2c
fb41 0a48 05b0
fb41 0add 0033
fb41 0b72 fab6
fb41 0c07 023a
fb41 0c9c fcbd
ff78 f300 013f
ff78 f395 04dc
ff78 f42a fb78
ff78 f4bf ff15
ff78 f554 02b2
ff78 f5e9 064f
ff78 f67e fceb
ff78 f713 0088
ff78 f7a8 0425
ff78 f83d fac1
ff78 f8d2 fe5e
ff78 f967 01fb
ff78 f9fc 0598
ff78 fa91 fc34
ff78 fb26 ffd1
ff78 fbbb 036e
ff78 fc50 fa0a
ff78 fce5 fda7
ff78 fd7a 0144
ff78 fe0f 04e1
ff78 fea4 fb7d
ff78 ff39 ff1a
ff78 ffce 02b7
ff78 0063 0654
ff78 00f8 fcf0
ff78 018d 008d
ff78 0222 042a
ff78 02b7 fac6
ff78 034c fe63
ff78 03e1 0200
ff78 0476 059d
ff78 050b fc39
ff78 05a0 ffd6
ff78 0635 0373
ff78 06ca fa0f
ff78 075f fdac
ff78 07f4 0149
ff78 0889 04e6
ff78 091e fb82
ff78 09b3 ff1f
ff78 0a48 02bc
ff78 0add 0659
ff78 0b72 fcf5
ff78 0c07 0092
ff78 0c9c 042f
04c2 f300 fdd4
04c2 f395 ff51
04c2 f42a 00ce
04c2 f4bf 024b
04c2 f554 03c8
04c2 f5e9 0545
04c2 f67e f9c1
04c2 f713 fb3e
04c2 f7a8 fcbb
04c2 f83d fe38
04c2 f8d2 ffb5
04c2 f967 0132
04c2 f9fc 02af
04c2 fa91 042c
04c2 fb26 05a9
04c2 fbbb fa25
04c2 fc50 fba2
04c2 fce5 fd1f
04c2 fd7a fe9c
04c2 fe0f 0019
04c2 fea4 0196
04c2 ff39 0313
04c2 ffce 0490
04c2 0063 060d
04c2 00f8 fa89
04c2 018d fc06
04c2 0222 fd83
04c2 02b7 ff00
04c2 034c 007d
04c2 03e1 01fa
04c2 0476 0377
04c2 050b 04f4
04c2 05a0 0671
04c2 0635 faed
04c2 06ca fc6a
04c2 075f fde7
04c2 07f4 ff64
04c2 0889 00e1
04c2 091e 025e
04c2 09b3 03db
04c2 0a48 0558
04c2 0add f9d4
04c2 0b72 fb51
04c2 0c07 fcce
04c2 0c9c fe4b
fac9 f300 02f5
fac9 f395 016c
fac9 f42a ffe3
fac9 f4bf fe5a
fac9 f554 fcd1
fac9 f5e9 fb48
fac9 f67e f9bf
fac9 f713 0537
fac9 f7a8 03ae
fac9 f83d 0225
fac9 f8d2 009c
fac9 f967 ff13
fac9 f9fc fd8a
fac9 fa91 fc01
fac9 fb26 fa78
fac9 fbbb 05f0
fac9 fc50 0467
fac9 fce5 02de
fac9 fd7a 0155
fac9 fe0f ffcc
fac9 fea4 fe43
fac9 ff39 fcba
fac9 ffce fb31
fac9 0063 f9a8
fac9 00f8 0520
fac9 018d 0397
fac9 0222 020e
fac9 02b7 0085
fac9 034c fefc
fac9 03e1 fd73
fac9 0476 fbea
fac9 050b fa61
fac9 05a0 05d9
fac9 0635 0450
fac9 06ca 02c7
fac9 075f 013e
fac9 07f4 ffb5
fac9 0889 fe2c
fac9 091e fca3
fac9 09b3 fb1a
fac9 0a48 f991
fac9 0add 0509
fac9 0b72 0380
fac9 0c07 01f7
fac9 0c9c 006e
fc96 f300 fb32
fc96 f395 fa83
fc96 f42a f9d4
fc96 f4bf 0626
fc96 f554 0577
fc96 f5e9 04c8
fc96 f67e 0419
fc96 f713 036a
fc96 f7a8 02bb
fc96 f83d 020c
fc96 f8d2 015d
fc96 f967 00ae
fc96 f9fc ffff
fc96 fa91 ff50
fc96 fb26 fea1
fc96 fbbb fdf2
fc96 fc50 fd43
fc96 fce5 fc94
fc96 fd7a fbe5
fc96 fe0f fb36
fc96 fea4 fa87
fc96 ff39 f9d8
fc96 ffce 062a
fc96 0063 057b
fc96 00f8 04cc
fc96 018d 041d
fc96 0222 036e
fc96 02b7 02bf
fc96 034c 0210
fc96 03e1 0161
fc96 0476 00b2
fc96 050b 0003
fc96 05a0 ff54
fc96 0635 fea5
fc96 06ca fdf6
fc96 075f fd47
fc96 07f4 fc98
fc96 0889 fbe9
fc96 091e fb3a
fc96 09b3 fa8b
fc96 0a48 f9dc
fc96 0add 062e
fc96 0b72 057f
fc96 0c07 04d0
fc96 0c9c 0421
00dc f300 0231
00dc f395 039d
00dc f42a 0509
00dc f4bf 0675
00dc f554 fae0
00dc f5e9 fc4c
00dc f67e fdb8
00dc f713 ff24
00dc f7a8 0090
00dc f83d 01fc
00dc f8d2 0368
00dc f967 04d4
00dc f9fc 0640
00dc fa91 faab
00dc fb26 fc17
00dc fbbb fd83
00dc fc50 feef
00dc fce5 005b
00dc fd7a 01c7
00dc fe0f 0333
00dc fea4 049f
00dc ff39 060b
00dc ffce fa76
00dc 0063 fbe2
00dc 00f8 fd4e
00dc 018d feba
00dc 0222 0026
00dc 02b7 0192
00dc 034c 02fe
00dc 03e1 046a
00dc 0476 05d6
00dc 050b fa41
00dc 05a0 fbad
00dc 0635 fd19
00dc 06ca fe85
00dc 075f fff1
00dc 07f4 015d
00dc 0889 02c9
00dc 091e 0435
00dc 09b3 05a1
00dc 0a48 fa0c
00dc 0add fb78
00dc 0b72 fce4
00dc 0c07 fe50
00dc 0c9c ffbc
fb5d f300 fca1
fb5d f395 017d
fb5d f42a 0659
fb5d f4bf fe34
fb5d f554 0310
fb5d f5e9 faeb
fb5d f67e ffc7
fb5d f713 04a3
fb5d f7a8 fc7e
fb5d f83d 015a
fb5d f8d2 0636
fb5d f967 fe11
fb5d f9fc 02ed
fb5d fa91 fac8
fb5d fb26 ffa4
fb5d fbbb 0480
fb5d fc50 fc5b
fb5d fce5 0137
fb5d fd7a 0613
fb5d fe0f fdee
fb5d fea4 02ca
fb5d ff39 faa5
fb5d ffce ff81
fb5d 0063 045d
fb5d 00f8 fc38
fb5d 018d 0114
fb5d 0222 05f0
fb5d 02b7 fdcb
fb5d 034c 02a7
fb5d 03e1 fa82
fb5d 0476 ff5e
fb5d 050b 043a
fb5d 05a0 fc15
fb5d 0635 00f1
fb5d 06ca 05cd
fb5d 075f fda8
fb5d 07f4 0284
fb5d 0889 fa5f
fb5d 091e ff3b
fb5d 09b3 0417
fb5d 0a48 fbf2
fb5d 0add 00ce
fb5d 0b72 05aa
fb5d 0c07 fd85
fb5d 0c9c 0261
f985 f300 fd21
f985 f395 fe77
f985 f42a ffcd
f985 f4bf 0123
f985 f554 0279
f985 f5e9 03cf
f985 f67e 0525
f985 f713 067b
f985 f7a8 fad0
f985 f83d fc26
f985 f8d2 fd7c
f985 f967 fed2
f985 f9fc 0028
f985 fa91 017e
f985 fb26 02d4
f985 fbbb 042a
f985 fc50 0580
f985 fce5 f9d5
f985 fd7a fb2b
f985 fe0f fc81
f985 fea4 fdd7
f985 ff39 ff2d
f985 ffce 0083
f985 0063 01d9
f985 00f8 032f
f985 018d 0485
f985 0222 05db
f985 02b7 fa30
f985 034c fb86
f985 03e1 fcdc
f985 0476 fe32
f985 050b ff88
f985 05a0 00de
f985 0635 0234
f985 06ca 038a
f985 075f 04e0
f985 07f4 0636
f985 0889 fa8b
f985 091e fbe1
f985 09b3 fd37
f985 0a48 fe8d
f985 0add ffe3
f985 0b72 0139
f985 0c07 028f
f985 0c9c 03e5
fb5f f300 fdf3
fb5f f395 047a
fb5f f42a fe00
fb5f f4bf 0487
fb5f f554 fe0d
fb5f f5e9 0494
fb5f f67e fe1a
fb5f f713 04a1
fb5f f7a8 fe27
fb5f f83d 04ae
fb5f f8d2 fe34
fb5f f967 04bb
fb5f f9fc fe41
fb5f fa91 04c8
fb5f fb26 fe4e
fb5f fbbb 04d5
fb5f fc50 fe5b
fb5f fce5 04e2
fb5f fd7a fe68
fb5f fe0f 04ef
fb5f fea4 fe75
fb5f ff39 04fc
fb5f ffce fe82
fb5f 0063 0509
fb5f 00f8 fe8f
fb5f 018d 0516
fb5f 0222 fe9c
fb5f 02b7 0523
fb5f 034c fea9
fb5f 03e1 0530
fb5f 0476 feb6
fb5f 050b 053d
fb5f 05a0 fec3
fb5f 0635 054a
fb5f 06ca fed0
fb5f 075f 0557
fb5f 07f4 fedd
fb5f 0889 0564
fb5f 091e feea
fb5f 09b3 0571
fb5f 0a48 fef7
fb5f 0add 057e
fb5f 0b72 ff04
fb5f 0c07 058b
fb5f 0c9c ff11
fa06 f300 0444
fa06 f395 02a7
fa06 f42a 010a
fa06 f4bf ff6d
fa06 f554 fdd0
fa06 f5e9 fc33
fa06 f67e fa96
fa06 f713 05fa
fa06 f7a8 045d
fa06 f83d 02c0
fa06 f8d2 0123
fa06 f967 ff86
fa06 f9fc fde9
fa06 fa91 fc4c
fa06 fb26 faaf
fa06 fbbb 0613
fa06 fc50 0476
fa06 fce5 02d9
fa06 fd7a 013c
fa06 fe0f ff9f
fa06 fea4 fe02
fa06 ff39 fc65
fa06 ffce fac8
fa06 0063 062c
fa06 00f8 048f
fa06 018d 02f2
fa06 0222 0155
fa06 02b7 ffb8
fa06 034c fe1b
fa06 03e1 fc7e
fa06 0476 fae1
fa06 050b 0645
fa06 05a0 04a8
fa06 0635 030b
fa06 06ca 016e
fa06 075f ffd1
fa06 07f4 fe34
fa06 0889 fc97
fa06 091e fafa
fa06 09b3 f95d
fa06 0a48 04c1
fa06 0add 0324
fa06 0b72 0187
fa06 0c07 ffea
fa06 0c9c fe4d
fb02 f300 0193
fb02 f395 0210
fb02 f42a 028d
fb02 f4bf 030a
fb02 f554 0387
fb02 f5e9 0404
fb02 f67e 0481
fb02 f713 04fe
fb02 f7a8 057b
fb02 f83d 05f8
fb02 f8d2 0675
fb02 f967 f9f1
fb02 f9fc fa6e
fb02 fa91 faeb
fb02 fb26 fb68
fb02 fbbb fbe5
fb02 fc50 fc62
fb02 fce5 fcdf
fb02 fd7a fd5c
fb02 fe0f fdd9
fb02 fea4 fe56
fb02 ff39 fed3
fb02 ffce ff50
fb02 0063 ffcd
fb02 00f8 004a
fb02 018d 00c7
fb02 0222 0144
fb02 02b7 01c1
fb02 034c 023e
fb02 03e1 02bb
fb02 0476 0338
fb02 050b 03b5
fb02 05a0 0432
fb02 0635 04af
fb02 06ca 052c
fb02 075f 05a9
fb02 07f4 0626
fb02 0889 f9a2
fb02 091e fa1f
fb02 09b3 fa9c
fb02 0a48 fb19
fb02 0add fb96
fb02 0b72 fc13
fb02 0c07 fc90
fb02 0c9c fd0d
031a f300 0402
031a f395 02fe
031a f42a 01fa
031a f4bf 00f6
031a f554 fff2
031a f5e9 feee
031a f67e fdea
031a f713 fce6
031a f7a8 fbe2
031a f83d fade
031a f8d2 f9da
031a f967 05d7
031a f9fc 04d3
031a fa91 03cf
031a fb26 02cb
031a fbbb 01c7
031a fc50 00c3
031a fce5 ffbf
031a fd7a febb
031a fe0f fdb7
031a fea4 fcb3
031a ff39 fbaf
031a ffce faab
031a 0063 f9a7
031a 00f8 05a4
031a 018d 04a0
031a 0222 039c
031a 02b7 0298
031a 034c 0194
031a 03e1 0090
031a 0476 ff8c
031a 050b fe88
031a 05a0 fd84
031a 0635 fc80
031a 06ca fb7c
031a 075f fa78
031a 07f4 0675
031a 0889 0571
031a 091e 046d
031a 09b3 0369
031a 0a48 0265
031a 0add 0161
031a 0b72 005d
031a 0c07 ff59
031a 0c9c fe55
fa1a f300 0477
fa1a f395 0687
fa1a f42a fb96
fa1a f4bf fda6
fa1a f554 ffb6
fa1a f5e9 01c6
fa1a f67e 03d6
fa1a f713 05e6
fa1a f7a8 faf5
fa1a f83d fd05
fa1a f8d2 ff15
fa1a f967 0125
fa1a f9fc 0335
fa1a fa91 0545
fa1a fb26 fa54
fa1a fbbb fc64
fa1a fc50 fe74
fa1a fce5 0084
fa1a fd7a 0294
fa1a fe0f 04a4
fa1a fea4 f9b3
fa1a ff39 fbc3
fa1a ffce fdd3
fa1a 0063 ffe3
fa1a 00f8 01f3
fa1a 018d 0403
fa1a 0222 0613
fa1a 02b7 fb22
fa1a 034c fd32
fa1a 03e1 ff42
fa1a 0476 0152
fa1a 050b 0362
fa1a 05a0 0572
fa1a 0635 fa81
fa1a 06ca fc91
fa1a 075f fea1
fa1a 07f4 00b1
fa1a 0889 02c1
fa1a 091e 04d1
fa1a 09b3 f9e0
fa1a 0a48 fbf0
fa1a 0add fe00
fa1a 0b72 0010
fa1a 0c07 0220
fa1a 0c9c 0430
fcaa f300 fb65
fcaa f395 fe63
fcaa f42a 0161
fcaa f4bf 045f
fcaa f554 fa5c
fcaa f5e9 fd5a
fcaa f67e 0058
fcaa f713 0356
fcaa f7a8 0654
fcaa f83d fc51
fcaa f8d2 ff4f
fcaa f967 024d
fcaa f9fc 054b
fcaa fa91 fb48
fcaa fb26 fe46
fcaa fbbb 0144
fcaa fc50 0442
fcaa fce5 fa3f
fcaa fd7a fd3d
fcaa fe0f 003b
fcaa fea4 0339
fcaa ff39 0637
fcaa ffce fc34
fcaa 0063 ff32
fcaa 00f8 0230
fcaa 018d 052e
fcaa 0222 fb2b
fcaa 02b7 fe29
fcaa 034c 0127
fcaa 03e1 0425
fcaa 0476 fa22
fcaa 050b fd20
fcaa 05a0 001e
fcaa 0635 031c
fcaa 06ca 061a
fcaa 075f fc17
fcaa 07f4 ff15
fcaa 0889 0213
fcaa 091e 0511
fcaa 09b3 fb0e
fcaa 0a48 fe0c
fcaa 0add 010a
fcaa 0b72 0408
fcaa 0c07 fa05
fcaa 0c9c fd03
fc9a f300 fdd6
fc9a f395 007d
fc9a f42a 0324
fc9a f4bf 05cb
fc9a f554 fb71
fc9a f5e9 fe18
fc9a f67e 00bf
fc9a f713 0366
fc9a f7a8 060d
fc9a f83d fbb3
fc9a f8d2 fe5a
fc9a f967 0101
fc9a f9fc 03a8
fc9a fa91 064f
fc9a fb26 fbf5
fc9a fbbb fe9c
fc9a fc50 0143
fc9a fce5 03ea
fc9a fd7a f990
fc9a fe0f fc37
fc9a fea4 fede
fc9a ff39 0185
fc9a ffce 042c
fc9a 0063 f9d2
fc9a 00f8 fc79
fc9a 018d ff20
fc9a 0222 01c7
fc9a 02b7 046e
fc9a 034c fa14
fc9a 03e1 fcbb
fc9a 0476 ff62
fc9a 050b 0209
fc9a 05a0 04b0
fc9a 0635 fa56
fc9a 06ca fcfd
fc9a 075f ffa4
fc9a 07f4 024b
fc9a 0889 04f2
fc9a 091e fa98
fc9a 09b3 fd3f
fc9a 0a48 ffe6
fc9a 0add 028d
fc9a 0b72 0534
fc9a 0c07 fada
fc9a 0c9c fd81
01de f300 0376
01de f395 fefc
01de f42a fa82
01de f4bf 0309
01de f554 fe8f
01de f5e9 fa15
01de f67e 029c
01de f713 fe22
01de f7a8 f9a8
01de f83d 022f
01de f8d2 fdb5
01de f967 063c
01de f9fc 01c2
01de fa91 fd48
01de fb26 05cf
01de fbbb 0155
01de fc50 fcdb
01de fce5 0562
01de fd7a 00e8
01de fe0f fc6e
01de fea4 04f5
01de ff39 007b
01de ffce fc01
01de 0063 0488
01de 00f8 000e
01de 018d fb94
01de 0222 041b
01de 02b7 ffa1
01de 034c fb27
01de 03e1 03ae
01de 0476 ff34
01de 050b faba
01de 05a0 0341
01de 0635 fec7
01de 06ca fa4d
01de 075f 02d4
01de 07f4 fe5a
01de 0889 f9e0
01de 091e 0267
01de 09b3 fded
01de 0a48 0674
01de 0add 01fa
01de 0b72 fd80
01de 0c07 0607
01de 0c9c 018d
ff94 f300 f9b9
ff94 f395 faae
ff94 f42a fba3
ff94 f4bf fc98
ff94 f554 fd8d
ff94 f5e9 fe82
ff94 f67e ff77
ff94 f713 006c
ff94 f7a8 0161
ff94 f83d 0256
ff94 f8d2 034b
ff94 f967 0440
ff94 f9fc 0535
ff94 fa91 062a
ff94 fb26 fa1e
ff94 fbbb fb13
ff94 fc50 fc08
ff94 fce5 fcfd
ff94 fd7a fdf2
ff94 fe0f fee7
ff94 fea4 ffdc
ff94 ff39 00d1
ff94 ffce 01c6
ff94 0063 02bb
ff94 00f8 03b0
ff94 018d 04a5
ff94 0222 059a
ff94 02b7 f98e
ff94 034c fa83
ff94 03e1 fb78
ff94 0476 fc6d
ff94 050b fd62
ff94 05a0 fe57
ff94 0635 ff4c
ff94 06ca 0041
ff94 075f 0136
ff94 07f4 022b
ff94 0889 0320
ff94 091e 0415
ff94 09b3 050a
ff94 0a48 05ff
ff94 0add f9f3
ff94 0b72 fae8
ff94 0c07 fbdd
ff94 0c9c fcd2
fecc f300 04bc
fecc f395 faf1
fecc f42a fe27
fecc f4bf 015d
fecc f554 0493
fecc f5e9 fac8
fecc f67e fdfe
fecc f713 0134
fecc f7a8 046a
fecc f83d fa9f
fecc f8d2 fdd5
fecc f967 010b
fecc f9fc 0441
fecc fa91 fa76
fecc fb26 fdac
fecc fbbb 00e2
fecc fc50 0418
fecc fce5 fa4d
fecc fd7a fd83
fecc fe0f 00b9
fecc fea4 03ef
fecc ff39 fa24
fecc ffce fd5a
fecc 0063 0090
fecc 00f8 03c6
fecc 018d f9fb
fecc 0222 fd31
fecc 02b7 0067
fecc 034c 039d
fecc 03e1 f9d2
fecc 0476 fd08
fecc 050b 003e
fecc 05a0 0374
fecc 0635 f9a9
fecc 06ca fcdf
fecc 075f 0015
fecc 07f4 034b
fecc 0889 f980
fecc 091e fcb6
fecc 09b3 ffec
fecc 0a48 0322
fecc 0add 0658
fecc 0b72 fc8d
fecc 0c07 ffc3
fecc 0c9c 02f9
03e4 f300 fa51
03e4 f395 05b8
03e4 f42a 041e
03e4 f4bf 0284
03e4 f554 00ea
03e4 f5e9 ff50
03e4 f67e fdb6
03e4 f713 fc1c
03e4 f7a8 fa82
03e4 f83d 05e9
03e4 f8d2 044f
03e4 f967 02b5
03e4 f9fc 011b
03e4 fa91 ff81
03e4 fb26 fde7
03e4 fbbb fc4d
03e4 fc50 fab3
03e4 fce5 061a
03e4 fd7a 0480
03e4 fe0f 02e6
03e4 fea4 014c
03e4 ff39 ffb2
03e4 ffce fe18
03e4 0063 fc7e
03e4 00f8 fae4
03e4 018d 064b
03e4 0222 04b1
03e4 02b7 0317
03e4 034c 017d
03e4 03e1 ffe3
03e4 0476 fe49
03e4 050b fcaf
03e4 05a0 fb15
03e4 0635 067c
03e4 06ca 04e2
03e4 075f 0348
03e4 07f4 01ae
03e4 0889 0014
03e4 091e fe7a
03e4 09b3 fce0
03e4 0a48 fb46
03e4 0add f9ac
03e4 0b72 0513
03e4 0c07 0379
03e4 0c9c 01df
03df f300 0405
03df f395 04c0
03df f42a 057b
03df f4bf 0636
03df f554 f9f0
03df f5e9 faab
03df f67e fb66
03df f713 fc21
03df f7a8 fcdc
03df f83d fd97
03df f8d2 fe52
03df f967 ff0d
03df f9fc ffc8
03df fa91 0083
03df fb26 013e
03df fbbb 01f9
03df fc50 02b4
03df fce5 036f
03df fd7a 042a
03df fe0f 04e5
03df fea4 05a0
03df ff39 065b
03df ffce fa15
03df 0063 fad0
03df 00f8 fb8b
03df 018d fc46
03df 0222 fd01
03df 02b7 fdbc
03df 034c fe77
03df 03e1 ff32
03df 0476 ffed
03df 050b 00a8
03df 05a0 0163
03df 0635 021e
03df 06ca 02d9
03df 075f 0394
03df 07f4 044f
03df 0889 050a
03df 091e 05c5
03df 09b3 0680
03df 0a48 fa3a
03df 0add faf5
03df 0b72 fbb0
03df 0c07 fc6b
03df 0c9c fd26
03be f300 fb3d
03be f395 00f5
03be f42a f9ac
03be f4bf ff64
03be f554 051c
03be f5e9 fdd3
03be f67e 038b
03be f713 fc42
03be f7a8 01fa
03be f83d fab1
03be f8d2 0069
03be f967 0621
03be f9fc fed8
03be fa91 0490
03be fb26 fd47
03be fbbb 02ff
03be fc50 fbb6
03be fce5 016e
03be fd7a fa25
03be fe0f ffdd
03be fea4 0595
03be ff39 fe4c
03be ffce 0404
03be 0063 fcbb
03be 00f8 0273
03be 018d fb2a
03be 0222 00e2
03be 02b7 f999
03be 034c ff51
03be 03e1 0509
03be 0476 fdc0
03be 050b 0378
03be 05a0 fc2f
03be 0635 01e7
03be 06ca fa9e
03be 075f 0056
03be 07f4 060e
03be 0889 fec5
03be 091e 047d
03be 09b3 fd34
03be 0a48 02ec
03be 0add fba3
03be 0b72 015b
03be 0c07 fa12
03be 0c9c ffca
fa4c f300 fe76
fa4c f395 0336
fa4c f42a faf5
fa4c f4bf ffb5
fa4c f554 0475
fa4c f5e9 fc34
fa4c f67e 00f4
fa4c f713 05b4
fa4c f7a8 fd73
fa4c f83d 0233
fa4c f8d2 f9f2
fa4c f967 feb2
fa4c f9fc 0372
fa4c fa91 fb31
fa4c fb26 fff1
fa4c fbbb 04b1
fa4c fc50 fc70
fa4c fce5 0130
fa4c fd7a 05f0
fa4c fe0f fdaf
fa4c fea4 026f
fa4c ff39 fa2e
fa4c ffce feee
fa4c 0063 03ae
fa4c 00f8 fb6d
fa4c 018d 002d
fa4c 0222 04ed
fa4c 02b7 fcac
fa4c 034c 016c
fa4c 03e1 062c
fa4c 0476 fdeb
fa4c 050b 02ab
fa4c 05a0 fa6a
fa4c 0635 ff2a
fa4c 06ca 03ea
fa4c 075f fba9
fa4c 07f4 0069
fa4c 0889 0529
fa4c 091e fce8
fa4c 09b3 01a8
fa4c 0a48 f967
fa4c 0add fe27
fa4c 0b72 02e7
fa4c 0c07 faa6
fa4c 0c9c ff66
05f2 f300 0375
05f2 f395 fe66
05f2 f42a f957
05f2 f4bf 0149
05f2 f554 fc3a
05f2 f5e9 042c
05f2 f67e ff1d
05f2 f713 fa0e
05f2 f7a8 0200
05f2 f83d fcf1
05f2 f8d2 04e3
05f2 f967 ffd4
05f2 f9fc fac5
05f2 fa91 02b7
05f2 fb26 fda8
05f2 fbbb 059a
05f2 fc50 008b
05f2 fce5 fb7c
05f2 fd7a 036e
05f2 fe0f fe5f
05f2 fea4 0651
05f2 ff39 0142
05f2 ffce fc33
05f2 0063 0425
05f2 00f8 ff16
05f2 018d fa07
05f2 0222 01f9
05f2 02b7 fcea
05f2 034c 04dc
05f2 03e1 ffcd
05f2 0476 fabe
05f2 050b 02b0
05f2 05a0 fda1
05f2 0635 0593
05f2 06ca 0084
05f2 075f fb75
05f2 07f4 0367
05f2 0889 fe58
05f2 091e 064a
05f2 09b3 013b
05f2 0a48 fc2c
05f2 0add 041e
05f2 0b72 ff0f
05f2 0c07 fa00
05f2 0c9c 01f2
065c f300 fb69
065c f395 00bb
065c f42a 060d
065c f4bf fe5e
065c f554 03b0
065c f5e9 fc01
065c f67e 0153
065c f713 f9a4
065c f7a8 fef6
065c f83d 0448
065c f8d2 fc99
065c f967 01eb
065c f9fc fa3c
065c fa91 ff8e
065c fb26 04e0
065c fbbb fd31
065c fc50 0283
065c fce5 fad4
065c fd7a 0026
065c fe0f 0578
065c fea4 fdc9
065c ff39 031b
065c ffce fb6c
065c 0063 00be
065c 00f8 0610
065c 018d fe61
065c 0222 03b3
065c 02b7 fc04
065c 034c 0156
065c 03e1 f9a7
065c 0476 fef9
065c 050b 044b
065c 05a0 fc9c
065c 0635 01ee
065c 06ca fa3f
065c 075f ff91
065c 07f4 04e3
065c 0889 fd34
065c 091e 0286
065c 09b3 fad7
065c 0a48 0029
065c 0add 057b
065c 0b72 fdcc
065c 0c07 031e
065c 0c9c fb6f
f8e8 fc34 fc16
fae5 fd72 fb88
f6a3 0bac ff72
f97f 0a92 0414
fad2 0565 000d
f745 01db fa25
0c77 047a 05f9
0bae fd09 01d7
f87f f307 fdc4
f9ca fd9a fd8b
f813 f416 fdbf
0612 fa93 03d1
fa48 fbb9 ff62
fc38 fa25 0119
f886 0190 fa32
057c 0b79 0044
07cb 0582 02b4
0964 f33f fb7d
fbfe 021c fae6
0649 0584 fbbc
02c4 048e fcc3
09e5 f936 0180
0535 fdb2 00e0
0ba8 0450 0338
fc6f fc3f fc7b
f8d4 f3ce 03aa
f8e3 fed8 fbe4
f6d7 01a8 0504
066b fdcb 0257
0146 07c6 ff1e
f9d5 f78a 0669
044a 09a9 fb72
fd83 f7ad 01ef
09c0 0a82 0109
faf7 f491 0250
0a47 05aa fc90
0089 faf2 03fa
0a73 ff10 0300
0545 000b 041e
f684 059b 01ba
02d3 fd6b fd1e
ffcc f9b3 00a2
040d fbc0 ff7d
04e6 034f 066a
fca7 02a1 01ff
00bd 05ba ff30
fd3a 0063 fb8e
0cde fcfe 01de
f45c 048b 035a
0558 f6e1 0289
f814 0c79 fbae
f9bd 0038 fde5
042f f458 fd29
0166 fc0c fbe0
0345 0bce 02de
fc4b 034f 01d3
06ca f74e 019f
f9e4 fb1d fef5
fb46 0b77 025a
0622 ffb8 055b
0696 fdb7 ffe1
0b1b f699 0220
f39d f3cf 04dc
fc47 fc3c 0416
f61a fe31 fd61
0a3e ff1f facf
00dc 0aab 02ef
0a76 0513 fd39
f75a fb9f fdaa
fe2e 05bd ff26
0487 fb0b fdfe
f6e1 fc0a 01d4
faa1 f8e7 066f
086e 076e fdf2
0007 f532 00e5
0bb6 f749 fc34
08da f9ba faaf
0163 0c04 05e1
ff29 f6bd fc76
fea7 035e fc1b
f52c ff47 fda2
f52a f527 fbb7
f692 0370 fd23
fe7f f9e7 fad3
f3b2 f883 000d
03c6 f72a fb2c
f86f 0473 fe67
0b8b fd1e 0050
f794 f378 04d0
07f6 0ca8 ff82
0235 02ee 012e
ff8f ffd9 fc6f
feff f40e 03e9
fb0c f460 ff2f
f588 0b3b 0008
f34d f420 04c6
f422 ff2b 04d4
f3a6 0021 fd07
05fd f466 fee0
ffe6 0cf9 fa45
078e f7a8 05e4
0648 fccc ffda
0557 0a30 fbd4
f553 0cd0 0597
0433 0844 0557
0b0a 0b42 039b
f604 f6b7 066a
0ccc 0545 04fd
0333 051b fac3
0119 f9ea fcbb
00bb f9c2 fd68
fd51 f7a2 fec1
f72b 05fa fbae
f6e9 0cdd fcff
f92c 03d9 019c
faa8 ff22 0597
0b8d 03c4 fecd
fa9d fd30 fa0b
f954 f6f9 ff15
0c5a f4b0 00c8
0a94 ff2a 0674
fb8e 03dc fa3e
0a7b f4a8 028c
f869 088a faf1
0938 f4d9 fe5b
fd17 08fe fdb9
03a2 05f2 0313
0773 04f9 012b
fe87 fae7 0169
f973 fd86 042b
09ca 083c fe85
ff83 fab1 fe5b
fc38 fd55 fb3c
fc06 f95c fb38
090d fcbc fb8a
006e fe16 fc44
f93f f46a fe93
07db fea5 fb20
05bb fbe8 fa18
00ee fe57 0041
f89a 0604 fd10
01f2 f9ab fcab
f813 0229 fbc4
f474 0717 043b
002e 0a50 004b
03e0 f435 fa44
039f ffd6 0633
f63e 0714 0032
f847 fcd2 facd
fc12 07e5 0458
fd7f 08a7 fbcf
f6fb 046d 0300
0477 0737 0214
fc0c fbb4 fc2f
0046 f481 fc10
fc07 08c6 02f1
fdb1 fd58 fde6
fa4e f5f0 0455
0446 f5ee 007d
0c5e fa89 f9d4
0a13 0184 013d
02c4 0458 fe40
f9c9 f4d0 fa36
f687 f7f5 0585
05b5 f899 f9bb
0531 04d0 fa9f
fa5e fea6 fd23
fb32 f9e0 044b
fcb4 f5c1 04d2
0a36 0a2a 0571
fede 00b5 03cf
020a 064f 0359
058d fbe7 fc8c
f65c fcef 0053
f68d f56e fcf5
f30f 055c 0566
face faf1 fd91
fd76 0af4 fea6
0090 0a36 01bb
0b33 f671 fbb2
0a3e 07a4 0170
0531 079e fb03
fb26 05c0 050c
f687 fc45 fc1b
f697 02d7 0446
fd3a f58f 02fd
03ce 0a1a fa50
011c 0cc1 039b
050d 0783 fa2c
09d3 f6b1 ff58
ffe1 068f fbd9
f9a4 0666 01e8
fa85 f927 fe82
f64b 0162 fb98
f491 fa82 05da
0749 f46b 000d
f9f4 02c2 05e2
069d 074b fc88
0b9d 01b9 ff3e
027b 05c4 ff2f
f811 f7e2 fc64
0c98 f5cd fcc5
f3ab 061c 05f8
0b59 07a8 058d
fbf4 fdce faa2
f788 f314 fc6f
01b0 fcbf fa2c
043b fcd7 f9d3
f3f9 f808 0473
047a f3c8 fcac
f3e6 09bc fa1c
fc27 0520 0126
08df f52d fa96
03a8 f377 007a
049e 0434 fda2
092b fcc1 0267
f4d5 febb 066d
01ed fbaf 0603
fe00 0420 0338
fafe 0c9a 05cf
0b40 f4d9 fbca
f559 f60c 0326
fb03 f5fc 05c9
f6cc 0524 0308
01bc faf8 0488
0819 009c 017b
07fd f8cd 0367
042f 0157 0088
f36f f692 067e
fa2f 00ae 0323
f501 0975 feb5
015e fe7e f9ae
f86a 04d5 0263
fc83 f61d 05bb
0b8e 0315 fdc5
0700 07b0 02a6
fb54 fd89 fe6c
fbcc 013e f982
ffcb f541 fdd9
f668 00f6 0540
fc97 0631 fde4
038c fdfe feb5
fd0f 0200 fe74
05f6 f9ae 03f5
042a fa8a 00cb
06d7 f5fc fd91
00d9 06a5 fab2
03e8 f802 fd0b
027c 0b1a 01e8
035a 0cab 0106
0c92 f980 fbdf
fe5a f8ea fd16
0033 fbd4 fe69
0b47 0baf 0314
f4a7 fad2 01ce
ff25 f3f4 01f5
fbfa f93e ff10
f9d8 05f5 0013
fd72 04e9 0518
f874 0bf1 fc8a
09e4 03c8 0316
fb7b 081f 042e
f98f f399 0252
01f1 f3c7 01d2
0549 f830 02cd
fc47 f91d ff15
fc7f 01ef 01c6
054f fdb5 03c5
f498 f51e 0615
08a3 09a2 fcdd
04f6 0c5f 0541
fe2c 0116 01d5
0b5e fc2d 0369
f976 00c0 053d
080a f8da 01fc
031e f987 fdd9
01d0 f503 fac5
f95d f59f 0089
fb42 fc47 0411
06e1 09c6 013a
feac fe54 0615
0028 0b54 fe1f
fbfa 09fe fd67
fd36 f5cd fc3d
0cca f9f5 0586
0b72 f3eb fbb8
f8cc 0985 0482
f9f4 09e5 0376
0973 f4a1 fb32
0060 0577 00fe
f34c f599 04f7
0042 f820 03a3
062a 0098 f9df
06f1 faf4 021d
f54c f3fe fd62
05cd fc26 fefa
02e9 0b80 0090
00ae f46c 01ee
ff0e fe8c 020e
f868 f49c 053f
0715 fe0d fba0
05af f502 02fd
f437 0627 0556
01b1 fd64 0320
0041 fdc3 02de
02a1 fbbe faa6
f823 0ad9 ff6e
fc90 f7d6 fda7
0aee f729 0172
fe23 ffbd 0599
0818 fb75 0495
f4b7 f84f 04d6
f651 f9c6 01fb
f303 096a 04ff
0645 0a6b fb15
f4d9 0686 0483
0ca1 f888 029a
0c02 0a31 fb47
09cb fd15 009e
f89b 09ba ff07
fe9a f9e4 0660
0cbe fa73 039e
0a8b 03b1 060a
0251 ff7f fa32
0177 0882 01a7
06a7 fbbc fc0c
f358 fae0 0208
f3ff 09d0 027a
0083 01db fee2
0795 0413 fe71
fe23 fe94 052e
f8dd 07c5 03d8
f469 08b5 ffbf
0415 f30e fcd7
0bac f755 fa51
06c0 0152 faad
0cec f92e 0505
fca1 fa41 00cb
0752 f3da fbb3
fa63 fd9d feb2
0c99 fa2e fc15
0c9e fa47 fe00
febd 006f fe87
f866 0a83 0578
fdad 00fc 01e8
f65e fc50 04be
fee5 f7e5 00ce
082e f499 fb4b
ffe1 05cf fdeb
0989 042c 0472
f882 0677 0018
0a94 05f4 fe29
0a3b f8e5 fd16
011a 09b5 03bb
f9da fca2 fc05
fdeb 09cc fdfa
fc0c f64f fdee
0b40 04fd 01ef
0608 f5a4 011f
0941 f58b fa1f
0a98 0545 fd39
026f f994 fe27
06e9 ffb9 fdf1
fcf8 0159 ff0f
0aba f65d fcc6
fae0 f7c1 01a5
f5c6 fe31 0277
0190 f865 05c1
fc42 0351 fe7c
0a2d f644 0568
fd43 f8cd fd0c
08e3 09fb fc0d
f6df 0321 034e
f4e2 0c43 02a9
f545 0307 0008
f792 fa3c 0354
f841 0a05 0135
0a69 f70c 0214
04ff 014c fb9f
fe05 0506 061a
fd81 faf7 0639
070e f6ea 05b4
0522 0bc2 fb11
05d2 0cda ffd8
fb77 f85e 05a3
f935 fd3d 057a
ff85 f38d 042d
fa79 0c4a facf
f9c3 0945 00ea
0007 f6fd 0257
f6f7 f60e fd06
f91e 0a90 00b0
0343 f74b fa5f
0b20 f9b5 0179
f7b9 f62a 0255
0c92 fd3c fac6
fac6 05d1 fdaa
fe06 02a5 f97c
ff04 0a9b fef9
f7d0 08a2 fd34
0472 ff60 f9db
feb1 09e3 038f
ff7a 0a68 fcda
f89e 0796 f98e
f65d fa13 fb5a
f9a0 095d 03e0
fa59 002c fdcc
f47d ff3e fdd6
082e f3b5 0441
f902 fcd7 fcb3
feeb f3ed 029d
0c96 02e4 0488
06ad 0981 fe28
f4a2 0531 013e
0181 f5f6 fa9c
f974 f913 fab6
f951 fa18 0353
f580 f7fc fe32
fd46 0279 fe24
0a81 0cdd fb6e
0a87 03a4 ffc5
fba3 0940 0147
0182 ff87 ff01
0961 f425 055b
fe6e 063f fc5a
fdc2 0c81 fe6e
ffee ffec 0396
fdb6 0138 0492
0507 0ac7 fa73
f542 f9b3 0375
fbf3 0417 04ec
f952 0548 0107
f75e f43a 0347
0486 0615 0523
01c1 0c2b 0148
0cb8 f69f fecf
f513 f335 0546
f51e fc3a 03fb
fa46 025f 0381
0368 fb01 03d3
f386 0cbb 0366
0451 f951 0036
00d6 f93b fdad
f4fd fc22 033c
fd61 0736 fe88
ff2e 07e5 0540
fad7 0197 fd97
fd95 0492 fca8
ff60 ff5e fe1c
0207 0cb5 fa9e
f67b 03de 05aa
f97a f8e1 0692
0310 0c52 fec5
073d fcca ff7f
fc91 06ad fcea
03cb f763 02be
f9f4 f5ff 01c2
f3c4 fcba 032f
0ae3 f897 039a
fdbc fe3c fd93
f5c5 fded fc41
0501 fbf0 f9a0
0b18 012f 0203
f518 f368 05bb
0828 0846 fc75
f91a f462 0391
0229 02cd fcfc
f462 fb98 0371
0281 00e2 0378
fbb1 fd69 fafc
fcd7 fbba 0324
0563 049b 05b0
0481 0885 fea0
fa23 f46b 03bd
fea0 0b00 0191
f9b8 0255 fe36
f6b8 0cd5 03a5
f851 01cc feda
fd5e f4ea fd7a
0267 fb49 01eb
0703 0a66 fb73
f547 0a16 05ab
048d fb00 fcb6
fe5b 0bb6 03cd
02e7 fcee fce1
f4f4 fd3c fea3
0536 05c9 008e
0205 f59c faa2
01ea 0003 fb23
08dd ffc6 0137
0ccc 046b ff24
fd43 0560 0468
0043 082b 0221
f7b0 01b4 febd
0c4d 049a fa84
0609 f30a fcfc
0ca4 f61e fc81
0421 037f 051e
024e 04bc fcba
fdf2 fb67 0449
0bc3 f917 0010
f7f8 f885 fed2
0880 0b6e fe66
f430 faf1 fc1c
f6cd f4ff 051c
f85c fdb7 067b
f63f 0cb3 f95e
02a6 0a51 0661
05e1 fedd fd1e
fdf8 f6ef 0672
0cfa 0268 0143
fd30 f5d2 034b
0a65 f6a4 052c
f7a4 fda8 fa00
071c f4d3 05c8
f420 0838 fa63
09d4 f6ab faf0
072e 05e9 fe17
f5d5 074a f996
0601 04f2 fae3
f6fa 029c 0018
ff14 f71c 032c
f9e1 f52b 0052
0b79 02b8 055b
03b8 0117 fe1c
077a fa27 0438
05e0 05c6 0470
f340 0684 00a4
f823 0800 fe89
f7d2 ff9d 013e
04cc fa04 01c2
0291 009d 0601
0333 f7bb fcbc
08bc f3b8 fe34
06b3 f76c 01fc
07f3 0138 0480
0765 f48b faf4
08b9 fdf4 017d
0299 f58f 020e
060a 0a4e 052b
0cca f68b fcb3
f5e6 ffa0 ff85
f596 0c42 048c
fb85 f6c4 0540
09c4 060f 01ef
f51a f757 06ad
09ca f7a4 0122
07f3 f461 041b
f7ee 0c6b 04f8
0216 f876 fa24
fa50 fa3f 02e3
f664 f9fc feae
f749 0a95 fa07
0a32 0964 0288
f7ca 0417 f983
f631 fabd fbfa
09b4 0adc faca
f5f1 f6da ff62
05f8 025f 035b
f569 f4e2 047d
fe07 f5a3 068f
fb68 00e6 fd93
0a70 0307 02ea
07a1 f8b4 03c9
085a fdac f9e8
f86b 0712 0526
fd44 0482 02f9
f899 f7c9 fe81
f6c6 0a93 fa74
f604 f328 ff0c
ff5a 0b5a fbed
07c6 002e 018d
00d0 f3ce fd26
0bb3 08b2 03d4
047b fd95 f97a
0c18 0450 04b3
0ab0 01ee f999
0a55 0660 f9dd
027f fde1 04c6
0523 00df fe5e
04f6 f687 0585
0cde f313 f907
fb0b 02ef 008a
f3e1 ff09 01d4
f36b f69f ffa0
0958 fc3b fe46
095a f6a3 f972
041f f745 faa9
0bf3 f72e fff6
044c ff44 fab2
f75c 003d 008e
f683 022c 03f5
fe1a 0ce0 0268
0c3e f789 ff21
ff34 f4e5 fe21
087d 091f 04eb
0792 f540 fe22
fd06 f55b 00ad
f8a2 0bef 0082
026e 0514 04ff
09ad 0c02 0577
0769 fb16 fc33
0198 fe6d fe13
fd31 01ee fb2d
fe35 0b95 fd22
f87e 028c fea9
f6b7 fa95 04b1
fe05 f323 0573
fee0 f966 fdbb
ff7f f91b fb86
0858 f4f0 fd13
00b2 f379 05a6
fe76 0ada ffe9
f92f 09e1 044b
f999 0694 ffea
0cd3 fd79 feab
068e 04d5 0378
026b f5fb 00ac
fe9c 0b3f fc43
054b 07df fbad
ffcb fc24 040a
fd55 fa3e 0362
012b fd9f ff99
0700 f4d9 008f
f588 f739 fd59
f490 06ac 007a
0597 0221 01e7
fd5c fe4d 033c
0b42 f9cd fde8
0732 ff2d 026d
f6b3 f510 fca1
fd35 f69c fb50
0ab7 061a 0360
fbe3 0927 029e
0b28 fc93 fd6a
0707 f44c 0307
f510 0820 fded
00e8 fa98 fb6c
f661 05d4 042f
f83d f308 01f9
08d9 0a50 0488
fc07 f9c9 fcf9
0290 0393 fd28
0add fe7d 033e
03d0 f879 fcc6
f3fe 050a 062b
0c9f 0bc2 009b
f3cd f874 fa04
0849 0937 fa52
f46c 06a0 025e
0a0b 05bd ff82
0c02 065b ff59
05f7 fe81 ff89
ff5a fa25 03fa
ffe3 00c5 ffa9
fadb 000d fddc
f98a 08b3 faa0
0a21 0736 062e
f3e8 092e fef9
0910 0ac9 fad1
fe81 0375 faf4
0912 fa23 020e
f449 0943 fde5
f644 fadf 01c2
045e 0b59 03d1
0919 feda 02a3
f668 f91f fcac
068e f595 fc0b
f765 f9af 02da
0c0c 0b78 000d
f57b 0205 0618
fdba f9b5 03e4
07a0 0613 00f3
00a2 fdac 05be
fab5 f5f1 fec4
ff7e 03db 02cc
0367 04c2 f9dd
0af9 ffb9 03a6
ff28 f838 026d
0799 fcb9 0354
0206 ff32 fe35
0488 084b 053c
ffe5 0523 fa31
08af fc85 01eb
0c1f 0232 016c
ff43 f5b6 fb39
0cfd f9be 0403
084a faa5 056e
046e 0c2f fa9d
f6ca 0bed fee9
fde9 0818 fe6b
038a f90b fc19
063c ff7c 0057
f5e0 0a1b 055c
01b1 07ad ffeb
0397 f4d4 fc22
0010 f537 04b3
f756 f641 05e0
fd4f f4e6 fdbb
fe1f fbbe 015a
0080 097a 036c
0457 f739 fec4
ffa0 030f 0048
fa63 f442 fedc
022b f30f fd6d
039f 0bf3 fd20
00a5 fafa ff86
f711 05a4 ff67
0028 031e 05dc
fe3c 0be6 fd2e
07d1 fb98 fb71
f8d0 fedc fa34
f5b3 f6de feae
0a93 f3f2 feff
058e fde8 fa55
056d 06d4 056a
057d f755 016a
0879 f678 00f8
fe5c 06cb f9ea
ffed ffc4 fe5a
f36d 0052 fed2
fc96 fe12 f9cd
02ae 09a5 0136
0658 05e8 03d1
0989 010f 0371
f8b2 ff89 ff71
fbce 0a0c fbb0
f87b 0951 ff94
03bc 0591 f9b5
0c9a ff30 faf0
fb36 f8f2 fdd8
fc52 fc1c 03aa
fd84 0b22 fa3a
01fc fbb4 ff80
f79e 0366 fe51
09d4 f85b fd26
fdf1 08cf 05e1
023f f435 0081
019f fcab 0130
0329 037c 0222
f973 fec9 fe16
059c fc5e 005d
f663 01f9 fcf7
fa72 029e 02ab
0749 08d0 fe75
ff6a f658 0068
ffe7 012c 0351
f32a f61d ffcc
fc30 0084 fc4c
07a9 f615 0240
01ac 0908 fd25
f525 fcca fc03
ff58 f7bd 0242
f3d1 0af7 0069
f9c1 f5cc fb6f
028b f560 fb44
fbde 0448 04e3
0093 009f fa32
022e 0a91 fbec
0078 f798 0276
0811 06d5 fd36
01b1 f72e 04e1
f6b3 fd5d fde9
0368 06d4 04dc
f5e1 039f 0464
f858 02fe ff8a
fc8b fcd6 fada
0782 ff5f fe4b
0c2f fa83 f997
0722 0971 fd1d
0293 029b 047f
018b 0cb8 021d
0bae 0405 0336
08ca 069e fab5
076f f30e 0180
0544 fb13 fa01
04fe f429 ff06
fe66 01c3 fe2d
f7c8 f368 fd17
f9c7 0b7f fed2
f82d f84f 04c3
0365 f8a8 fa81
00a0 fa09 fe13
fa2e 06fe 002a
f6c9 040d 0019
07bc f711 04d6
0c8c fb2e f968
0674 f718 fdcd
04e3 07c2 0547
f687 0070 ff6c
f96b fb7d f9a7
f759 0760 fbab
00bb fe01 ff66
059d 00c5 03d6
0468 f4b3 0199
fbcf f981 fd4c
0034 fe5b fb33
fc6c f642 0191
0051 fd94 f9e9
0ce8 fb91 f94e
053a fdf1 fa7e
f957 0487 fa67
f535 0027 fae9
f38e 01eb 05a1
04c9 f32f 0087
0ad1 ff8b 0272
01a2 07c4 fc7e
f9a5 fef1 faad
fd25 07d3 fd32
fa01 f8e3 fe8c
f8b5 0306 027e
0c05 0a6e fae5
fb6d 05e0 fca0
0850 0c8f fa7b
f8b2 0760 fae0
fbb6 0573 02d1
0463 f497 022c
f7d2 f5fd 01d1
f490 08fa fced
0306 f88d 0632
00d1 05ef fc82
06a5 040a ff79
091e 084e 01c3
fd7e f4ea 05bd
f676 0599 0268
0b6d fa6c f9a8
fecd fc60 0061
fc86 f88d fa6c
f603 037d fe5e
f8ce 0b12 ff0e
f86d f8e5 fcbb
ffb4 0053 fcfc
0a92 0052 fa63
0298 f302 01a3
fa98 f98d 0659
fb3a 09e8 fa9b
06cf 0968 0288
0974 093e fe68
f9a9 fa4b 0643
0459 f6b4 ff00
0319 f9dc 0411
018f 0148 fe04
087d 00ef 022e
f775 0824 0565
05dd f9b1 050c
f352 f518 fbfc
f307 fe6c ff04
06d9 06b7 fae4
f8f5 02b5 ff68
f7e7 00c2 fdfe
f727 01fa facc
f531 f41e 0342
fb22 f51c 0497
fb72 f872 fa34
f565 f674 fc8c
043e f7df fa7b
02fa ff93 0637
fa4c ffd3 043d
02c5 f4eb facf
093d 085d fdf5
fc17 0130 fc28
0671 ffc0 04ae
fd4a fe00 fa89
fa1b fca6 fe12
fe96 0769 03a4
f3cb 0bbd fa6b
f498 0162 02ac
f736 0267 fa31
f4a2 0cf7 03c7
0a6a f62e fe06
0a62 f727 fefc
f390 05b1 0104
ff6a 085f 0385
0b7b fe9e fccb
ffee 0ce9 ff1a
fb38 f492 fa39
01c5 09eb 04da
01f4 f9b3 02eb
0436 06d6 00aa
03af fef8 fc26
087c f96c fe24
fecc fa75 04f1
f538 f719 01e0
0946 05af 04f0
00e5 fb09 014d
fc58 0556 fd9c
f596 0131 fb65
0417 0b02 0448
f71d 0317 042e
0189 0292 fd2a
f6ee 07b8 fd70
faa6 f601 ff5d
0b46 f387 05db
fb0c 033f 0609
06b9 0cb2 fec7
fbca f9f8 fa1f
fced fd33 0269
0216 ff6b fcc9
01ae 0934 0032
f3b5 0349 047c
0086 fe01 fe0a
050a f54d fffe
f892 f979 fb0f
fbf3 fed0 fe6c
f636 f317 fc7d
fc11 07f9 0404
ff07 f661 01a1
f6d4 fe67 02bc
ff20 f90d 009a
01ee fb1d fef3
fd44 0898 04c4
0a09 05a0 fc06
fe3b ff6c fa38
0cff ff3c feb4
fa08 fa6c faad
fbab 0458 ff95
fa30 f8ab 02b4
f463 0804 0233
f807 070e 02a8
f9da 0341 fa6b
f8ce 0266 037c
0c70 f83a f9dd
f378 fc0d fcaf
0231 f3db fa02
fdf9 fcbc fa31
0c3e 0b2e 0012
07b8 fc74 032d
0791 002b 048f
04a8 0944 ffef
0986 0068 fda8
f446 f6ab 05e0
01b2 f4ca fe95
08ec 0962 fd29
00d7 fc6c 01e2
0286 0167 047d
fe65 f939 061d
07c8 f6f7 fe68
0476 f5f8 fd5f
07c9 09b0 008a
0a89 fe92 fd31
0a1e 088c fde1
fd39 05bd fffc
0ae6 0bba fb91
fd41 02b2 ff33
f701 fa66 fd6f
03d2 f690 fbb0
00cf 067c 02c0
022f faee 0165
08dc ff5f fead
f99e 0b3a ffef
03dc 0463 012e
0134 0544 02fb
0175 fc6b ff53
02a3 f510 037c
fbb6 f64e 0427
f39a f93b 0666
feed ffdb fa12
027f 04bc fb4f
f4f9 f5f2 01bc
03e9 039e 042e
f9b4 07cd ff24
f88d 000b 0110
fd1a fa23 02e2
06d4 0718 ff62
029a 0063 02ab
f9fb f396 02ba
fd4d f610 fcb6
0a91 01f8 03de
f58d fedc 0427
0a49 0bb7 ff24
fe91 fa54 0508
fd64 0a78 fbe3
f692 065f 0524
0b99 f997 f9c1
02e9 fc81 f98a
0a0d fb2b ff31
fb7a 0031 05ab
08e8 f31f fe88
f595 f5f3 ff79
00ee 0ae1 02ed
0048 ff8c 0008
043c 0a59 04cd
ff38 02f7 fc62
07a0 f9cf 00ea
f341 0946 02da
fad6 0bc8 035c
ffe5 08bb f9d6
0869 f5fb fa8b
08d1 f60b f990
f99b 06c6 fd18
fa2d 005f 0342
0549 061c f9ba
0c6b 01da f9fd
0960 fd74 04cf
fbec 022d 022d
fbc8 f4e7 03c4
f98d fd35 0642
f921 02ec fa36
0b91 073e fd2c
0631 fdf2 fe76
fdaa 074f 00c6
04c6 0c0c 0231
0692 fc0f 014b
051a 05f7 fc0d
0851 045d 035f
f486 0959 fe3b
012b fc7a f9a9
066a f4e0 011b
f683 f3c3 0195
f6bd f30a ffa3
0103 0cf6 04c8
0893 02c1 016c
06e4 f7af 05fb
07d4 f429 009b
0586 f615 fb9f
fda6 f38c fe73
fad8 f825 0491
fd20 05de faf8
f869 0ba7 fe35
0647 f928 022a
fe93 fc59 0226
f441 08d5 fd1a
fd81 f712 fb35
0b98 0254 0517
f9ae 0374 fd3b
09df fa40 f964
f7c2 fb1d 0598
004f f6d6 045b
005c ff90 fecb
fd7d 0850 fbe7
04c0 fbf3 0650
0022 f43e fae7
0a47 f3d6 fa1c
f4f0 f443 fcb5
0125 00a4 054d
fc55 0bcb 0629
0c82 0885 063b
0726 ffb3 fa53
03b2 f4d2 f98a
0be3 05d1 0145
f3b9 027f fca4
fd1b f376 0692
01c7 f3c8 fd74
fbde f685 0293
f5ed 0142 ffd8
f7ff f986 04da
fcf0 fb5f fb54
fba9 f95e ff25
04dd 0b48 0264
0a03 fcb6 fb65
fabf f54b 02a9
f773 0958 fd1f
fd47 fc10 ff9d
fcdf fb61 ffee
fb33 f956 fcaa
06c3 f580 0633
f7de 06ad fa8e
00ed 028d fac0
f912 0276 fecd
0cec f73d 0300
0441 f7c9 0518
0095 0bc2 008a
f534 f64a faab
057d 0270 fa54
0335 f476 fa8d
0194 015c 03cf
f42b fa6a 050b
f406 0579 0516
f54b 0833 0004
0733 f8b3 01a4
01c8 fb0e ffeb
052d f5d9 0553
0445 f35a 0466
fae7 f842 fcd3
011f 04fd fbed
0c86 0bc6 ff12
f338 fd38 fc44
0268 0409 fdb8
f4f4 0cc2 fbbf
f4c6 0634 0604
00a4 0bca fc81
0985 028b fab3
0b59 f466 fad7
f7a9 f89e 054e
fa46 f5b8 02a7
f3b3 08e1 0532
09b9 0671 ffa7
0cfa 0971 012c
fa96 008f 03a8
fdb5 0742 0382
ffed fad6 01d3
0605 f9ae 02c7
0338 f5cd fd3d
f7cd f870 ff58
08a2 f943 0453
fa4b 058c fe0c
014b 008a fe8f
f46a fe7b 0652
05a8 045f fcc7
0c0f 08fb ff1e
ff29 0bd2 01f6
01ce 058e 059d
07dc f505 01bb
f761 f645 0038
050d fc88 03d9
0222 0339 fa0e
fdaa fec8 fc50
ff4c 070c 0375
f8ab 0c47 f9d6
fa44 fa1f 047d
f490 fd45 0473
0cd1 0637 0155
f3fa 09ee fde3
f986 0c09 0226
05b2 03b6 ffc0
f44f 0827 fca1
0ce5 0836 0184
0a51 06a9 05ef
fbfe 0200 002c
f459 0be9 fd46
fda4 fa04 0291
f51e f460 fd14
0050 fa7b 055b
08ec 0864 facc
06a6 09e2 0583
f540 07c0 03bd
0a68 04b6 0254
0bf8 06f3 01ba
0556 fb46 fee9
012b f48a fc55
0031 0ae7 fc30
ffdf 063d fa8e
0089 0a2f f9eb
f5cc 0bbf 05df
0007 0056 fa4b
0be3 0877 0225
f664 fc2c fb9d
ff04 00fc 0208
01bf 037c fb12
f709 09d9 059e
0a4a 0c35 fad6
fc3b f62c fd4b
f3c7 0588 ff17
fdcb 0110 03aa
f530 056a fea9
fc06 f3d9 fd7e
03d0 fb65 04c1
f92d fc42 03c7
0c86 fc59 0477
fbe6 0b8a 0171
fe4d fe1a 05b6
f7c9 f96b 0147
07d4 f961 010d
02f0 0ba9 05cd
0581 06e0 fa1c
f67f 001f 00fe
f33f 0c0c ffdc
f62b f3c1 00db
f66e fe01 065a
feb0 082c ffa4
f9c9 061e 02d2
fee0 09bb 00e4
045b 044a 03b7
fe97 09e7 0363
f9d4 fdec fe40
07e7 f610 0284
f45f fa61 fad2
00dc 053a 0639
f4f2 fb70 ff64
00ad 07e9 fac4
0c18 f77c 010a
0437 f5b5 feab
037c 0afe 0185
f562 0b1b 0321
0119 0903 fef5
f588 ff75 0489
05e9 f6c1 02c0
f9f0 f422 05e0
0b49 01a5 0164
0bed 0478 ff3d
fc6d 06b8 0630
fdef f42a 03cb
0b15 fb6b fe4a
f857 01c3 ffef
00aa fb3f 004d
f370 ffaf 0468
0528 faa7 fd32
f845 f692 fc0d
fd68 f809 fe6c
0491 f8b7 fc96
fc30 f607 00b1
019e f3b3 0111
0049 fdc0 0517
fdb6 f4ce 0388
08b9 0c28 fd1e
0780 0399 f9d5
04b3 fd90 050d
f75f 0958 01bc
0c16 0a7d ff09
0b17 08de ffc7
f810 f5b1 002a
f90f f65f fa16
f6cf f45d fba2
fdaf 03a8 05aa
f576 0ba4 04b9
fd66 feff 02b9
0c58 f439 00ac
041c f9f8 053b
04ce f539 0084
fa58 f595 ff27
f58c f46a 06c6
f4b2 fd30 012c
0ac6 0cfb ff04
f896 fa93 06a7
fc4e 0211 ff9b
f3be 0661 00dd
09a1 069c fd66
0b81 fb7e 0320
fc77 0c75 00ac
0a92 fbe5 02a5
01d8 087c 0654
02c0 0198 fb0a
ff7b 09e4 0334
0221 0ba6 050e
0422 f8c4 03d8
0821 037d 01a1
0356 f85e ff9e
face ffe9 ff1d
0562 ffda fbf6
f680 06b3 019b
fc7b fc60 fe51
0407 09c9 00b0
0b8b fdcd 0511
0a43 0c49 0473
fde5 08ef 0176
0008 0922 f9da
03b2 f3e3 fb02
0142 fd67 0635
fc10 fe8f f9ad
fdff 0933 fde8
f7db 0a35 f9d1
02fc 0686 0425
0b54 fa4d fff0
fa38 f9d5 00ec
030e 03a8 038a
0302 0b6e fd73
05f7 f52e f97b
f724 f795 fddb
fa69 0bd2 fd25
008b 02e8 0036
05a2 fafa ff11
0310 ffbf ff8b
f7d2 f96e 0429
0c38 017e 011c
0bff f98b 04e8
0a4b 016e 030b
0253 f36d fb3f
fa80 f6d3 00a1
0a84 0b4e 000c
042b fb64 fa59
ffee f665 000f
0580 faaf fc82
0934 f7a9 fff0
fa5e 070a 04d7
08ed faa2 faa2
fd0a f44b 05a0
f8d7 f5a4 0521
0525 0bb7 faad
0456 0122 fa76
ff28 f916 fe1f
f72e 015c fe9b
fd66 0cc4 0574
f5b1 0c89 fa7b
0180 f70f fece
0a9d 060f 0400
f7c5 f32f fc7e
f475 02d9 01e5
fe1e 049d fe38
067c ffef 04fd
0446 096e fc7f
07a8 ff0d 023b
0145 fcd6 fe12
043d 0b82 ff2d
fd8f 0890 fa9d
fd2b f7b5 fcc5
fd6f f303 faa1
f5d5 fce8 ff76
fc7a fd43 05bb
09aa ff1a 01bb
0c9e fbfe f991
f48f 09ab 045e
f3bf fbb1 ffbf
093a fcdf fba5
0a3b f322 f90b
f66f 06f3 025d
091e f59c 04b2
02f0 081c 05ab
f55d fd0d 0071
f737 09ec 03a3
03ed 0a7b 0281
0a87 f918 02c8
fab1 035a fc84
0036 f62c fc79
0b3c 0c41 0581
fecc fc08 0152
f929 fb22 069c
0837 0cb1 01ad
04e2 00ec ff98
f34d 006e fa70
0082 0381 fdb2
0ae6 f8e2 01fb
f60c fe7f 058c
f574 fe89 fa6b
ff9b f6de fd26
0107 fcae 0367
fa67 0522 fa44
0214 0900 03ef
f34d 0623 fced
f640 01e8 fa8b
08ac 079e fff2
f467 019b 0461
fd9b 0414 0265
fa3f 0228 04d6
0737 08a7 0040
f301 f37d fd4f
08af 0537 067f
0a8f 0280 0173
f70c f57f 04e4
f51d f63a 0097
f6db 0069 060a
01e7 f651 fa97
05dc 090d 02d7
fd0c 0677 fad1
f3f4 f441 ff15
024f 026e fbdc
f7ee fd12 fed6
f60f 00ab fe9a
f47f 065c 0608
fd13 0588 052a
05d7 0260 0360
f831 fe92 01ac
f587 09f2 01e6
0b2c 01b4 0229
f5c3 0989 02cd
fad1 076d 0445
fd75 fcc1 05b6
0014 fa39 0472
0921 f7a0 fa3c
06ff f59c fcc0
04c6 fe6e f99e
0076 0915 fb76
0b11 00a5 040b
02d6 fe4f 03f1
f309 f7a7 01b3
f6aa faf1 03d7
fa5a 0171 fa99
f5ba f7ac 00cb
0881 fe76 00fe
0091 079e 011c
fb87 f9df 04c0
fe9c 011d 03ab
0a64 f34e ff90
0b6e f9eb 0279
f89f 047f fab2
fd96 ff3a ff18
fab5 f39c 03d9
0bf5 f718 00b4
0736 0177 fce3
f46c f7e9 02e4
054e f302 fdab
f6bd 0a16 f9ef
fee3 f344 fbed
f5e9 0139 fcdc
f3ed 023a fee5
0599 07eb f9e7
ffc4 0cbf 006f
f89c f82f fa81
068c fd7c 005a
0906 f5ca fb8a
f651 fff6 065c
f616 f607 ffbf
fa0f 01fa 0235
0c56 fe2e 0469
f921 0873 fcc9
f546 f6e9 fcfe
fe62 f724 fdd5
0aef fc32 057e
f7db fd03 006c
fdfd f5cf ff98
0330 fd86 f9b7
fcfd 0a33 ff33
fbbd fe36 fb77
031d 05be ff21
0c48 0846 04ae
049f fbf9 011d
f566 0004 fe7f
0bb3 ff84 f9d1
031d f854 fa8c
095a ffbc fc20
04df 0b40 ff91
0c74 f4ff 0151
f41c f505 fa97
f7f7 088a f9c8
faea 06bf feec
fa41 f975 fae1
0c14 0a98 05fe
07ef f926 f9f9
f411 fca4 0683
0b4e f634 fbeb
fc8d feab fd51
0abd fd99 0300
ffdb 075c 02a7
fbf1 f4bf fe0e
f8cc fd81 0502
060b f596 fc20
0b74 0961 0011
0b63 f7a7 faac
f971 fa0a 03e4
f72e 084e 059b
04f3 0537 fe91
0a47 0bdb fd4a
fea0 ff0f fa8d
fe30 f522 0265
063e 0bbd fd74
078a fc2a 031b
fa85 0b22 fb28
0459 f99a fda1
03b6 ffbf 0299
0ada fcb3 051f
0573 0180 0446
ff67 f6ca 00ab
019b 02e9 03d3
005a 0302 0116
0584 01c6 05b9
f3d1 0abe 04b7
f7ac 0271 040a
fcfd 083b fd4c
01a6 05e9 04e9
fd97 fd62 0204
09ea 07fe 004d
01f9 058a 0049
074f fa8e 05d9
ff22 05ca fd32
fa78 f839 0466
0476 f85d 044b
00aa 0360 f99f
f6e9 f542 03e2
ff05 f346 03e4
0362 07c6 00ed
f358 034a 03ee
fe36 fac2 fae9
041c fbca f9bb
09ae f8fa ff55
045a 0569 0484
ffd4 fe18 009e
f911 0abc fc21
f959 fe22 0335
f454 0233 02b5
f5f8 f30d fe31
fcb8 fb8b 0218
f3e9 0aef 0004
0a5b 0772 fc77
09a8 0be0 04c4
fa1f 0915 05a8
fb75 0542 0027
008c fa7e fd4d
f8ef 0575 fa19
fc4f 0ba9 0021
faa5 f8dd f9e1
fce7 07fb 00cb
0939 f5aa 04c4
08d9 f97a 0113
0085 faf2 00eb
f918 f346 05cd
f5b9 0aea 05e8
0210 072f 04e3
0221 078b fe71
0661 09eb 040e
fee9 f619 0028
fc5a fcdb 0595
fcc3 0329 02f2
fc3f 0551 0125
0b97 fa09 0198
ff11 03c4 fc54
0977 047d febd
03ad 02f5 0677
0963 026c 02f2
0c2a 01a0 065d
fa3d 03cd fedb
01e1 007e fc69
f834 feef fd5d
f58b fbcc 002f
0169 02e4 fb2a
f614 f80b 0336
0bc6 02c7 0285
ff46 0abc 0104
0579 02da feca
feb8 f32a fff4
fcce fe37 fb70
fbf7 0bea 0180
0788 fd10 fb03
0ad0 0449 fca9
fdb5 f6df fcd9
0058 047b 0184
0bd7 fa25 0389
f828 0391 f975
025c 03f8 036f
06c6 ffdf 00e3
fbca f344 ff02
085b fd4f fa1e
09a8 fc79 0451
ff9d 0809 fe2f
f37e 05f8 05cd
0529 f5b0 fb43
06af fa8d 05ae
f718 0971 fd27
05d6 0870 feb0
f81b f971 023d
ffe3 f613 fea4
0bab 0719 03e5
f54f f647 fee3
09dd 0024 fb2d
ffca 09f7 fd27
05d5 fc6c 006f
0a04 f91f 023f
09ca f99d ffb6
0a61 060c 04ca
fcfb fcfd fbb7
04dd 07a5 fa6f
f4ce ff1e ff52
f79c fd7b 0356
f943 089f 009b
0c1d 0a97 01b7
0a39 027c f9ec
0519 0244 fd2b
f491 f736 020a
f3f6 fa1d 0584
f36a 08d4 0308
08ec f844 fefc
06e2 f3f3 fc66
f758 0396 0479
0ad6 fd62 045d
ff25 f70f f9fa
f9be 06f2 04d4
fdf7 f3df 0545
0212 0cec ffab
08bf 007f 0606
f3f2 0194 fd64
0bae f543 0512
ff30 f516 fce1
fdaf 0293 0404
f859 084d f991
fbeb 055e fb95
0256 f615 fe55
f9f8 04f4 fc9d
f3eb febb 033a
fbbe f7d2 049d
f6ef fa5f ff9b
f4e8 fd34 fae2
077e fb8c 01c1
f75a fd9c 03e6
0657 0505 0398
04da f72e 002e
f7b9 fab9 0426
0945 07b6 0353
f693 f6b1 fa51
f951 f671 ff25
f86c 0474 ff02
fc53 f836 ffbb
0362 f302 fe92
0672 f3ab 0511
07c5 f9e7 036f
03fd 057e feca
00bc f5ba 0365
0c48 081c fd8d
0073 0703 04d2
fd04 087c f981
fb66 f703 027d
078e f6d5 0236
f88d f43f fa43
f8ab 055c 0243
f48a 0572 03a5
ff80 fa42 01b0
f40a 0cda 04dc
fc57 f6e2 014f
fcae f614 fd34
0198 fe2b fdba
fb7d 03a9 036a
066c 0a69 0059
06a4 085c fc01
02bd 0451 fab9
0273 fad4 fc3b
ff1a 00ab 04db
f3fc 0b12 042b
fdb4 043c 0216
f4c3 ffd7 02a9
023f f97b 01dc
f7da f6a6 066d
09b7 0b64 fbbc
f8c0 0ab5 0496
fab8 0c03 05d7
fc5e 03da fac3
f525 f6fb fc68
f44c fa9c ffed
f6df 06c7 04d2
fe94 0440 0089
fd26 0459 01c5
fb73 fc39 fbec
fe4f 06fc fceb
0cde ff07 0589
fbc4 0a6f ff86
04af fc54 fbcc
096a f603 01f5
f89a 0180 013a
0286 0352 fae8
0525 025f 03ec
0055 051e fd51
04d7 f889 fe6f
fbd3 0646 02f6
02a5 09a2 fee9
0c54 0cfe 0485
fdf5 0203 05a1
f8bf fe2f fbfc
f71e faf5 05fb
fb89 0c3a 010e
0487 f9da 0429
fab9 0a8d 03cd
f945 0b6a 02c5
02f3 0c53 fe53
f890 0487 fe0b
fe83 f886 03c6
ff8c 0c77 fb9b
00e4 f5b8 f9e0
f5cc 06dc 005f
09cc 0aa5 0096
047f 07bf ffcb
f32c 03f9 03fa
f8b4 fc12 fe40
071b f5d6 faf7
fb59 f4f6 0604
0796 fb38 fdaf
07a0 f9f1 0401
0afa fd48 fea6
0c61 fa7e fd83
fbf7 0ad8 0051
feed 040f fe84
f7d6 fef7 fcb5
fd42 fe28 001b
0a73 f3ee ff9d
0237 0b7e 0617
ff0d f871 0587
ffd2 f589 0142
016c 0b6a 018d
0a12 038c 0366
fe8e f3c5 fe7b
0b9d ff0d fba4
f841 0738 fcac
f3d6 f991 0698
f558 045b 00b8
09b2 f539 fbe7
fd50 fe35 0671
fe2b 05dc 0196
0bdf 0676 fa92
039a 02a6 fb45
fa58 fc4f 020e
fbc5 0873 0260
fe34 fddb 05c8
02be fb0c 04ad
fd22 01ca fe9e
fa37 0569 fa29
f94f fe2f 0534
f7cf 035e fbc7
f88a 0514 006c
ff69 0c88 fa17
075c ff1e fb77
013d 02c1 05b4
f404 09f6 0403
06da 0611 fb5d
09cb f638 0085
007d fc06 005a
f859 0538 003a
f79e 0c87 01e9
f6cb fd1e fc68
f685 0cc0 faaa
fe02 f477 0177
fa43 f421 0251
f544 02ca 05ff
0035 f76f f9bf
fd57 f5e3 ffcb
fb3a 09bc 023a
0583 06ff fd62
fbb0 ffb1 fae4
0be7 0ce5 fe07
06b2 0177 fdf8
f4e7 0909 fd92
fcd4 f905 fc04
0248 ff60 0588
0cee f374 01ea
0663 fd3d 03ea
0b45 0840 03f5
fc91 0372 0320
fa12 f74a 000a
0474 09c5 ff7f
f4bd 08d1 0230
0929 f7b8 ff12
07cf 09f7 fae2
f57d f4c3 fc08
f71a 0996 042d
fefc 0572 04d8
0656 faac fec3
042e f940 fc28
f7f9 01d7 0468
f962 01ae 006f
faca fc4f 01c9
f77c 03b9 faf8
fcb5 036b fc85
0950 fbf2 fe59
0c4e ffcd 05c2
05ce ffd3 039d
fb7c 0031 0558
091d 0149 fd57
0931 fd79 03f7
02ea f501 feea
04fc 0669 fc80
ffef 086a 00a9
f6d7 fb94 04c4
f72f 0373 fe5a
f5e5 f613 fbc5
f6dc f483 f9fb
056d f695 fdb2
0cf0 0144 04f4
fd60 01b1 0414
f828 fcb8 0044
023e f66b 04b2
08d5 f649 04dc
f8d6 fa6f 0518
001f 0390 0355
0109 0c84 04e5
00be 0b12 05f5
fb6b f50c 0066
0748 0b61 fdc5
01e8 0485 03d1
f684 00a2 fec8
02f9 0413 01cd
fe58 fa9d fbc5
f71a fede 006b
fdab fd0b fb22
0ce1 fb25 037d
0aaf 062f fb39
f805 fb6b faf5
0aa9 fa9e 043b
0621 f779 0039
f8ba 09f7 05d7
fb28 fed6 00a9
f55c 045d feae
fecc f873 0334
f515 0839 f9ed
02ef 0c00 fd7f
0124 f4f8 ff66
ffb1 043b fafa
038a f69c 05c2
0854 075b ff21
fd93 0373 fdae
f6ae fca3 fef7
fafd f6cc fd8f
0c05 f3df 04b2
0b61 0845 fd84
f322 0347 fcaa
fa88 fc8a 01d6
0c8e fdb7 03ac
f6ae f75d 0381
0b1e 0523 0303
081c fccc 0064
04d9 0cf4 ffe6
0819 fff8 0142
f58d f7d4 faa8
f459 f600 06a7
00a5 f4d2 fd0f
f8e8 0b41 faaa
fce0 055c 0329
f7e6 ffce 05a4
0289 025f fed0
09ef 07e9 03f0
01a3 0789 fbab
0611 fee2 fe66
f89b 0aca fc52
01fd fc38 ffcd
0a1c f6be fc58
fb49 f719 fc4c
f9b6 fd64 fd92
fb83 0340 0453
02f3 02e6 fb0a
fb13 fbbc 0503
09d7 ffc3 0486
05ba 0c7d 0238
09c7 f83e 04c6
f8cc f59a 060c
f994 0451 0633
f85d 039f fa1d
f777 fc84 ff3c
f738 0c99 fbe3
00f3 f6b9 fbc5
0ab8 fefb 02ae
fe73 0a19 fb75
f7e2 f8e9 0697
0046 fb18 fb7f
f3ea f8d1 fc46
f709 f705 fd69
0246 f547 fcc9
f573 04ff fe24
0bfd 00a3 f9fb
ff75 0a49 03f9
fa36 f977 067e
0ba0 0ca8 fee6
f4f3 f6a1 0272
099f fb39 0257
f498 0b6b 0158
003e 0b7e fef8
0518 fa3f 010f
0cc3 004b ff32
fa6e 021f ffaf
093b 056b faa0
f43a f715 fe8b
f4af 0534 ffa4
fb57 f302 0403
fdf3 f5d3 fdfc
0983 f58f fa6c
0767 009c 05c5
065d ffda 0649
0bcb 0027 031c
0cbc 01c6 fc28
0232 02e6 fb1a
fc28 0c88 053c
f9cb fd3c 049c
01d0 01b9 ff3c
fd00 00a4 fefa
0c50 fc3d 017e
0b9e 03bb 00c2
f8ec f649 0186
fead ff05 fb29
0ca0 fccf 0202
fe28 f3d4 0278
06b3 fc24 010f
f3ec f85b 0391
0b7c fcee fec8
f6e1 fc77 05a2
f345 f602 fdee
0582 092e 01a7
00c2 f888 061f
023b 0584 026a
fb14 f7a0 03cb
ffee 02a5 04c1
f492 05e5 023f
097a f542 fb91
fe77 0090 00a9
0863 fca4 fb73
f5fd 08f0 fe93
0c47 0b0b 0198
f408 f4b7 0419
ff66 06ac fef1
ffd4 fca3 02d9
f7a9 08ca fe05
0558 fd2f 0100
f756 0b98 0302
0143 0858 fe77
07bc 0c5e fd2c
0664 f6c6 0564
f6e8 0930 004f
f6b6 0841 0513
fa67 017a 04f1
f54f fbb5 0315
094c f366 fd17
0529 0c13 038b
f97b f7fd 0095
f6a6 0068 0650
08b1 f492 faca
f456 fde1 fe7e
fb46 f84d 044e
fb60 f57f fa44
04c2 0a3c 0566
072e fca0 ffaa
040c f335 00b0
f5b7 f93e fbd6
f597 f74a fd12
f417 0326 fe4f
0a62 fed1 0508
0933 fcfc 04dc
fb5c 0cac 048e
0409 032d fcd2
09a4 f355 ffc1
f7bc 00a2 fdb2
fccb 0376 f9a1
02b4 0679 f9d1
087c fed0 fdb0
0c7f 0a89 ff25
0229 f5c4 0255
0401 f359 021f
0cd2 f91b 03d0
0552 f700 fe4a
011c f5cb ff7d
f8ca 00bb 0633
0ae5 fb31 0272
04ad 0486 00de
0b1a 0249 0048
0817 0b51 011b
0545 03c4 ff12
f50a f37f 063a
fb8a f3a4 0220
0201 fb31 0194
0c26 0321 fbd6
0ca8 0586 03ef
fe22 0a6b 0274
faa8 fafd fb3a
0cad f406 f935
f443 fb0a fd81
f86b f8f6 0407
0886 f77b fa6a
fea6 ff96 fe9e
f358 05a0 0236
02cb 0a56 fbd6
fee6 00b7 0236
f960 f305 0545
f58d 0887 fc14
022d f80d fff8
0799 ff36 fa1f
f58c f6b2 030e
fe67 f7a1 fc8f
0bbf 0c1a 00fe
fd39 f308 01ee
f512 ffba 005d
f419 0a84 fc1d
05e7 0a63 0060
08a1 02d1 05c3
01ef 03c2 0360
fae2 0500 fa84
f41e 0673 fd7e
f365 fa63 0053
0ac8 0a1a 0271
f8fc 0849 03a4
f576 f6f7 fe66
f774 fa68 fdcb
f7c2 0797 019d
0237 fcb5 fda4
093c f72d fa6c
fcfc 0101 fdb4
ff2c f609 fe2d
f78a 0cfa fc48
f96f 011c 0170
032a f56a fa50
f474 0489 04c5
002f fd3f fe4b
010d 0107 fa0b
f89f f687 01db
f88a 08a7 fdeb
fb38 ff7e fe82
0221 f60e fb27
fde3 f433 ff87
07eb f625 fa36
0ba7 f96a fb6d
04cc fc62 fa57
f6b6 006b fd57
f40d feb1 02ce
044e fee8 fb60
f350 fe75 fca5
f401 fdfd fc63
fbe3 0bee fa52
fb8c 002b 05dd
091b f78a 02f9
0153 042b fc5e
f9b5 f74b fa86
f894 0694 018f
f81e 00f9 0003
fc7f 06e2 fb3a
fbc1 fbf8 0644
fbb0 073b 064d
f7fc f587 fb8f
f5a2 fadc fa5b
f89f 039b 014e
fe38 fc53 0651
05a3 0233 fcc6
06b2 021a ff57
f6fc 0a93 05ca
09c8 f31b 03f9
04a1 09df f9c4
f7dc 06a5 05a4
0425 fc6a 0048
0545 0767 fecb
fc27 080e fc37
fde4 006e f97f
0886 ff70 feef
fdf9 ffd0 fbdf
0800 0877 03ec
05fb fdeb fd23
f35f 08ec 0205
f9a8 0682 0458
0974 039a 0191
f8bf 07f1 014f
f3ff f651 fbd9
0993 f8e5 05f5
0190 0992 fbc9
f859 000a 066d
f546 0806 04c3
fa97 0404 0514
0c37 fee0 04b7
f388 0012 0275
001b 0b2f 0369
f582 fa93 f9bd
0bab 0a07 fdae
0962 07bb 015f
0259 f7c1 fb18
f48f 097e fa1f
014c 03bc fc5f
faca fc86 05ac
09b9 0a9c 058c
fb92 fd16 02aa
0074 f679 010f
09f2 f983 04e3
086b f5eb fc9c
fb9e 0c99 fd2c
0ca8 f588 fc2b
0ace 022c fdaf
0922 fa18 04b5
0bd3 0a4b ff44
ffe3 ffec 05c7
f8d3 0132 041f
f881 fb82 ff31
0b5d 0711 0027
09be feff 01ad
fa4b 0b79 03d6
f679 fa78 fb99
095a f34e 0235
0282 01f9 fdf7
0163 fb1a f985
f66e 0b86 fcf3
0611 07dd 0145
f83e 02f9 0033
052e fba9 0332
fa84 0046 fc55
f8bf 06a1 fb63
fa1d f5ba 05ec
045d f7f1 040d
f33a 0c67 fc9f
0a17 f443 fb86
0815 f5aa fd64
fa95 0a68 0383
0ca7 f343 040f
01b4 f34d 05da
f9e4 0cf3 fa70
f9c5 0276 fd42
fe70 f595 0223
05c0 05a8 0653
fd85 ff85 0104
f85b 019d fdee
05da f7e6 fa56
0cff 0b76 015e
f689 098a 0447
0776 fe10 043e
f8a0 02e1 048f
fe0b 0970 0058
04fb 041c 0598
0b2c 0c90 05cb
f9a2 fdd7 ff7e
f439 f4c9 fcdf
0335 fbc5 fd03
0053 016d ff6d
046b fbc3 0382
f4f7 019c 05f3
05e7 0c8b f9d1
0c24 f904 0110
f71c f5e5 fd4d
ff0b f723 00ec
07e8 012d fe38
0936 0bd1 0407
0c5d fe4e 042b
f691 f86c fcf8
fc8d 073e feba
07fc f595 fe93
f911 0261 02f6
062b fdee 05ff
01c9 f7fe fe66
0b21 f7a9 ffe7
0170 0b32 03ba
06bc 0874 f9dd
f4e6 0a61 0186
059f f84f 0119
085a 0c23 fb33
075d fe6c fba0
05b6 0b0c fde2
0750 06c8 ff0d
fa38 fd28 0417
fd79 ff2d 057b
f425 fc4f fbe2
0457 0620 fd6b
0ac9 0a39 fa8d
f83d f8f4 01ef
0998 023d 04e6
071e fb4f fc81
07e0 f47d f988
03cb f5e0 f9b9
f735 fe72 0201
04e1 0341 fd77
0994 0c59 fb90
07c9 0510 fedb
0068 0000 0000
fd62 07c5 fc3e
f7a7 f8b2 fa57
f49d f61f fc12
0909 f4aa 0120
f9c2 f4fe fadc
0546 043c ff75
f745 fb96 00ca
0af9 fc12 fc33
01d0 fbcc 04c2
02d9 ff45 058e
fda0 ff49 0590
0712 0bfc fb44
0653 f978 00f6
fd73 0782 0439
017f 040d fd28
0b2a 00b1 fd49
f453 fce5 ff5e
f6a4 0c0a ff08
f617 0641 fe65
fd4d fc50 fe35
f404 0cc5 000f
f528 f552 fd43
fb9a fbad feb3
feab 08b0 fe74
023c 0885 02a8
ffe4 0261 0466
05aa 05b8 00ba
fc6f f4bb fe87
f8b4 fa4a fcb5
0033 fae1 fc8d
043d 026f f9df
f414 f885 ff02
f958 fd18 fed8
05f7 05fd fb9d
07e0 0883 0180
fdac fede 0522
fd40 06a3 fff1
0761 fa77 fffd
fbf5 f691 fe62
03d4 04fd faf8
f747 0b86 fb07
f6fb f6b0 0477
01a3 07dc 0207
01b6 f3d7 fe4d
0584 0881 fd91
ff57 0984 05e0
f985 f45e 068d
fcb9 0b0b f9c4
0b25 0b69 021d
09ec f986 01e8
ff0c 0b79 fba8
0053 0550 060e
0373 077e ffd1
ff51 f68b 03af
fbd9 f40f fc66
f99d 057d fb1b
f951 f4a6 ff75
fb10 facb 0310
0ad2 fac0 03c4
0394 f47a 01a4
fb21 0cb2 0170
00b1 063c ffd7
fa13 0681 ffec
009b f52f 065a
0c2b 079f 0652
fd60 0a46 02ba
f64e 0c10 03c4
02ee f771 fd1b
f927 fd3a fe75
f5b5 07b5 ff56
fd5e fa05 01a5
08e6 007a fbdf
f441 09c3 03a4
fca4 0a69 0563
f7ab 0492 fe5a
f93c f93b ffbb
fc7c 05bf fead
0c40 fc68 0022
0c94 fc43 fa31
0764 0c90 05a2
0930 f8af fce7
f9e6 0302 fc2e
f51d fd7f fd17
077c f476 04c9
086e 0249 f9b5
f82b f75c 0316
f8e5 f3b8 0641
fdd6 f552 0010
fb9e f38f fdea
0901 00fd ff60
0aac 0158 03c2
0076 fc77 fc17
f484 05ba f9db
000d f657 ff03
ff7d fd18 fe24
f42f 05f0 ff5e
fc37 ff1c fdd4
f6b5 f366 05e3
0760 07bd 0431
f83d 0107 fb84
f902 0a4d fdb5
faf3 fb2f fb7e
006a fcba fa41
0a1b 089f fed4
0637 ff6a fc09
fc36 f797 02c6
f9fa fe51 025f
fdb1 f591 02e0
fa48 f97c 01a0
0557 f8e8 fde1
0c98 0972 0047
f97d f790 01c6
0a40 ff31 f9f6
06f0 0275 fea9
fbde 01f5 0103
f9c8 0394 04cf
0a43 0bf1 0603
f55d 000f 0605
f83c 0553 02ea
fe5c 0344 0091
0844 f31f 0613
fee2 05c6 fd7f
021c 03cd 061b
08cb 051f fa27
046c 0277 fcae
03c8 055d 0359
f786 01bb 01d4
0999 0aee 03a6
fd6b f5dc 02cc
0c49 02c9 fecc
0000 0394 0000
0b4e f36c ff18
0808 01c9 0435
fa3a 02ec ff74
07ad fc61 ff4e
fb60 02ff ffb6
f432 f6fe fb0d
f68e 0027 fba5
0248 03f6 0542
ffeb fa12 0424
0b12 feb2 01d9
f85b fce5 0679
0be5 00eb fe68
0887 07c9 fa92
fd42 0674 0622
06bb 0223 ffd3
fa6c 0736 04c8
057d fb9f 03f0
f505 fd35 fd60
f5c4 099e ffdf
f87c 0576 00cc
f503 0cd4 02c7
0a98 0226 fa45
f972 009f f9e6
00b2 fada 013a
070f f968 fcb7
0520 f924 fb5e
fc67 fd78 fa2e
02a2 078c fe1e
f88c 03fd 050c
f5a4 038f fd15
042b f888 0128
f827 f5fd 06ae
fde1 0582 0066
0452 f41b fd6e
0879 f70f febc
0241 f6d3 01d2
fdf7 0811 fb58
fea0 faa4 01bb
fe16 f5e0 fe63
09eb 01d1 0173
036b f5f6 ff92
f952 fc41 fb6f
ff08 fabe 013e
f7f1 0b40 fe77
fa89 f443 ffe7
0834 fb66 0109
fb95 087a fa03
0091 0722 0411
ffa3 ff64 f9ab
091c fbd2 fb89
0586 fb27 01f5
08a1 fed9 011b
005f 01cc 062a
0b65 073a 020e
f477 f410 005d
05cc 06b0 0670
03ce f602 ff0f
088e 0ad9 000a
085b f86e fa36
0235 f79a 0016
07fa fa58 03ca
06c0 03b3 03be
030c f833 fde8
fd43 fba7 03c5
0891 0a10 fb4e
f68a 0502 04f1
fa08 fd76 fd3b
09f3 01ef ffe1
0bd5 f763 fc2e
02b3 fabd 0253
0918 f397 fe14
0432 012f 04d6
f804 020a 03fe
f666 0b7b 03e3
f7b8 fd4e 067c
0b27 01d7 03c0
f647 f354 fbff
06bd f830 0417
f6ae 0a91 fba0
fbff 0317 0299
04e7 097d fd80
fb0d ffc4 0301
f403 f5bc faef
074a 03f7 03c0
0aad 0075 ffd0
fb5b 0b0b 0161
f61a f8f2 fc2e
f45c 0d00 03ad
0907 f4c2 056e
f32c f4aa 0618
f4be 021f ffa7
fa7c 07e3 fe69
f72c f7fa fd2e
f878 f539 029e
0870 f65f f9ea
f63a fd87 05f5
001b 0349 fcaa
04bd 0416 fd52
f406 f68b 0199
0320 fee9 0063
fc8d 01bb fee9
f859 fc9c 0169
0650 05be fb4c
0804 0c70 011d
f80d 0160 03ed
f3d2 f987 fde2
f872 0ce1 fd7a
0bbf f5cb fd60
03c4 ff96 f9db
f7da f6fc 039c
075c fc0c 01e7
0415 013b fea8
094b 0a60 031d
f875 fa6c faea
08f5 fd11 fd0a
f3f8 002e 0629
f416 f355 0108
faaf 001a faba
0233 ff0d fcd0
f6a6 f8a7 00dd
faf3 fcc5 fb4a
f865 00ee fcba
fd3e fec9 0654
0c27 fb6c f99d
0940 f33d 0363
0bb1 0a86 05a1
f539 03d0 01ce
013c fc76 feae
0a02 0a2d fced
fa89 fc0a ff1a
04b9 fb6c 02e9
fea5 0985 03d3
f673 0387 00c0
0993 fc03 fa61
0169 f809 02d1
f72d 0912 01ea
fc1e fb36 fbca
0056 fd8f 0443
f999 fbc0 fa20
fde6 05ca 05f9
ff05 f56e fa65
fb93 06b5 fd8d
03df f75c 0378
019a 0590 02d9
fb4b 0c7f f969
f484 ff4a fe4c
0c19 fff2 fe8b
f760 ff3d fd7e
0716 f409 fd8c
f75e 041d ff11
fdfe 0b08 0449
f6d2 fc0f fd48
faef 0ad6 01d4
0756 0362 0249
074e f833 ffa6
0952 071c 0494
0332 f8b2 03bb
feeb fba6 0381
070b f435 fb4b
027d 0aa7 fa49
02d8 f38d ffd0
0262 06eb 002b
fb90 00fe fd18
f7ed 025c 03a0
050c f470 faa1
01cd 03e7 fc5f
f3b3 0a06 fd60
fc1d f6e0 0574
f8ab fea8 ffed
09c2 f52b 03ac
0853 f70e 05d4
00eb 016f 0413
0a12 f929 045c
0856 fa18 006a
f6f4 01dc fccd
0426 033f 0168
fb93 0bf0 04ef
fc06 0654 fcc1
0736 f676 0476
03d1 0163 0584
0588 f721 ff7a
0ad6 0524 f9ea
06d6 fe01 f99b
0296 f312 f9f3
06e3 08aa fffe
f982 0a17 042e
06fc fb8a 0183
fef1 06e5 fe37
fa2e 06b1 0524
fd22 f97d 0206
06b6 0468 fb24
094b 0946 05d9
fe94 08d4 fe32
0367 fa55 fe4a
fc09 0617 fb72
fdd0 0555 0626
0754 f95b fe0a
0118 019c 04c0
fb89 ff98 fb85
096d 0702 0078
0a58 fed3 00d7
00f2 f7c2 fe46
f7b6 f4df fd3c
fa8f 086d 04b4
09fe 0316 ff37
07da 010a fa1d
0b24 f571 023d
062b 02f7 00dc
0646 0a7f fb0a
0591 09fe fbb4
fc3f f8be fafd
02f1 fe02 045a
f464 029d fabc
f946 0bbb fae9
faf4 0bdd 0260
f832 ff6d 039c
fc0b fc40 fee7
0520 0c34 ffb6
f3e2 fb09 01ea
0795 fd1b 0307
f9a6 fea2 ff11
f8c4 09bf f9ec
040c 054f fba1
f4df f858 0491
0382 0463 023b
054b 00e6 02e5
0c9a 05f7 0628
fa69 fefe fc27
f88b 01e2 039e
05f6 084d 05a1
f53c f46a 0398
f995 f359 0305
fc13 fbe9 fcd9
042f 027e 03f2
0b77 fc6f fb64
0251 04eb 0306
046e fa7e 02d8
0c08 0577 fafd
04b4 009e 041f
0567 01ed 02de
039b fcb2 ff8f
059e feb9 f99d
0528 0ac9 fbee
f71f 084c 03b7
f937 f830 00e7
f501 0ceb ff32
f780 f923 0256
f869 fc39 0372
fbf2 fef3 ffc7
fb1d fece f9dc
fd64 07dd fd1c
0cec 03aa 0026
f6b6 f440 0506
f487 f5e1 0532
f707 ff2e ffea
0434 0ab4 046a
f927 05ca fbe5
03ff 08b6 ff76
07f0 05cd 054d
f3a7 0b96 0120
02de 0a70 fc33
fec8 f794 fe3b
f538 f7eb 0240
01a5 f775 04e7
0984 0599 0447
ff7b fc08 fecc
f9d8 06ec 02ed
0a5c 06dc fd13
0056 0370 ff9e
fc95 f354 03a1
06f2 fba4 fbc4
fae7 f65f 0438
0c4d fae2 fb15
f806 f35a fa4b
fb4f fa4e 02a4
00de ffc6 0462
02db f448 023a
fef1 0b74 fce5
0172 fafb 03ff
038d f818 fed0
078e f3cb 002b
00f5 012c 03e9
fe25 fa73 fd1d
f34c fbc5 fa72
0147 fbb8 fe5a
075e 0748 00cc
0852 f51d 040d
0a83 06de fb87
0cc2 0029 fe54
00cb 01f1 fdd1
0657 f545 fe09
03de f89e fcb0
0cc2 fe89 0482
f7f4 f9c6 034f
f961 01f6 fc62
01da 0a9f f9c2
f41b 038b fc3f
f3d2 0c23 0040
0ac9 01d9 000f
f8fe 041d fe53
fc42 0a25 ff78
fa95 09f1 048d
0075 04e9 015b
05c1 01e7 007e
083a ffcc f9af
0c0b 014e fe37
070d 01b4 fdb4
0066 05cd f9d4
0b96 f4d6 0503
03ae f931 0017
f321 f42d 0373
0c83 0935 055f
067f 05c8 03e5
0437 01c9 fe3e
09bf fb94 fa60
ff55 f9f4 0226
0883 f8c6 fb87
f841 0300 0302
0ad4 05ae fc94
0a78 fa8d 033a
05d7 0381 ff81
fec1 f6e7 fb6a
fc1e f3c8 035d
fa29 09eb 0255
ff3b 0707 04ed
f77b 0359 0563
f7cc 0748 fa9e
09c3 0160 02b0
f75f fb79 fbca
ffcc 0307 01b2
f6f5 0114 fa78
f476 0a8e fb63
fa04 02fe f96e
f6d3 03ce 020f
0655 ffa2 fa91
f5fd 05e9 fb8a
0504 0308 058a
f7b1 fd6c 042a
0545 fb05 fcd5
091a 0553 01d8
fd77 07fd 0184
fb9f 0559 0033
f390 f826 0342
fd50 f785 f9dd
fa1d 0227 014d
feec 00b9 fe8c
0999 fbe1 fbe9
f4be f6ff 003b
ff5a 05a6 0456
fc66 f577 05de
f5c8 0a23 004a
0a86 fda6 0420
f89f f36b 01a9
fe7b 0443 ff82
0b94 fb8e fbbb
0913 038e fce6
f3a0 fdc7 04ea
ff64 fb48 fcc1
0cce 0315 02f4
fd4c 06fe 024b
0952 094a faaa
fc01 ff15 0531
ff51 0a76 f9b5
fdda 03ab feb8
f78b 07d6 fd3e
0335 05db fb62
fd9e f5a3 01be
f769 06c8 fb4d
ff4f 0872 0241
054d fe71 0164
0862 f944 fdf3
032d fa19 fe48
f91a 06c8 fdc5
085c fa53 0291
0394 066a fc44
f532 0c57 026d
fd73 00bb fee0
07ae f72b fcc7
f57e f54e fc75
fe2e 0a8f 034b
01c9 0113 0037
fa05 fc1a 03d3
007f f678 fb3b
f6fa f33d 03d3
0c17 fcc4 002c
f576 0055 fdd8
046d 0c97 015f
f496 f6ac fc50
f557 0ba1 02e2
f976 052a 0597
fb68 fca9 0284
f363 f7bb fde7
0b54 0a26 0227
fde6 f570 ff24
f5b6 06e6 fb95
fadb fd3b feb6
0bef 0c4b fac8
f718 fff3 fc27
03e4 fc9b fd8f
ff70 fe98 fc38
fdb4 fa88 fa61
f476 0255 0316
f8e7 fd58 05a4
0853 0c76 fb84
054f 04de fd07
02d9 016d 00e9
fd74 f4a3 031e
061d f5d6 0374
f398 f343 0234
fb56 f3a3 02ad
0c35 fb54 012e
081e 08fe ffca
05ed 0b37 0676
fa7b f30c 063c
f38f f975 0325
fd44 fdb1 fe9a
0c85 042a fa1e
0cd2 f3ee fcb1
fb9f f53b 030c
f829 ffc2 0035
0358 08a6 febd
09bd 0a66 fc78
03d8 0033 fb54
012d 040b 0500
0ce5 0120 fb19
037c fd65 00c8
0b9f fa1b f94b
f865 0496 02a6
0681 fbd2 fdec
f39b 01f8 0589
fbac f891 042b
0970 0517 fd4a
09be 076e ff97
07c5 fc86 f9d8
02ff f823 fd12
f723 045d ff68
f98a 0a5f fc7a
fbc0 fa0b ff39
ff04 f4cd fb0e
fb50 05b7 02d5
05b5 fa68 fdaa
0214 fbd9 0039
f3ea f872 04b7
f903 0522 0080
f9d3 fe2d fec5
fc59 0604 008e
0c8a fe91 0158
fc64 f8d1 054d
fd05 0462 ff3e
fe47 f741 03d1
07ed f8c9 0306
f38c 00e7 f97d
f6b3 f947 fe55
f499 0638 ffc0
059d 0693 0127
0c60 fa50 04b4
04fb f553 010b
fd20 00ba 0466
0254 f7a5 0393
f310 f4b4 01d4
f3e1 051f 034d
0420 094d fd05
06ca 0b89 0067
f873 0640 ff11
07e8 055b fcf1
05ea f845 fb0b
f402 f498 fc01
fe2b 06b3 01ba
022e fd79 0206
f3fa 014a ff51
f7e0 fe0e 05d7
f69f f846 fcc1
fd24 f724 0658
f7c6 0279 ff62
f5d7 033f fd70
feb7 fead ffc5
0977 fcb1 fed9
ffa1 f990 ff04
fcd6 061a fe02
00c2 0634 fa90
fba4 fedb fe54
fb1a 027a 02ad
f4de 03f2 010e
f709 01b8 f977
f684 ffa2 0586
f467 fa1c 0208
01d0 02af fa79
0578 0aa1 ffcc
fed9 f939 03fa
0266 f829 0225
0b38 0776 fe82
0c09 0c5a 06d2
f554 fb59 0015
fb33 fb3f 047b
f3d3 fde0 035f
0916 02e3 04f4
0419 fa1c fbce
024c f9fc 04e2
0cc1 0b97 01e8
05af f864 fecc
f6bb 06ad fbee
ff9b 0139 01c0
f3f2 fc88 06a3
f363 fc4a 02ff
0c40 f94f fc09
0ced 0045 ff42
fa7e f9c7 0057
00b6 fdd4 fe89
f810 f763 012c
f307 f6e5 041b
fa58 0a71 0022
f918 faaf fa7c
0a1a 0337 01fa
fa33 f998 0695
0a86 077f 0459
f570 fcce fe80
fab6 faab 02e0
0140 0592 fa02
031a fb93 fd83
f5ca fe65 fb75
fc24 f329 0563
f434 06c2 ffb8
f5c0 f4ff 066c
f7a6 f8b9 fc88
faea 0b46 0181
f6b0 fd6f 0236
fa49 0179 ff89
f697 f864 02c5
feae 03b4 04a3
fc62 f78b 0217
f722 fe24 fbc2
f37e 030c fe6f
0c1f f5a0 fab7
04aa 042b fd1a
0226 f49b fa78
0398 035a fb67
f9d2 0a5e 0618
fff1 fe60 fd23
fae5 fa73 ffea
0625 0aee 008c
0abf 069a fce1
076f 019b fce3
f6b0 fadb 0571
0bfe 0278 02ce
0c85 0c22 fd28
fa38 0ac6 0443
0994 ff73 fa6b
ff9f 0136 0611
0325 fb16 fd30
f434 f53e fe07
f36e fc88 0144
f488 0893 f9d2
fa38 0c53 035f
0210 0758 04a8
08ab fc1c fe1b
f5df fb3a 061b
f333 05fb fa92
fceb f3da 0135
0038 ff7c fc97
0966 0654 fb48
f3b7 0bb3 01a0
0996 f30d 0184
01a2 f895 fe43
f908 0283 fc52
0477 f5bc feaf
0a05 03a1 f9e3
fea0 f90e 02a4
02e3 f5dd fd59
01b4 fefb 006d
0a8f 0833 fd6b
f7c3 065c 0513
f822 0567 0438
fea1 0555 0340
0563 f47a 0515
f495 02e8 fa89
f76d 0c82 fd2d
fc5c 0321 fa46
07ca f633 060a
0c1d 0399 fcc0
fc02 f77e fdf3
f6b5 fe4d ff61
0593 0595 0206
f727 fafd fc7d
0b53 ff03 fdd3
f3bc 0cab fe0b
04a3 0a59 fc58
0026 07d8 fb6e
0583 fc8c 049e
fb61 03fa fd9b
0c1b 0c82 fe5f
f90a fc12 fd54
f4cd feb4 0403
f5df f5c1 fdb5
0654 f355 fc57
0c6a 07a7 ff80
0abc 0873 02df
f323 f732 fb5f
0648 0297 fdce
fd23 fb8d fe4f
f9af fa17 00f9
f454 f68a 036a
0529 0549 fc6a
fc99 fe07 fbcd
033a f932 02cb
029a 0c46 0685
fcab f8f8 016e
0665 09a1 029a
08e5 fc77 0390
fa48 fc93 fe7c
0277 fad2 fd3a
04d2 f91a f99b
0324 fd3d 026d
fe1d f6e2 fb1c
00d4 05b2 fa5c
fc7b 0639 fefb
f627 f914 060e
f6ac 01a3 ff8f
06f4 f83a fbf7
fe75 0398 fb48
fb32 0438 05de
f847 fe15 fecc
fa64 ff35 fc05
0597 091d 05c8
f388 0965 fb3e
0692 09c6 fd42
08c9 faba fdaf
f729 036e 0452
02fd 0cf0 fd3f
f6e4 fade fad0
f626 091e fbde
065b fa69 fc7e
0825 0aa8 fe99
fc13 0876 00bf
0b8b 0cf7 fe3e
027b 09fd 066b
0998 0883 06c8
0c67 f418 01fb
04aa 0b25 05dd
f43e 004e 0213
09a7 fe4a 00d6
f5ef 0b5d 00e2
091d f8fd 0604
0b40 0559 0164
026e fd00 03bb
04ca ff34 02e1
f339 f5bf fe67
09ee f328 ff23
fa4e fa6b 0080
f6ae f7bb 037f
01fe 0675 0359
f66a fe5c 0675
ff28 0612 fbe0
0a1c 09cb fbb4
fd4e 07c1 049a
0172 0967 fbf2
f6d8 fb0f 03e7
0330 044c fa40
0ab0 093d 0648
fcaa 0a93 03be
0188 f574 0383
0bd5 f54b fe6b
0634 f510 00fe
f45f 011b 015f
0342 0ac8 0299
0932 06e8 fa7e
0aee 08ab ffd0
f4d1 034b fd8f
0890 064e 054c
035a fe73 fd2a
004d ff08 fa71
f7b1 0635 ff28
07d1 fff5 faaa
09a0 fa91 054d
faf4 f640 fd80
0311 0c43 0346
02ba 0228 ff28
ff91 f993 fb05
f405 04e1 fa51
0921 0c3e 0244
0653 0b0e 0184
08fc 0033 fe11
091a 053d fe66
fd6d f559 02ce
09df fb89 0636
f974 053b fd23
073a fc79 fe41
0936 09ec fd52
0ac1 f309 faa4
0180 0a72 0461
0850 fbf6 ff37
fe16 0bfe fc43
077e 0b39 fb80
0627 f5c9 feb5
09bc faca 0253
f46c f5be 03e9
fa33 f7a2 006e
0176 0cba ff7a
f74e f68d 0497
0967 0be7 04b5
038b 0366 ff37
03f8 ff52 04ff
f39a 0b62 f934
0b2d fcfa 00e3
f317 fc35 ff57
0c9b f6f8 fdec
03e4 fb4b fbac
0b11 07a5 fe4d
f699 fc0b 0385
f6ba ffd1 04ca
fdaf fc92 f9be
088c 0a80 03b4
0211 0548 0334
f74c 05b6 013a
0725 0aaf 0688
0081 f580 fd43
0849 fe0a 040f
f66b fdfa 0034
05d6 0006 00dd
fe6b 0269 0469
01b5 0b25 00d4
f67e 027c 0043
f3ac f50a 0356
0924 fdf3 ffaa
07f5 0188 fe0f
fd56 f5c7 fdfb
fab0 025a fe3b
060c fa82 0574
ff71 016a 009e
0857 0356 01b9
0541 003a 0352
06ee f549 f985
043b f4c1 fd81
f651 f62e 01de
f734 fce9 0135
03ea 023c 02f0
0380 fa11 0366
fb03 fbc1 02f7
02a5 0ad2 ff89
00ab 0bae 01e6
f412 03df 000a
f56a ff21 0563
f8a2 f81e fc9f
010e fe5e fa25
03a2 097b 05ae
fa5a 0956 fcf0
09e5 fe07 fee5
011c 0671 f9dd
f768 fa1e feaa
0cdb fa78 fb04
0cae 06a9 fe0d
0036 fbdc 0202
0957 06ac fabc
01dc 0b51 fe87
fa5c f7af fbdf
072c 094c 0209
032e f434 ff95
0746 f405 fe86
0c6c 0949 00b7
f41f 0973 0339
0ca0 f7ee fae4
f881 f83f fab4
f907 04d8 fa15
0a45 05a1 046c
054a 0748 00d2
01a8 fd15 ffd7
f507 08d5 fac1
fabe 008a 0422
080e f84b 04ef
0288 f355 0123
0a6b fb8d 062c
fbc1 01c4 05d3
0463 059f fc0f
fb38 fe53 0047
04ee fad3 fb52
03ea 0ba4 0307
f715 0a59 021d
0085 01af 00c5
f708 fd68 ffed
0c8e fb65 0166
0507 fa9e 02d3
03ec 0125 ff26
096a 0793 ffe1
ff79 fbc8 fbde
0a6f f5a5 00ec
0186 09cd 0073
ffd5 f768 0606
f351 0c68 012b
f3b6 f65e 0580
faa6 0c56 ff59
0c6c fae4 fe86
f9da 0486 02ef
f619 0949 fab5
0789 000b 02a6
008e 0357 067f
f92f 0998 0209
f740 0611 0419
0472 052a 027e
00ba f46b 00cb
0636 084e 043e
027d 0429 fec5
0c0d f320 0305
0ad7 0736 0592
f7a9 032a fdba
f572 fc46 fee0
054b 040a fc47
f6b9 0a70 ffe1
01b2 f9f2 fc4a
f64e f97d 000a
fcbe 092d 00d4
f41e fe17 0486
fa74 02a0 00bb
fd08 06bb ff45
fb54 fc5b 01f4
0a79 0b5c 04cf
f49b fe29 fcd7
f5ee 014a 0461
0465 0c80 fa9a
f8ad fe17 00f1
fe7e fa5d fa41
0990 f788 05f5
085a fd8e 0535
f76c 0bc1 03a6
0cb1 0600 fe5e
f579 f474 032d
fadb 0af6 0218
0c3a fc5c 0615
fad9 0116 004d
f4c9 f4fa 0232
02ed 0a1c 0567
f90d 0cfc fa53
04b2 055b 056b
f707 f792 03b3
0460 f994 faa2
fa5f 0937 026b
fa49 09e3 ffbe
fea1 f500 fefe
fefd ff64 01f1
fec7 09d4 04d7
f5eb f589 058e
fc22 f30a 020f
f495 03c4 fffb
0a0c 00d0 faa9
f38c 0907 01f5
f572 0ba8 fa32
00e8 0695 05c3
0c6b 0270 03f0
fc96 00ed 05a2
f86a f73c 066a
0795 0ba8 fd76
f7b0 092f 04eb
f7ce fdb0 0254
f629 fa92 fa59
0b6a 098e 0459
f6fc fbcf 024b
017d fa2b fb24
0b31 fc6a fe68
02e5 0386 0103
f89e 082b 03cd
fb99 f754 062f
079c 0341 0233
fa32 f8b5 033f
095e 0265 fc05
006d f888 ff7c
f31c fd91 fd8a
09a2 08fe ff63
068e fdee fd00
06bc f7d3 05a1
fcbc 07a2 f9a8
fd9f f4d0 fdcf
f86e 0564 0513
019d fdfc 04af
f414 f818 01e6
054d f536 042f
0998 f682 f92f
0701 0155 ffde
0c3f fff9 ff39
08a8 0c2d fa09
f7f6 fdbc 0434
f924 f907 ffc8
0bbd 0953 0272
f317 fd1c 0526
ff17 03e7 0492
0af2 0596 0318
0237 00ed fe7d
0262 027b 02b6
ff68 f4d3 fc3b
feaf 0955 fb7a
f541 fcd7 fc58
f653 fd1e fa48
f7f9 067c ff76
0672 0887 fa85
f584 0bf7 0104
f45e 0157 fe51
07cb fb7f 03a3
ff2a fe82 003e
f467 0af3 ff5d
fd5a fa18 00a6
ff4a 04d9 fe94
fc78 0755 fe14
fe33 061d 0171
03fa fc5f 0641
fb24 0294 0121
fbdf f38f 001f
068b 09e3 fb36
f319 f3df fb98
f4e5 f45c fb1b
f62c f4c8 fb6f
07f9 f8fe fa58
fc24 015c 059f
ff76 0b4d 065a
f87a fe27 fc5e
f7ae fe96 fb2c
f90d fa9c f9f4
f3ac f8a1 0512
f651 04eb 02ff
0c8e f68e f981
0b3e fc00 ff6b
f83e fb79 fe0a
f75b fafd fdbc
fb0b 0373 044e
fe17 f813 00bc
fc9e 0c06 fd6b
0b10 f46b 0054
004b f5d4 0537
061d fa27 023a
ff25 0cd1 fb7a
01ed 06b1 046d
f743 0717 0273
0a74 ff12 fcb4
fc35 f3a8 0490
fa1c 05f4 ffee
f3c2 0235 01de
f764 fafc f9bf
08df 0033 fcfd
f642 017a 0387
0a6d 034d fd74
fab0 0183 fdef
0890 0600 fb53
0c01 0616 0118
ffaf 09e0 fcbb
03fb fa1b face
0861 07d9 0213
05ea f475 f9f2
0644 0336 04a2
0259 f6d2 fb65
f974 f489 ffbb
0080 04fd 0016
03c8 078d 065a
f860 fe32 ffea
fd21 0b75 ff5c
0878 f3d3 fe3b
fd90 f3fd fd4e
00be fe21 fd3a
0724 0879 fc60
0523 f599 0492
ff4a 0026 febb
ffdf 0a81 0250
007c 0551 0625
f5ff f9ee 02ac
fb2d fbf6 fbb2
064c 0361 0129
f517 f456 02f3
0735 0a74 fe91
f7ed 0aeb 0510
0811 fef6 fcb3
f4e6 fdad fd49
0141 0bb0 03bb
f314 fa47 0265
0001 04bc f9de
0a1f 018e fd83
f65d 07ba fe0e
00df fb33 fc4e
f529 f51e 06df
0ad5 f9b1 fda3
fbc9 0104 0166
0a06 086a ffcc
053d f859 fcf0
f712 f307 fab0
f47b f735 fd2c
063b f563 fc59
0409 f7c1 0621
fcaf f81f 04c4
0852 01de fe95
fc32 0ce4 ff2c
f3f1 08e1 fb6d
065c f5b5 009b
fb82 08da fe97
0351 f46b f9c3
0447 03bb 0386
096e 06f0 02f1
f6ea 0a53 00a8
f7f7 0738 051b
04bc 0694 fd72
096b f68b 0404
fd2e fcc2 0066
f4ca 0642 01f5
0c89 055c fe86
f495 f745 0590
01fa fdba fdaa
04ba 04b8 fb54
0b26 f859 005e
0b42 0baa 066a
fba8 ff11 ffb4
fab8 f426 0660
0496 0667 02d7
0090 ff2d f9d6
febc fa24 0390
f884 0952 0519
fc45 f789 0612
f638 ffbf fbc1
fc3f f942 fe01
fc1d 0229 fd0a
feaa f6e3 0635
075f f802 fa0b
f607 08ef 0049
07bc f97c 027e
0753 f917 f9fd
065d f52e 00f7
0122 0c81 fa5c
f917 018b 0016
0ae1 0284 fdf9
0975 f37f fd0c
0635 f973 0216
0972 03c5 fe12
f9bb 004b 0090
0c56 f3c0 fa68
0921 0061 0135
0b34 0a6f 0353
fd30 01f7 faa1
fc2a fcd5 01d4
fb9a fe64 ff69
082d 02db 0170
0944 090e 0622
068a 0289 0679
f45e 071f fd45
0948 077c ff1c
029f f656 fc2c
f3e1 0640 ffcb
f44f fffd fdc3
0b81 0c34 03e4
059a f738 0173
0aea 08d9 0076
0503 02ec 0415
fc0f fcdf f9f3
0962 00f5 03a7
051a 02d1 fa8f
0990 0453 facb
f6b6 fd30 0699
0707 f6a9 fbf4
f505 f5ee fe85
03c8 0157 f9e0
0b61 fa6a fbc8
040a fb8b fa93
0701 077e ff37
fcf3 f9be 064e
f327 098f ffaf
fda3 f84c fe6d
f3be 09dc f92a
04aa 0706 00a3
0315 f708 0225
0450 0481 fb63
ff43 06d0 fc4d
0ba7 f6b3 0484
fd91 f578 ffa5
f3de f7cb ff86
08db 0817 022d
f62b 0a65 fc40
034a 09e6 fcc0
fe25 039f 0605
fd24 fc3a 032f
01bc 0be4 00ec
fa51 080d 02d0
0910 ffd2 034a
fa7b 07e9 ffd5
0a5d fea2 030d
0147 0564 fb9f
0031 0cfd 00a6
05b4 fc22 fdc9
01da f84d fba6
063c 0a57 fb41
f926 0c36 fdf2
f649 0cb1 053c
f956 00ed 027c
08f3 03a2 fa32
02f9 f640 02ec
0835 0345 fe77
00ed 0c82 ffed
fd11 0981 0310
fad6 fc5a 02c1
fd78 f5f6 fb90
032c 091c fbce
f83f 0453 00b6
fe04 04f1 fcd3
f506 06d8 fed7
0632 f5ee fbab
0c8d ff32 015b
f5ac 00dd 02bc
0288 fd58 0622
f84e 0441 026c
0435 0ad4 007d
f9e6 06a5 fbd1
fcb6 f469 042e
f865 f990 fb05
fadf 0786 0045
0c8a 0435 fbcf
fed6 f4e3 fef2
ff2d 0164 fb99
f380 f350 05e7
06f6 f674 f9e0
033e 022e fcec
060c 05ef fd08
fc91 09cf fe48
0980 fc0c fa10
fe9c 02da ff21
0491 f973 fbdd
04dc fc0e fa70
f72e f856 040d
047e 056f fdba
04d5 f976 ff01
0950 f418 0478
0279 07c8 fbbb
067d 019a 01f6
07cd 0080 facf
f5af 087e 0405
0373 ffab fcdb
fa43 033b 0383
f53e 0727 fc39
fe54 f50c fe73
f6e7 0263 004e
0cac 05ed ffb9
053c f307 02c0
f66e f982 00c2
0bd0 0b3d facd
047e f39d 025c
0aae f405 0128
0840 0333 04bd
f703 ff71 028b
0ce9 fed9 0581
0c4e 0147 f9ae
014b f8c5 fb4e
0721 0636 02f8
f416 ff4f 004c
f3e5 ff33 04fc
096b fad8 02a4
0c07 04db 0612
f97d 0483 fedf
f42c ff61 0513
0a99 02de 05fa
000d 09ca fe1c
ff30 f30b 03bf
f6db 0033 fff6
f632 00bc fa0b
f374 0625 0052
09d7 f4eb fc8f
0870 f8e3 00d1
f571 ff37 0422
0a46 f9f0 050f
082f f46b 01bb
0bdf 0878 053e
0634 0b2f fcd7
f9c7 0351 0242
fc05 024f 0330
0c46 fe35 052c
fe75 010a 0038
0318 f3ea fa5f
0545 0814 f9cc
0aee 0a89 fb9b
f494 f5a9 00fc
fe31 05ba 0244
0151 074c 0016
fea1 0086 038a
ff72 0882 03d9
fc93 fbc9 fffc
0a54 fc79 fa49
f65c fce2 fd6a
03fd f5cc fad5
ffbd 087b fc7f
0136 0c95 049c
fb9d 0052 021d
053b 032a 03ca
fdec f488 00a2
fd8a 0b7d 031f
f417 012e fd0b
043d fbc8 0548
f528 f813 fbc4
f776 fd32 fbac
0213 013c 044e
f51e ff9b fded
0c01 0114 0103
0894 0291 fcd8
f6cf fe22 0324
0b09 0657 fdae
ff59 f7e3 fb5a
f854 f30b fa1c
ff89 09c6 0071
f5e5 01b6 fcb1
f6e5 0c09 02c5
fc6a 0701 0662
ffb9 f68e 0543
fd39 f7f0 03ed
fe22 02ca ffa2
023e 07e9 fe1e
fec6 06dc 05c0
faba f56e 035f
00cc f83a 0079
099d ff5c fb55
0716 f32a fe0a
02d3 0616 fa11
fdae 0032 0340
f707 f791 fe9f
f8a3 fe90 04a1
0cea 06fe ff88
f3a7 f69a ffb8
fccc f4cb 00dd
f7fe f6e8 fb4c
fe81 f9ac 0382
0650 0736 fe4e
f826 ff38 ff18
0222 0a1c fd41
0cc8 0568 023d
06c7 fc5e f9db
0039 f458 0413
f6b5 fb85 fdd3
f507 f373 02aa
0af0 fd64 03a9
f483 ff82 01fa
f49d ffaa f9db
f566 07cc 03c7
0bd0 0147 fe18
0b64 0873 fd07
f5ce ff38 fe0c
fc99 f98f 01bd
fa83 08fe 006b
fdd8 f935 fc1c
05fb 01e0 fee5
03f7 06df fe04
09c8 02fd 040b
00c9 f70c f9a7
fc6e fc1c f9c1
0171 0bbc fe8b
f6b2 086c fa41
04f4 f8e6 001b
090a f782 fccd
0c31 0796 fd3a
fa35 0175 0453
02ee fa90 03e8
f6f1 0679 05d2
07cb 03bf fcd7
ffd8 0b0b 04f5
fe1f 0246 060e
017f f59c fb0b
f970 f4de faa4
0709 fbc6 02d5
f573 f3e0 030f
f871 0be0 0162
f832 f912 fb42
f329 037f 03d2
06c4 f9ed ffaa
0bd9 0c97 fdd7
0cc6 0850 02f6
fbb3 04d7 01a1
0bd0 07f6 04be
fb64 0a30 fc05
fc83 f607 fd43
fed1 0bd6 0336
0805 faf1 fcb5
fbd5 fa9c fead
fbcb fa59 fc00
fb7f fbe9 034b
f7aa feb0 05b0
f92b f72e 02a3
0381 fb5b 0513
fe41 08d2 fa49
fe6b fd20 0444
03f0 066e 041b
f3ec 0ad0 03f9
0022 f484 059b
f765 fcd3 fe6b
022b 0836 018a
008c ff00 fa1b
09a8 03ff fe9c
03db f7b3 fbb4
fed9 0338 fd6c
ff96 fea5 0393
fe97 097c 0295
fa3c f516 019c
fbd5 0246 fb13
01a8 faab fbbd
0299 ff3a fb56
02ed 0080 007d
feb0 046b 016c
077d fb27 fe07
0a33 0ba5 fabb
f3c9 006c f9a4
01e2 ff17 fbc3
0209 f763 fd03
05a6 0718 0354
f58f 074b fcd0
08ab 0454 feec
fead fcb9 fee6
01eb 00f6 fdae
f763 f905 0064
fd3f f88d fa8f
f73e fd20 fa86
0beb 0bc2 0064
f3b7 f93c 0653
fcb5 ff87 03b1
f770 0c8c fb74
fcdd 00b3 00a0
f37e 0892 045d
09dd 037f fd76
0244 fd58 fe96
f767 0929 025c
f67a 0471 049e
0c73 fd95 02fc
f9f2 085f 01b1
fd37 fc6f 012a
ff17 025f 017d
fa2a f3c2 0474
f6c9 fc1b fc45
fe48 f397 fd03
0a83 0394 ff4c
f536 fdd9 fdeb
f6f2 07ce 0288
fd59 0a7b fbfe
f578 f82e ffbc
fb0a 0c01 0087
0452 f401 ffae
f8f5 f56f facb
f763 f333 0239
fba2 04e8 ffc6
fc1a 0007 0489
048d 015d fc00
fc7e fec2 ff3b
fed4 f671 0421
fd65 f41e fee9
0331 f3dc 0207
0738 fefb 01ce
f5aa 08cf 0021
0b33 0bc4 fe7b
f39c 0c6a f960
01a5 0690 fd0e
06df ff57 fca4
fcd4 f382 fef4
fba8 08d8 01ff
fa48 f6f7 05b7
f479 0531 fecb
001a 0b39 018a
06b6 0a89 0681
02da fde0 fd80
0215 08a8 01cf
fa8e 0b6d 027a
fe65 0822 05ab
ff6c 0b78 fccb
04c3 0788 fe48
0056 0109 ff71
05c5 f7d4 ff81
082f fcc8 fbcc
fc55 0952 0195
f5f4 0a81 fe93
ffff 00ec 0040
f701 ff5d fff4
ff9c 08be fa69
0c84 f6ee fdcb
05ee 06e2 fb13
f933 fcda 0259
06be 0b31 0471
0648 fe91 020f
fcc9 01b6 0252
0b4f fd53 02e6
fe30 f723 0349
0b83 f73e 0306
fbdb 0c79 044b
fa3c 073a 04d6
fcfb 05ed fc41
faa1 00b8 02a4
0be2 0a3e fe68
fead fe2d feec
fc8a f46f fe08
f340 01cb fad8
02c9 0185 03f5
f8b3 f8be 0148
fa7a 0ba6 fca5
f940 01f0 00f7
0acf 0350 01e2
0b86 0cde 0558
0598 045d 05c6
fc22 03ca 0563
0bcb 0c26 068c
ffd0 05f7 00b9
f9c8 f83b feea
f4b4 05a3 fa8a
005c 070b fe2f
f491 f88c fbb2
0418 fab0 0324
0b3c f6e3 ffe5
079f 0c55 0498
fb73 ff4e 047b
fcff 061a 0009
f4b3 fce6 fb1e
0193 f81b ffac
00df 083b ff80
0a0a fb63 fa71
f913 0a09 0222
f356 006f 0337
fe7e 0287 fac8
fce7 fad3 0150
f892 0c09 0186
f76e f98e ffc2
f4b2 01ac faf8
fc9b f615 fb45
f51c 04b8 ffff
f504 f79b 03f2
f3e2 0649 ff05
0722 f930 05e3
fba2 06e3 f973
031f 0cdf fe95
04dd 0cf2 ff49
f9ae 00cd 058d
0544 f7fd fd97
f6b3 f83d 040f
fae4 f8c1 fa5c
03c8 06be 029e
0b19 0142 fdd9
f8ee f455 fdd5
01e5 f8f5 057a
0042 06a8 0483
0c71 06ed fdd1
f82b f58f 0684
037d 0426 fcad
03c5 0787 0219
f3a4 0bff fe97
010e 0690 05ed
023e fe29 02bb
f5e8 0092 fda0
0397 fcb8 fbdd
0850 f9c3 005c
f400 0573 04d3
f610 0738 02cb
002f f48e 0031
f668 0792 fbb0
fb29 feb3 0512
062e 086b ff3a
f5ef 066d fa60
01b1 0554 0015
fa46 0ae9 fc1d
05fa fb90 fb4b
f6b4 fd47 fbd6
fba8 f54e ffeb
f937 f6da fd8f
fe2d 0063 ff2a
ff68 fab8 faff
f38f 0982 039f
0512 f8cf fb9d
0cde f3b0 f98f
fb8a f489 ff3e
fbf9 fc29 ff8f
f91f fca6 038a
03da f83e 02fe
0204 fb1c fa0c
fd5d fc11 feea
0876 014f 0416
fec8 01cb febe
0325 f423 00b7
0767 02e5 04a6
0b61 fe1c 0593
f4ae ffac 00e2
086f 0795 ff4e
fea2 01bd 028d
fa9b 0699 fe27
ff56 0b88 fab4
fc69 fd90 00d8
fb77 ffe6 057e
fb26 00b5 fc22
0a29 fef3 fae2
f839 f348 06bc
0464 072a fdde
feb5 fca5 032f
055d fda2 fce9
f79d 0472 01fe
03d4 03bd 0529
fc07 0689 fb7e
fc64 01e2 05da
0541 0bff fbfe
fbef 0b09 012d
fe92 f793 fdb8
05f8 f6d3 006d
fc16 04f0 05c9
009a f636 0264
05a0 09d0 fdad
0177 0791 01f4
f482 078d fa66
0094 f829 fbbb
0b66 02ea fdef
fe51 fa74 fd76
0ac9 f5fd 0438
f725 0a5d f945
fbf2 0c16 048b
00bd f602 fa69
00d7 fd1f fe5d
f803 0a57 fdbf
f60b fa2d 021c
05d5 f359 058d
f77b f6c5 fe3e
07e5 0989 fecb
0713 f766 0330
fbbf fd9c feda
068b 0704 047d
0727 f8c4 feb0
0317 f8f4 fcc5
f6c2 0331 02c6
0878 f3b5 0091
0b7e 0935 046c
f5fe fe49 0595
f6cc f99c 0377
00da f5c2 04ae
ffcd 0811 fa87
f54c f6cb ff34
03dd fdd9 fb2d
f714 04fe f96f
f955 f93a 029a
f932 0642 01ec
fb60 f5e5 fb77
0b60 faf6 fa2d
f8b2 f82c fa33
f359 0706 ff65
f8db fea9 fea3
f8d4 f9f6 0097
f3e5 f46d 0643
03a5 08d0 fc29
0678 0287 0410
fa26 045f fe93
fcad 00f0 fa30
0a28 0c8c ffcb
0b06 097f 009d
01aa 07f2 ff00
0326 03a6 fdfb
ffc5 02ab 03ad
f821 0215 fa77
0bc5 0177 02fc
fcd4 f32a 05e9
f725 025e fa74
f7cf f44c 00b5
f4c4 077a 0342
f647 09ad fd4c
0c45 04c0 0656
faa0 fcb0 029c
fcb1 f5e9 fea7
03c9 f893 f9ed
009d f7e1 fdbf
fc20 fe85 0512
faee 062d 0239
0a3c f5fe 03e4
fb73 f52a ffb1
04d7 fe96 f9fb
f38d fdb1 fb02
f9be 01f3 fcf0
f8da fbce 068c
f892 09a4 f9a6
f8a5 0746 0017
0a9c f8f4 fbd0
0345 f39a 01a5
0b89 04cf fb81
012a f94b fcf5
035c f809 fd58
0142 f837 01a1
0830 0bba 051b
fe98 f3d7 05ac
0032 f982 047f
f37e f793 02c8
fe3d 03f0 04d7
0359 f4ac 0385
0365 ff3d 05d4
024e 0c3f 0437
fa0d 03f1 fa01
09f9 09bc 019b
fe2a f4de 00ab
0303 f744 fb8a
f47b 053a 0605
0559 0cf7 002d
08f7 08b2 fc5b
0b85 f423 0011
f903 0865 006c
fb5f fbb2 fd48
01f4 082b fe08
05b1 0497 0181
fb6d 0be8 fad2
f7c8 fe33 0240
fb35 0786 fc10
0b20 0c2d fc3b
f4d8 041b ff46
07d4 f696 f9b5
0bce 002d fbae
07b8 f5b8 fa99
f8dd f59d fe14
0531 05c5 033b
fe97 f672 fbd3
0c19 042d fb26
089f 06cb f9c6
054e f9aa ff79
f79a f563 0156
0498 fd7b ffb3
0899 0ad2 facd
f560 f457 038d
0a34 0962 00fd
079e fca4 0587
098d f895 fbf6
08f1 f86c 0627
0a72 fad2 fd46
05f1 f430 faca
000d 0c23 065d
05fb f4e4 f9df
0536 f5e6 043d
f78b 011b ff11
f3cf 0953 017b
040a fd14 ff68
f8a5 0ab8 f9f9
ff78 0407 fd56
0a6a fa93 fce4
007b 063c fd06
0413 0656 0237
fbb0 f5da fb19
f78d 07ca 01dd
07a0 08a9 0172
02ba ffa4 0024
056d f585 004e
ff34 0932 04a3
0bac 0520 fc18
ff2d f41f 00ad
0808 02b9 03db
fcb0 0c8b fe08
0701 0500 ffe2
0190 fbed 058c
fc81 0b02 fa77
0905 048f 02a9
f76d 0b84 0488
0b2a 0b85 0146
fefd fdb2 fa2c
f92e f6b7 022f
074e feb3 f996
05e8 0b1c 03a4
072f 0c42 066f
076a 06e3 fe1e
0cf0 f8c6 faad
0067 075b 002f
f808 fc21 fa61
009f 0249 fffd
ff08 0c3f 05e6
f66d 048d 002f
0455 fe08 00bf
f4dd 06d9 fa33
fd96 f5f2 0139
f56e 0a25 fe6b
0375 f854 fab2
03ca 0677 027d
f400 0954 fec0
fd97 06a5 02eb
010f f9b7 0099
0b55 fedb 035e
fad6 f5b0 0507
058e ff76 fe7e
ff3f f586 fd64
f8bc f31b 0164
f9de 0395 fc25
08d6 0cbb fc42
0776 fb0d fd92
f4f8 02e2 ffba
0680 f3ab fb3e
fc94 0269 0503
0b28 037d 0006
03b2 f7db fb59
ff89 f7f4 fd17
0700 025c 065d
f421 06d1 01b8
0ac6 0abf fc33
f778 f677 fdd7
fd46 fda3 ffa4
0cf9 fec6 f9d0
0ab9 07c3 fc85
f5d6 0a69 fdd2
fd6d f4dd faed
fa1f 0996 061f
087a ff3d 04cc
04d4 fc11 0006
0bf0 0562 01c8
05be f450 ff91
074d 0993 fee4
f31b 0b1f fe35
0482 03be 05a1
00d3 fddc 0062
fa50 0805 fed4
09b5 09f5 0384
0650 fb46 02a2
016c fe1a 03cd
0111 fc5d 021c
0672 f813 00cb
0352 0186 ff0f
0153 040d 0599
0596 fcbe 05f5
0a86 024b 02fa
fd7d f33c fd78
0a15 04b6 fadb
f945 f9b9 ffd1
fda8 0a98 fa6e
09cd 0c7f fb84
0755 fb71 022e
f96b f5fa 05c5
fb88 06f9 fd7a
052d 0a8f 01e2
03f9 00eb fda6
0a05 09cc fba9
f8ce 0122 fdaa
0b46 fa21 0624
f4fe f6da 0269
005e 0697 04d0
0a58 00ef 04e8
f8a3 0253 01ab
0a08 ff6e 054a
fa24 0a72 faae
0636 fa4f ffa0
f974 f57f 04b6
04b8 06f9 fc1e
f7c8 f904 031d
0069 ffb8 02b8
0233 0b1d fbbd
f830 fb95 fbdf
ff85 0685 0537
f7dc 0198 013d
0252 054f fb69
0430 f33d 0172
02d9 fa7b 0180
02c1 f83d 02d0
06b8 0566 fd6f
09f0 07e1 fee3
f375 fa2e 0432
092d 0c6d 014d
036e fc58 0148
062d 0ce3 0232
fe70 089e 011c
f72e f4b7 ff95
fcf3 faec fc4d
0b51 0a16 0512
0c96 fb1d 04fe
02d9 f5d2 010e
fb11 06b6 02d0
f5b0 05f1 0278
f662 0a67 fac3
fa55 f93e 043c
faf4 fb4b fa20
0489 0a72 fcae
04da f6fc 05cb
fffa fa4e 0150
fafb 0047 04bd
fc98 f55b 0212
01be 01b1 fdc2
005a f82b 0397
052b 0c8e 02b3
f814 f6f9 052f
0c3e f500 fb1b
fd63 fad9 0627
0138 f427 0470
f639 ff94 0379
f63b f458 fd96
f5a5 f90f fdb5
043f 0770 fca4
