Copyright 1986-2022 Xilinx, Inc. All Rights Reserved. Copyright 2022-2023 Advanced Micro Devices, Inc. All Rights Reserved.
--------------------------------------------------------------------------------------------------------------------------------------------------------------------------------------------------------------------------
| Tool Version      : Vivado v.2023.2 (lin64) Build 4029153 Fri Oct 13 20:13:54 MDT 2023
| Date              : Wed Aug 26 16:31:01 2026
| Host              : coder-mboudames-tt26 running 64-bit Ubuntu 24.04.4 LTS
| Command           : report_timing_summary -max_paths 10 -report_unconstrained -file demo_top_timing_summary_routed.rpt -pb demo_top_timing_summary_routed.pb -rpx demo_top_timing_summary_routed.rpx -warn_on_violation
| Design            : demo_top
| Device            : xcu55c-fsvh2892
| Speed File        : -2L  PRODUCTION 1.30 05-01-2022
| Design State      : Routed
| Temperature Grade : E
--------------------------------------------------------------------------------------------------------------------------------------------------------------------------------------------------------------------------

Timing Summary Report

------------------------------------------------------------------------------------------------
| Timer Settings
| --------------
------------------------------------------------------------------------------------------------

  Enable Multi Corner Analysis               :  Yes
  Enable Pessimism Removal                   :  Yes
  Pessimism Removal Resolution               :  Nearest Common Node
  Enable Input Delay Default Clock           :  No
  Enable Preset / Clear Arcs                 :  No
  Disable Flight Delays                      :  No
  Ignore I/O Paths                           :  No
  Timing Early Launch at Borrowing Latches   :  No
  Borrow Time for Max Delay Exceptions       :  Yes
  Merge Timing Exceptions                    :  Yes
  Inter-SLR Compensation                     :  Conservative

  Corner  Analyze    Analyze    
  Name    Max Paths  Min Paths  
  ------  ---------  ---------  
  Slow    Yes        Yes        
  Fast    Yes        Yes        


------------------------------------------------------------------------------------------------
| Report Methodology
| ------------------
------------------------------------------------------------------------------------------------

Rule       Severity  Description                    Violations  
---------  --------  -----------------------------  ----------  
TIMING-18  Warning   Missing input or output delay  60          

Note: This report is based on the most recent report_methodology run and may not be up-to-date. Run report_methodology on the current design for the latest report.



check_timing report

Table of Contents
-----------------
1. checking no_clock (0)
2. checking constant_clock (0)
3. checking pulse_width_clock (0)
4. checking unconstrained_internal_endpoints (0)
5. checking no_input_delay (10)
6. checking no_output_delay (50)
7. checking multiple_clock (0)
8. checking generated_clocks (0)
9. checking loops (0)
10. checking partial_input_delay (0)
11. checking partial_output_delay (0)
12. checking latch_loops (0)

1. checking no_clock (0)
------------------------
 There are 0 register/latch pins with no clock.


2. checking constant_clock (0)
------------------------------
 There are 0 register/latch pins with constant_clock.


3. checking pulse_width_clock (0)
---------------------------------
 There are 0 register/latch pins which need pulse_width check


4. checking unconstrained_internal_endpoints (0)
------------------------------------------------
 There are 0 pins that are not constrained for maximum delay.

 There are 0 pins that are not constrained for maximum delay due to constant clock.


5. checking no_input_delay (10)
-------------------------------
 There are 10 input ports with no input delay specified. (HIGH)

 There are 0 input ports with no input delay but user has a false path constraint.


6. checking no_output_delay (50)
--------------------------------
 There are 50 ports with no output delay specified. (HIGH)

 There are 0 ports with no output delay but user has a false path constraint

 There are 0 ports with no output delay but with a timing clock defined on it or propagating through it


7. checking multiple_clock (0)
------------------------------
 There are 0 register/latch pins with multiple clocks.


8. checking generated_clocks (0)
--------------------------------
 There are 0 generated clocks that are not connected to a clock source.


9. checking loops (0)
---------------------
 There are 0 combinational loops in the design.


10. checking partial_input_delay (0)
------------------------------------
 There are 0 input ports with partial input delay specified.


11. checking partial_output_delay (0)
-------------------------------------
 There are 0 ports with partial output delay specified.


12. checking latch_loops (0)
----------------------------
 There are 0 combinational latch loops in the design through latch input



------------------------------------------------------------------------------------------------
| Design Timing Summary
| ---------------------
------------------------------------------------------------------------------------------------

    WNS(ns)      TNS(ns)  TNS Failing Endpoints  TNS Total Endpoints      WHS(ns)      THS(ns)  THS Failing Endpoints  THS Total Endpoints     WPWS(ns)     TPWS(ns)  TPWS Failing Endpoints  TPWS Total Endpoints  
    -------      -------  ---------------------  -------------------      -------      -------  ---------------------  -------------------     --------     --------  ----------------------  --------------------  
      0.311        0.000                      0                 2268        0.044        0.000                      0                 2268        1.124        0.000                       0                   365  


All user specified timing constraints are met.


------------------------------------------------------------------------------------------------
| Clock Summary
| -------------
------------------------------------------------------------------------------------------------

Clock  Waveform(ns)         Period(ns)      Frequency(MHz)
-----  ------------         ----------      --------------
clk    {0.000 1.666}        3.333           300.030         


------------------------------------------------------------------------------------------------
| Intra Clock Table
| -----------------
------------------------------------------------------------------------------------------------

Clock             WNS(ns)      TNS(ns)  TNS Failing Endpoints  TNS Total Endpoints      WHS(ns)      THS(ns)  THS Failing Endpoints  THS Total Endpoints     WPWS(ns)     TPWS(ns)  TPWS Failing Endpoints  TPWS Total Endpoints  
-----             -------      -------  ---------------------  -------------------      -------      -------  ---------------------  -------------------     --------     --------  ----------------------  --------------------  
clk                 0.311        0.000                      0                 2268        0.044        0.000                      0                 2268        1.124        0.000                       0                   365  


------------------------------------------------------------------------------------------------
| Inter Clock Table
| -----------------
------------------------------------------------------------------------------------------------

From Clock    To Clock          WNS(ns)      TNS(ns)  TNS Failing Endpoints  TNS Total Endpoints      WHS(ns)      THS(ns)  THS Failing Endpoints  THS Total Endpoints  
----------    --------          -------      -------  ---------------------  -------------------      -------      -------  ---------------------  -------------------  


------------------------------------------------------------------------------------------------
| Other Path Groups Table
| -----------------------
------------------------------------------------------------------------------------------------

Path Group    From Clock    To Clock          WNS(ns)      TNS(ns)  TNS Failing Endpoints  TNS Total Endpoints      WHS(ns)      THS(ns)  THS Failing Endpoints  THS Total Endpoints  
----------    ----------    --------          -------      -------  ---------------------  -------------------      -------      -------  ---------------------  -------------------  


------------------------------------------------------------------------------------------------
| User Ignored Path Table
| -----------------------
------------------------------------------------------------------------------------------------

Path Group    From Clock    To Clock    
----------    ----------    --------    


------------------------------------------------------------------------------------------------
| Unconstrained Path Table
| ------------------------
------------------------------------------------------------------------------------------------

Path Group    From Clock    To Clock    
----------    ----------    --------    
(none)                                    
(none)        clk                         
(none)                      clk           


------------------------------------------------------------------------------------------------
| Timing Details
| --------------
------------------------------------------------------------------------------------------------


---------------------------------------------------------------------------------------------------
From Clock:  clk
  To Clock:  clk

Setup :            0  Failing Endpoints,  Worst Slack        0.311ns,  Total Violation        0.000ns
Hold  :            0  Failing Endpoints,  Worst Slack        0.044ns,  Total Violation        0.000ns
PW    :            0  Failing Endpoints,  Worst Slack        1.124ns,  Total Violation        0.000ns
---------------------------------------------------------------------------------------------------


Max Delay Paths
--------------------------------------------------------------------------------------
Slack (MET) :             0.311ns  (required time - arrival time)
  Source:                 u_mem/mem_reg_bram_0/CLKBWRCLK
                            (rising edge-triggered cell RAMB18E2 clocked by clk  {rise@0.000ns fall@1.666ns period=3.333ns})
  Destination:            u_mem/mem_reg_bram_0/DINBDIN[1]
                            (rising edge-triggered cell RAMB18E2 clocked by clk  {rise@0.000ns fall@1.666ns period=3.333ns})
  Path Group:             clk
  Path Type:              Setup (Max at Slow Process Corner)
  Requirement:            3.333ns  (clk rise@3.333ns - clk rise@0.000ns)
  Data Path Delay:        2.687ns  (logic 1.640ns (61.030%)  route 1.047ns (38.970%))
  Logic Levels:           7  (CARRY8=1 LUT2=2 LUT4=1 LUT6=3)
  Clock Path Skew:        -0.035ns (DCD - SCD + CPR)
    Destination Clock Delay (DCD):    0.041ns = ( 3.374 - 3.333 ) 
    Source Clock Delay      (SCD):    0.076ns
    Clock Pessimism Removal (CPR):    0.000ns
  Clock Uncertainty:      0.035ns  ((TSJ^2 + TIJ^2)^1/2 + DJ) / 2 + PE
    Total System Jitter     (TSJ):    0.071ns
    Total Input Jitter      (TIJ):    0.000ns
    Discrete Jitter          (DJ):    0.000ns
    Phase Error              (PE):    0.000ns

    Location             Delay type                Incr(ns)  Path(ns)    Netlist Resource(s)
  -------------------------------------------------------------------    -------------------
                         (clock clk rise edge)        0.000     0.000 r  
                                                      0.000     0.000 r  clk (IN)
                         net (fo=428, unset)          0.076     0.076    u_mem/clk
    RAMB18_X5Y270        RAMB18E2                                     r  u_mem/mem_reg_bram_0/CLKBWRCLK
  -------------------------------------------------------------------    -------------------
    RAMB18_X5Y270        RAMB18E2 (Prop_RAMB18E2_L_RAMB180_CLKBWRCLK_DOUTBDOUT[0])
                                                      0.963     1.039 r  u_mem/mem_reg_bram_0/DOUTBDOUT[0]
                         net (fo=10, routed)          0.161     1.200    u_inv_bf/u_add/DOUTBDOUT[0]
    SLICE_X90Y675        LUT2 (Prop_A6LUT_SLICEL_I0_O)
                                                      0.090     1.290 r  u_inv_bf/u_add/mem_reg_bram_0_i_199/O
                         net (fo=1, routed)           0.009     1.299    u_mem/mem_reg_bram_0_i_176_0[0]
    SLICE_X90Y675        CARRY8 (Prop_CARRY8_SLICEL_S[0]_O[5])
                                                      0.238     1.537 f  u_mem/mem_reg_bram_0_i_153/O[5]
                         net (fo=3, routed)           0.140     1.677    u_mem/mem_reg_bram_0_i_153_n_10
    SLICE_X90Y676        LUT4 (Prop_F6LUT_SLICEL_I1_O)
                                                      0.089     1.766 r  u_mem/mem_reg_bram_0_i_200/O
                         net (fo=3, routed)           0.181     1.948    u_mem/mem_reg_bram_0_i_200_n_0
    SLICE_X89Y676        LUT6 (Prop_H6LUT_SLICEL_I1_O)
                                                      0.124     2.072 r  u_mem/mem_reg_bram_0_i_156/O
                         net (fo=7, routed)           0.297     2.368    u_mem/mem_reg_bram_0_i_156_n_0
    SLICE_X90Y673        LUT2 (Prop_A6LUT_SLICEL_I1_O)
                                                      0.050     2.418 r  u_mem/mem_reg_bram_0_i_175/O
                         net (fo=1, routed)           0.040     2.458    u_mem/mem_reg_bram_0_i_175_n_0
    SLICE_X90Y673        LUT6 (Prop_C6LUT_SLICEL_I3_O)
                                                      0.035     2.493 f  u_mem/mem_reg_bram_0_i_112/O
                         net (fo=1, routed)           0.083     2.576    u_mem/mem_reg_bram_0_i_112_n_0
    SLICE_X90Y674        LUT6 (Prop_B6LUT_SLICEL_I1_O)
                                                      0.051     2.627 r  u_mem/mem_reg_bram_0_i_39/O
                         net (fo=1, routed)           0.136     2.763    u_mem/mem_reg_bram_0_i_39_n_0
    RAMB18_X5Y270        RAMB18E2                                     r  u_mem/mem_reg_bram_0/DINBDIN[1]
  -------------------------------------------------------------------    -------------------

                         (clock clk rise edge)        3.333     3.333 r  
                                                      0.000     3.333 r  clk (IN)
                         net (fo=428, unset)          0.041     3.374    u_mem/clk
    RAMB18_X5Y270        RAMB18E2                                     r  u_mem/mem_reg_bram_0/CLKBWRCLK
                         clock pessimism              0.000     3.374    
                         clock uncertainty           -0.035     3.339    
    RAMB18_X5Y270        RAMB18E2 (Setup_RAMB18E2_L_RAMB180_CLKBWRCLK_DINBDIN[1])
                                                     -0.264     3.075    u_mem/mem_reg_bram_0
  -------------------------------------------------------------------
                         required time                          3.075    
                         arrival time                          -2.763    
  -------------------------------------------------------------------
                         slack                                  0.311    

Slack (MET) :             0.325ns  (required time - arrival time)
  Source:                 u_mem/mem_reg_bram_0/CLKBWRCLK
                            (rising edge-triggered cell RAMB18E2 clocked by clk  {rise@0.000ns fall@1.666ns period=3.333ns})
  Destination:            u_mem/mem_reg_bram_0/DINADIN[4]
                            (rising edge-triggered cell RAMB18E2 clocked by clk  {rise@0.000ns fall@1.666ns period=3.333ns})
  Path Group:             clk
  Path Type:              Setup (Max at Slow Process Corner)
  Requirement:            3.333ns  (clk rise@3.333ns - clk rise@0.000ns)
  Data Path Delay:        2.674ns  (logic 1.681ns (62.861%)  route 0.993ns (37.139%))
  Logic Levels:           7  (CARRY8=1 LUT2=2 LUT4=1 LUT5=1 LUT6=2)
  Clock Path Skew:        -0.037ns (DCD - SCD + CPR)
    Destination Clock Delay (DCD):    0.039ns = ( 3.372 - 3.333 ) 
    Source Clock Delay      (SCD):    0.076ns
    Clock Pessimism Removal (CPR):    0.000ns
  Clock Uncertainty:      0.035ns  ((TSJ^2 + TIJ^2)^1/2 + DJ) / 2 + PE
    Total System Jitter     (TSJ):    0.071ns
    Total Input Jitter      (TIJ):    0.000ns
    Discrete Jitter          (DJ):    0.000ns
    Phase Error              (PE):    0.000ns

    Location             Delay type                Incr(ns)  Path(ns)    Netlist Resource(s)
  -------------------------------------------------------------------    -------------------
                         (clock clk rise edge)        0.000     0.000 r  
                                                      0.000     0.000 r  clk (IN)
                         net (fo=428, unset)          0.076     0.076    u_mem/clk
    RAMB18_X5Y270        RAMB18E2                                     r  u_mem/mem_reg_bram_0/CLKBWRCLK
  -------------------------------------------------------------------    -------------------
    RAMB18_X5Y270        RAMB18E2 (Prop_RAMB18E2_L_RAMB180_CLKBWRCLK_DOUTBDOUT[0])
                                                      0.963     1.039 r  u_mem/mem_reg_bram_0/DOUTBDOUT[0]
                         net (fo=10, routed)          0.229     1.268    u_mem/DOUTBDOUT[0]
    SLICE_X89Y675        LUT2 (Prop_A6LUT_SLICEL_I0_O)
                                                      0.035     1.303 r  u_mem/diff_carry_i_14__0/O
                         net (fo=1, routed)           0.009     1.312    u_fwd_bf/u_sub/S[0]
    SLICE_X89Y675        CARRY8 (Prop_CARRY8_SLICEL_S[0]_O[4])
                                                      0.204     1.516 r  u_fwd_bf/u_sub/diff_carry/O[4]
                         net (fo=4, routed)           0.173     1.689    u_fwd_bf/u_sub/diff_carry_n_11
    SLICE_X88Y676        LUT2 (Prop_D6LUT_SLICEM_I0_O)
                                                      0.122     1.811 r  u_fwd_bf/u_sub/mem_reg_bram_0_i_141/O
                         net (fo=1, routed)           0.094     1.905    u_fwd_bf/u_sub/mem_reg_bram_0_i_141_n_0
    SLICE_X88Y677        LUT6 (Prop_B6LUT_SLICEM_I3_O)
                                                      0.125     2.030 f  u_fwd_bf/u_sub/mem_reg_bram_0_i_85/O
                         net (fo=5, routed)           0.097     2.128    u_fwd_bf/u_mult/mem_reg_bram_0_1
    SLICE_X88Y677        LUT6 (Prop_C6LUT_SLICEM_I4_O)
                                                      0.098     2.226 f  u_fwd_bf/u_mult/mem_reg_bram_0_i_84/O
                         net (fo=8, routed)           0.091     2.316    u_fwd_bf/u_sub/mem_reg_bram_0_1
    SLICE_X88Y676        LUT4 (Prop_C6LUT_SLICEM_I2_O)
                                                      0.037     2.353 r  u_fwd_bf/u_sub/mem_reg_bram_0_i_88/O
                         net (fo=3, routed)           0.111     2.464    u_fwd_bf/u_sub/mem_reg_bram_0_i_88_n_0
    SLICE_X88Y676        LUT5 (Prop_D5LUT_SLICEM_I2_O)
                                                      0.097     2.561 r  u_fwd_bf/u_sub/mem_reg_bram_0_i_24/O
                         net (fo=1, routed)           0.189     2.750    u_mem/DINADIN[4]
    RAMB18_X5Y270        RAMB18E2                                     r  u_mem/mem_reg_bram_0/DINADIN[4]
  -------------------------------------------------------------------    -------------------

                         (clock clk rise edge)        3.333     3.333 r  
                                                      0.000     3.333 r  clk (IN)
                         net (fo=428, unset)          0.039     3.372    u_mem/clk
    RAMB18_X5Y270        RAMB18E2                                     r  u_mem/mem_reg_bram_0/CLKARDCLK
                         clock pessimism              0.000     3.372    
                         clock uncertainty           -0.035     3.337    
    RAMB18_X5Y270        RAMB18E2 (Setup_RAMB18E2_L_RAMB180_CLKARDCLK_DINADIN[4])
                                                     -0.261     3.076    u_mem/mem_reg_bram_0
  -------------------------------------------------------------------
                         required time                          3.076    
                         arrival time                          -2.750    
  -------------------------------------------------------------------
                         slack                                  0.325    

Slack (MET) :             0.328ns  (required time - arrival time)
  Source:                 u_mem/mem_reg_bram_0/CLKBWRCLK
                            (rising edge-triggered cell RAMB18E2 clocked by clk  {rise@0.000ns fall@1.666ns period=3.333ns})
  Destination:            u_mem/mem_reg_bram_0/DINBDIN[4]
                            (rising edge-triggered cell RAMB18E2 clocked by clk  {rise@0.000ns fall@1.666ns period=3.333ns})
  Path Group:             clk
  Path Type:              Setup (Max at Slow Process Corner)
  Requirement:            3.333ns  (clk rise@3.333ns - clk rise@0.000ns)
  Data Path Delay:        2.696ns  (logic 1.701ns (63.105%)  route 0.995ns (36.895%))
  Logic Levels:           7  (CARRY8=1 LUT2=1 LUT4=1 LUT5=1 LUT6=3)
  Clock Path Skew:        -0.035ns (DCD - SCD + CPR)
    Destination Clock Delay (DCD):    0.041ns = ( 3.374 - 3.333 ) 
    Source Clock Delay      (SCD):    0.076ns
    Clock Pessimism Removal (CPR):    0.000ns
  Clock Uncertainty:      0.035ns  ((TSJ^2 + TIJ^2)^1/2 + DJ) / 2 + PE
    Total System Jitter     (TSJ):    0.071ns
    Total Input Jitter      (TIJ):    0.000ns
    Discrete Jitter          (DJ):    0.000ns
    Phase Error              (PE):    0.000ns

    Location             Delay type                Incr(ns)  Path(ns)    Netlist Resource(s)
  -------------------------------------------------------------------    -------------------
                         (clock clk rise edge)        0.000     0.000 r  
                                                      0.000     0.000 r  clk (IN)
                         net (fo=428, unset)          0.076     0.076    u_mem/clk
    RAMB18_X5Y270        RAMB18E2                                     r  u_mem/mem_reg_bram_0/CLKBWRCLK
  -------------------------------------------------------------------    -------------------
    RAMB18_X5Y270        RAMB18E2 (Prop_RAMB18E2_L_RAMB180_CLKBWRCLK_DOUTBDOUT[0])
                                                      0.963     1.039 r  u_mem/mem_reg_bram_0/DOUTBDOUT[0]
                         net (fo=10, routed)          0.161     1.200    u_inv_bf/u_add/DOUTBDOUT[0]
    SLICE_X90Y675        LUT2 (Prop_A6LUT_SLICEL_I0_O)
                                                      0.090     1.290 r  u_inv_bf/u_add/mem_reg_bram_0_i_199/O
                         net (fo=1, routed)           0.009     1.299    u_mem/mem_reg_bram_0_i_176_0[0]
    SLICE_X90Y675        CARRY8 (Prop_CARRY8_SLICEL_S[0]_O[5])
                                                      0.238     1.537 f  u_mem/mem_reg_bram_0_i_153/O[5]
                         net (fo=3, routed)           0.140     1.677    u_mem/mem_reg_bram_0_i_153_n_10
    SLICE_X90Y676        LUT4 (Prop_F6LUT_SLICEL_I1_O)
                                                      0.089     1.766 r  u_mem/mem_reg_bram_0_i_200/O
                         net (fo=3, routed)           0.181     1.948    u_mem/mem_reg_bram_0_i_200_n_0
    SLICE_X89Y676        LUT6 (Prop_H6LUT_SLICEL_I1_O)
                                                      0.124     2.072 r  u_mem/mem_reg_bram_0_i_156/O
                         net (fo=7, routed)           0.138     2.210    u_mem/mem_reg_bram_0_i_156_n_0
    SLICE_X89Y674        LUT5 (Prop_G6LUT_SLICEL_I2_O)
                                                      0.050     2.260 r  u_mem/mem_reg_bram_0_i_162/O
                         net (fo=2, routed)           0.138     2.398    u_mem/mem_reg_bram_0_i_162_n_0
    SLICE_X90Y674        LUT6 (Prop_F6LUT_SLICEL_I4_O)
                                                      0.097     2.495 f  u_mem/mem_reg_bram_0_i_105/O
                         net (fo=1, routed)           0.086     2.581    u_mem/mem_reg_bram_0_i_105_n_0
    SLICE_X90Y674        LUT6 (Prop_D6LUT_SLICEL_I4_O)
                                                      0.050     2.631 r  u_mem/mem_reg_bram_0_i_36/O
                         net (fo=1, routed)           0.141     2.772    u_mem/mem_reg_bram_0_i_36_n_0
    RAMB18_X5Y270        RAMB18E2                                     r  u_mem/mem_reg_bram_0/DINBDIN[4]
  -------------------------------------------------------------------    -------------------

                         (clock clk rise edge)        3.333     3.333 r  
                                                      0.000     3.333 r  clk (IN)
                         net (fo=428, unset)          0.041     3.374    u_mem/clk
    RAMB18_X5Y270        RAMB18E2                                     r  u_mem/mem_reg_bram_0/CLKBWRCLK
                         clock pessimism              0.000     3.374    
                         clock uncertainty           -0.035     3.339    
    RAMB18_X5Y270        RAMB18E2 (Setup_RAMB18E2_L_RAMB180_CLKBWRCLK_DINBDIN[4])
                                                     -0.239     3.100    u_mem/mem_reg_bram_0
  -------------------------------------------------------------------
                         required time                          3.100    
                         arrival time                          -2.772    
  -------------------------------------------------------------------
                         slack                                  0.328    

Slack (MET) :             0.340ns  (required time - arrival time)
  Source:                 u_mem/mem_reg_bram_0/CLKBWRCLK
                            (rising edge-triggered cell RAMB18E2 clocked by clk  {rise@0.000ns fall@1.666ns period=3.333ns})
  Destination:            u_mem/mem_reg_bram_0/DINBDIN[10]
                            (rising edge-triggered cell RAMB18E2 clocked by clk  {rise@0.000ns fall@1.666ns period=3.333ns})
  Path Group:             clk
  Path Type:              Setup (Max at Slow Process Corner)
  Requirement:            3.333ns  (clk rise@3.333ns - clk rise@0.000ns)
  Data Path Delay:        2.679ns  (logic 1.617ns (60.365%)  route 1.062ns (39.635%))
  Logic Levels:           7  (CARRY8=1 LUT2=2 LUT6=4)
  Clock Path Skew:        -0.035ns (DCD - SCD + CPR)
    Destination Clock Delay (DCD):    0.041ns = ( 3.374 - 3.333 ) 
    Source Clock Delay      (SCD):    0.076ns
    Clock Pessimism Removal (CPR):    0.000ns
  Clock Uncertainty:      0.035ns  ((TSJ^2 + TIJ^2)^1/2 + DJ) / 2 + PE
    Total System Jitter     (TSJ):    0.071ns
    Total Input Jitter      (TIJ):    0.000ns
    Discrete Jitter          (DJ):    0.000ns
    Phase Error              (PE):    0.000ns

    Location             Delay type                Incr(ns)  Path(ns)    Netlist Resource(s)
  -------------------------------------------------------------------    -------------------
                         (clock clk rise edge)        0.000     0.000 r  
                                                      0.000     0.000 r  clk (IN)
                         net (fo=428, unset)          0.076     0.076    u_mem/clk
    RAMB18_X5Y270        RAMB18E2                                     r  u_mem/mem_reg_bram_0/CLKBWRCLK
  -------------------------------------------------------------------    -------------------
    RAMB18_X5Y270        RAMB18E2 (Prop_RAMB18E2_L_RAMB180_CLKBWRCLK_DOUTBDOUT[0])
                                                      0.963     1.039 r  u_mem/mem_reg_bram_0/DOUTBDOUT[0]
                         net (fo=10, routed)          0.311     1.350    u_fwd_bf/u_mult/mem_reg_bram_0_i_108[0]
    SLICE_X89Y673        LUT2 (Prop_A6LUT_SLICEL_I1_O)
                                                      0.035     1.385 r  u_fwd_bf/u_mult/mem_reg_bram_0_i_171/O
                         net (fo=1, routed)           0.009     1.394    u_mem/mem_reg_bram_0_5[0]
    SLICE_X89Y673        CARRY8 (Prop_CARRY8_SLICEL_S[0]_O[4])
                                                      0.204     1.598 r  u_mem/mem_reg_bram_0_i_108/O[4]
                         net (fo=5, routed)           0.133     1.731    u_mem/mem_reg_bram_0_i_108_n_11
    SLICE_X89Y672        LUT2 (Prop_G5LUT_SLICEL_I0_O)
                                                      0.135     1.866 r  u_mem/mem_reg_bram_0_i_191/O
                         net (fo=1, routed)           0.111     1.977    u_mem/mem_reg_bram_0_i_191_n_0
    SLICE_X89Y671        LUT6 (Prop_A6LUT_SLICEL_I3_O)
                                                      0.098     2.075 f  u_mem/mem_reg_bram_0_i_145/O
                         net (fo=4, routed)           0.181     2.256    u_mem/mem_reg_bram_0_i_145_n_0
    SLICE_X90Y673        LUT6 (Prop_B6LUT_SLICEL_I3_O)
                                                      0.098     2.354 r  u_mem/mem_reg_bram_0_i_146/O
                         net (fo=1, routed)           0.040     2.394    u_mem/mem_reg_bram_0_i_146_n_0
    SLICE_X90Y673        LUT6 (Prop_F6LUT_SLICEL_I5_O)
                                                      0.035     2.429 r  u_mem/mem_reg_bram_0_i_92/O
                         net (fo=1, routed)           0.135     2.564    u_mem/mem_reg_bram_0_i_92_n_0
    SLICE_X90Y677        LUT6 (Prop_F6LUT_SLICEL_I2_O)
                                                      0.049     2.613 r  u_mem/mem_reg_bram_0_i_30/O
                         net (fo=1, routed)           0.142     2.755    u_mem/mem_reg_bram_0_i_30_n_0
    RAMB18_X5Y270        RAMB18E2                                     r  u_mem/mem_reg_bram_0/DINBDIN[10]
  -------------------------------------------------------------------    -------------------

                         (clock clk rise edge)        3.333     3.333 r  
                                                      0.000     3.333 r  clk (IN)
                         net (fo=428, unset)          0.041     3.374    u_mem/clk
    RAMB18_X5Y270        RAMB18E2                                     r  u_mem/mem_reg_bram_0/CLKBWRCLK
                         clock pessimism              0.000     3.374    
                         clock uncertainty           -0.035     3.339    
    RAMB18_X5Y270        RAMB18E2 (Setup_RAMB18E2_L_RAMB180_CLKBWRCLK_DINBDIN[10])
                                                     -0.244     3.095    u_mem/mem_reg_bram_0
  -------------------------------------------------------------------
                         required time                          3.095    
                         arrival time                          -2.755    
  -------------------------------------------------------------------
                         slack                                  0.340    

Slack (MET) :             0.347ns  (required time - arrival time)
  Source:                 u_mem/mem_reg_bram_0/CLKBWRCLK
                            (rising edge-triggered cell RAMB18E2 clocked by clk  {rise@0.000ns fall@1.666ns period=3.333ns})
  Destination:            u_mem/mem_reg_bram_0/DINBDIN[2]
                            (rising edge-triggered cell RAMB18E2 clocked by clk  {rise@0.000ns fall@1.666ns period=3.333ns})
  Path Group:             clk
  Path Type:              Setup (Max at Slow Process Corner)
  Requirement:            3.333ns  (clk rise@3.333ns - clk rise@0.000ns)
  Data Path Delay:        2.659ns  (logic 1.688ns (63.477%)  route 0.971ns (36.523%))
  Logic Levels:           7  (CARRY8=1 LUT2=1 LUT3=1 LUT4=1 LUT6=3)
  Clock Path Skew:        -0.035ns (DCD - SCD + CPR)
    Destination Clock Delay (DCD):    0.041ns = ( 3.374 - 3.333 ) 
    Source Clock Delay      (SCD):    0.076ns
    Clock Pessimism Removal (CPR):    0.000ns
  Clock Uncertainty:      0.035ns  ((TSJ^2 + TIJ^2)^1/2 + DJ) / 2 + PE
    Total System Jitter     (TSJ):    0.071ns
    Total Input Jitter      (TIJ):    0.000ns
    Discrete Jitter          (DJ):    0.000ns
    Phase Error              (PE):    0.000ns

    Location             Delay type                Incr(ns)  Path(ns)    Netlist Resource(s)
  -------------------------------------------------------------------    -------------------
                         (clock clk rise edge)        0.000     0.000 r  
                                                      0.000     0.000 r  clk (IN)
                         net (fo=428, unset)          0.076     0.076    u_mem/clk
    RAMB18_X5Y270        RAMB18E2                                     r  u_mem/mem_reg_bram_0/CLKBWRCLK
  -------------------------------------------------------------------    -------------------
    RAMB18_X5Y270        RAMB18E2 (Prop_RAMB18E2_L_RAMB180_CLKBWRCLK_DOUTBDOUT[0])
                                                      0.963     1.039 r  u_mem/mem_reg_bram_0/DOUTBDOUT[0]
                         net (fo=10, routed)          0.161     1.200    u_inv_bf/u_add/DOUTBDOUT[0]
    SLICE_X90Y675        LUT2 (Prop_A6LUT_SLICEL_I0_O)
                                                      0.090     1.290 r  u_inv_bf/u_add/mem_reg_bram_0_i_199/O
                         net (fo=1, routed)           0.009     1.299    u_mem/mem_reg_bram_0_i_176_0[0]
    SLICE_X90Y675        CARRY8 (Prop_CARRY8_SLICEL_S[0]_O[5])
                                                      0.238     1.537 f  u_mem/mem_reg_bram_0_i_153/O[5]
                         net (fo=3, routed)           0.140     1.677    u_mem/mem_reg_bram_0_i_153_n_10
    SLICE_X90Y676        LUT4 (Prop_F6LUT_SLICEL_I1_O)
                                                      0.089     1.766 r  u_mem/mem_reg_bram_0_i_200/O
                         net (fo=3, routed)           0.181     1.948    u_mem/mem_reg_bram_0_i_200_n_0
    SLICE_X89Y676        LUT6 (Prop_H6LUT_SLICEL_I1_O)
                                                      0.124     2.072 r  u_mem/mem_reg_bram_0_i_156/O
                         net (fo=7, routed)           0.247     2.318    u_mem/mem_reg_bram_0_i_156_n_0
    SLICE_X90Y673        LUT3 (Prop_E6LUT_SLICEL_I1_O)
                                                      0.051     2.369 r  u_mem/mem_reg_bram_0_i_173/O
                         net (fo=1, routed)           0.039     2.408    u_mem/mem_reg_bram_0_i_173_n_0
    SLICE_X90Y673        LUT6 (Prop_D6LUT_SLICEL_I3_O)
                                                      0.036     2.444 f  u_mem/mem_reg_bram_0_i_110/O
                         net (fo=1, routed)           0.043     2.487    u_mem/mem_reg_bram_0_i_110_n_0
    SLICE_X90Y673        LUT6 (Prop_G6LUT_SLICEL_I1_O)
                                                      0.097     2.584 r  u_mem/mem_reg_bram_0_i_38/O
                         net (fo=1, routed)           0.151     2.735    u_mem/mem_reg_bram_0_i_38_n_0
    RAMB18_X5Y270        RAMB18E2                                     r  u_mem/mem_reg_bram_0/DINBDIN[2]
  -------------------------------------------------------------------    -------------------

                         (clock clk rise edge)        3.333     3.333 r  
                                                      0.000     3.333 r  clk (IN)
                         net (fo=428, unset)          0.041     3.374    u_mem/clk
    RAMB18_X5Y270        RAMB18E2                                     r  u_mem/mem_reg_bram_0/CLKBWRCLK
                         clock pessimism              0.000     3.374    
                         clock uncertainty           -0.035     3.339    
    RAMB18_X5Y270        RAMB18E2 (Setup_RAMB18E2_L_RAMB180_CLKBWRCLK_DINBDIN[2])
                                                     -0.256     3.083    u_mem/mem_reg_bram_0
  -------------------------------------------------------------------
                         required time                          3.083    
                         arrival time                          -2.735    
  -------------------------------------------------------------------
                         slack                                  0.347    

Slack (MET) :             0.352ns  (required time - arrival time)
  Source:                 u_mem/mem_reg_bram_0/CLKBWRCLK
                            (rising edge-triggered cell RAMB18E2 clocked by clk  {rise@0.000ns fall@1.666ns period=3.333ns})
  Destination:            u_mem/mem_reg_bram_0/DINBDIN[5]
                            (rising edge-triggered cell RAMB18E2 clocked by clk  {rise@0.000ns fall@1.666ns period=3.333ns})
  Path Group:             clk
  Path Type:              Setup (Max at Slow Process Corner)
  Requirement:            3.333ns  (clk rise@3.333ns - clk rise@0.000ns)
  Data Path Delay:        2.674ns  (logic 1.678ns (62.764%)  route 0.996ns (37.236%))
  Logic Levels:           7  (CARRY8=1 LUT2=1 LUT4=1 LUT5=1 LUT6=3)
  Clock Path Skew:        -0.035ns (DCD - SCD + CPR)
    Destination Clock Delay (DCD):    0.041ns = ( 3.374 - 3.333 ) 
    Source Clock Delay      (SCD):    0.076ns
    Clock Pessimism Removal (CPR):    0.000ns
  Clock Uncertainty:      0.035ns  ((TSJ^2 + TIJ^2)^1/2 + DJ) / 2 + PE
    Total System Jitter     (TSJ):    0.071ns
    Total Input Jitter      (TIJ):    0.000ns
    Discrete Jitter          (DJ):    0.000ns
    Phase Error              (PE):    0.000ns

    Location             Delay type                Incr(ns)  Path(ns)    Netlist Resource(s)
  -------------------------------------------------------------------    -------------------
                         (clock clk rise edge)        0.000     0.000 r  
                                                      0.000     0.000 r  clk (IN)
                         net (fo=428, unset)          0.076     0.076    u_mem/clk
    RAMB18_X5Y270        RAMB18E2                                     r  u_mem/mem_reg_bram_0/CLKBWRCLK
  -------------------------------------------------------------------    -------------------
    RAMB18_X5Y270        RAMB18E2 (Prop_RAMB18E2_L_RAMB180_CLKBWRCLK_DOUTBDOUT[0])
                                                      0.963     1.039 r  u_mem/mem_reg_bram_0/DOUTBDOUT[0]
                         net (fo=10, routed)          0.161     1.200    u_inv_bf/u_add/DOUTBDOUT[0]
    SLICE_X90Y675        LUT2 (Prop_A6LUT_SLICEL_I0_O)
                                                      0.090     1.290 r  u_inv_bf/u_add/mem_reg_bram_0_i_199/O
                         net (fo=1, routed)           0.009     1.299    u_mem/mem_reg_bram_0_i_176_0[0]
    SLICE_X90Y675        CARRY8 (Prop_CARRY8_SLICEL_S[0]_O[5])
                                                      0.238     1.537 f  u_mem/mem_reg_bram_0_i_153/O[5]
                         net (fo=3, routed)           0.140     1.677    u_mem/mem_reg_bram_0_i_153_n_10
    SLICE_X90Y676        LUT4 (Prop_F6LUT_SLICEL_I1_O)
                                                      0.089     1.766 r  u_mem/mem_reg_bram_0_i_200/O
                         net (fo=3, routed)           0.181     1.948    u_mem/mem_reg_bram_0_i_200_n_0
    SLICE_X89Y676        LUT6 (Prop_H6LUT_SLICEL_I1_O)
                                                      0.124     2.072 r  u_mem/mem_reg_bram_0_i_156/O
                         net (fo=7, routed)           0.138     2.210    u_mem/mem_reg_bram_0_i_156_n_0
    SLICE_X89Y674        LUT5 (Prop_G6LUT_SLICEL_I2_O)
                                                      0.050     2.260 r  u_mem/mem_reg_bram_0_i_162/O
                         net (fo=2, routed)           0.134     2.394    u_mem/mem_reg_bram_0_i_162_n_0
    SLICE_X90Y674        LUT6 (Prop_C6LUT_SLICEL_I1_O)
                                                      0.088     2.482 r  u_mem/mem_reg_bram_0_i_103/O
                         net (fo=1, routed)           0.044     2.526    u_mem/mem_reg_bram_0_i_103_n_0
    SLICE_X90Y673        LUT6 (Prop_H6LUT_SLICEL_I3_O)
                                                      0.036     2.562 r  u_mem/mem_reg_bram_0_i_35/O
                         net (fo=1, routed)           0.188     2.750    u_mem/mem_reg_bram_0_i_35_n_0
    RAMB18_X5Y270        RAMB18E2                                     r  u_mem/mem_reg_bram_0/DINBDIN[5]
  -------------------------------------------------------------------    -------------------

                         (clock clk rise edge)        3.333     3.333 r  
                                                      0.000     3.333 r  clk (IN)
                         net (fo=428, unset)          0.041     3.374    u_mem/clk
    RAMB18_X5Y270        RAMB18E2                                     r  u_mem/mem_reg_bram_0/CLKBWRCLK
                         clock pessimism              0.000     3.374    
                         clock uncertainty           -0.035     3.339    
    RAMB18_X5Y270        RAMB18E2 (Setup_RAMB18E2_L_RAMB180_CLKBWRCLK_DINBDIN[5])
                                                     -0.237     3.102    u_mem/mem_reg_bram_0
  -------------------------------------------------------------------
                         required time                          3.102    
                         arrival time                          -2.750    
  -------------------------------------------------------------------
                         slack                                  0.352    

Slack (MET) :             0.355ns  (required time - arrival time)
  Source:                 u_mem/mem_reg_bram_0/CLKBWRCLK
                            (rising edge-triggered cell RAMB18E2 clocked by clk  {rise@0.000ns fall@1.666ns period=3.333ns})
  Destination:            u_mem/mem_reg_bram_0/DINBDIN[11]
                            (rising edge-triggered cell RAMB18E2 clocked by clk  {rise@0.000ns fall@1.666ns period=3.333ns})
  Path Group:             clk
  Path Type:              Setup (Max at Slow Process Corner)
  Requirement:            3.333ns  (clk rise@3.333ns - clk rise@0.000ns)
  Data Path Delay:        2.648ns  (logic 1.584ns (59.822%)  route 1.064ns (40.178%))
  Logic Levels:           6  (CARRY8=1 LUT2=2 LUT6=3)
  Clock Path Skew:        -0.035ns (DCD - SCD + CPR)
    Destination Clock Delay (DCD):    0.041ns = ( 3.374 - 3.333 ) 
    Source Clock Delay      (SCD):    0.076ns
    Clock Pessimism Removal (CPR):    0.000ns
  Clock Uncertainty:      0.035ns  ((TSJ^2 + TIJ^2)^1/2 + DJ) / 2 + PE
    Total System Jitter     (TSJ):    0.071ns
    Total Input Jitter      (TIJ):    0.000ns
    Discrete Jitter          (DJ):    0.000ns
    Phase Error              (PE):    0.000ns

    Location             Delay type                Incr(ns)  Path(ns)    Netlist Resource(s)
  -------------------------------------------------------------------    -------------------
                         (clock clk rise edge)        0.000     0.000 r  
                                                      0.000     0.000 r  clk (IN)
                         net (fo=428, unset)          0.076     0.076    u_mem/clk
    RAMB18_X5Y270        RAMB18E2                                     r  u_mem/mem_reg_bram_0/CLKBWRCLK
  -------------------------------------------------------------------    -------------------
    RAMB18_X5Y270        RAMB18E2 (Prop_RAMB18E2_L_RAMB180_CLKBWRCLK_DOUTBDOUT[0])
                                                      0.963     1.039 r  u_mem/mem_reg_bram_0/DOUTBDOUT[0]
                         net (fo=10, routed)          0.311     1.350    u_fwd_bf/u_mult/mem_reg_bram_0_i_108[0]
    SLICE_X89Y673        LUT2 (Prop_A6LUT_SLICEL_I1_O)
                                                      0.035     1.385 r  u_fwd_bf/u_mult/mem_reg_bram_0_i_171/O
                         net (fo=1, routed)           0.009     1.394    u_mem/mem_reg_bram_0_5[0]
    SLICE_X89Y673        CARRY8 (Prop_CARRY8_SLICEL_S[0]_O[4])
                                                      0.204     1.598 f  u_mem/mem_reg_bram_0_i_108/O[4]
                         net (fo=5, routed)           0.133     1.731    u_mem/mem_reg_bram_0_i_108_n_11
    SLICE_X89Y672        LUT2 (Prop_G5LUT_SLICEL_I0_O)
                                                      0.135     1.866 f  u_mem/mem_reg_bram_0_i_191/O
                         net (fo=1, routed)           0.111     1.977    u_mem/mem_reg_bram_0_i_191_n_0
    SLICE_X89Y671        LUT6 (Prop_A6LUT_SLICEL_I3_O)
                                                      0.098     2.075 r  u_mem/mem_reg_bram_0_i_145/O
                         net (fo=4, routed)           0.102     2.177    u_mem/mem_reg_bram_0_i_145_n_0
    SLICE_X89Y672        LUT6 (Prop_D6LUT_SLICEL_I2_O)
                                                      0.099     2.276 f  u_mem/mem_reg_bram_0_i_91/O
                         net (fo=1, routed)           0.252     2.528    u_mem/mem_reg_bram_0_i_91_n_0
    SLICE_X92Y676        LUT6 (Prop_C6LUT_SLICEL_I5_O)
                                                      0.050     2.578 r  u_mem/mem_reg_bram_0_i_29/O
                         net (fo=1, routed)           0.146     2.724    u_mem/mem_reg_bram_0_i_29_n_0
    RAMB18_X5Y270        RAMB18E2                                     r  u_mem/mem_reg_bram_0/DINBDIN[11]
  -------------------------------------------------------------------    -------------------

                         (clock clk rise edge)        3.333     3.333 r  
                                                      0.000     3.333 r  clk (IN)
                         net (fo=428, unset)          0.041     3.374    u_mem/clk
    RAMB18_X5Y270        RAMB18E2                                     r  u_mem/mem_reg_bram_0/CLKBWRCLK
                         clock pessimism              0.000     3.374    
                         clock uncertainty           -0.035     3.339    
    RAMB18_X5Y270        RAMB18E2 (Setup_RAMB18E2_L_RAMB180_CLKBWRCLK_DINBDIN[11])
                                                     -0.260     3.079    u_mem/mem_reg_bram_0
  -------------------------------------------------------------------
                         required time                          3.079    
                         arrival time                          -2.724    
  -------------------------------------------------------------------
                         slack                                  0.355    

Slack (MET) :             0.380ns  (required time - arrival time)
  Source:                 u_mem/mem_reg_bram_0/CLKBWRCLK
                            (rising edge-triggered cell RAMB18E2 clocked by clk  {rise@0.000ns fall@1.666ns period=3.333ns})
  Destination:            u_mem/mem_reg_bram_0/DINBDIN[6]
                            (rising edge-triggered cell RAMB18E2 clocked by clk  {rise@0.000ns fall@1.666ns period=3.333ns})
  Path Group:             clk
  Path Type:              Setup (Max at Slow Process Corner)
  Requirement:            3.333ns  (clk rise@3.333ns - clk rise@0.000ns)
  Data Path Delay:        2.627ns  (logic 1.625ns (61.867%)  route 1.002ns (38.133%))
  Logic Levels:           7  (CARRY8=1 LUT2=1 LUT4=2 LUT6=3)
  Clock Path Skew:        -0.035ns (DCD - SCD + CPR)
    Destination Clock Delay (DCD):    0.041ns = ( 3.374 - 3.333 ) 
    Source Clock Delay      (SCD):    0.076ns
    Clock Pessimism Removal (CPR):    0.000ns
  Clock Uncertainty:      0.035ns  ((TSJ^2 + TIJ^2)^1/2 + DJ) / 2 + PE
    Total System Jitter     (TSJ):    0.071ns
    Total Input Jitter      (TIJ):    0.000ns
    Discrete Jitter          (DJ):    0.000ns
    Phase Error              (PE):    0.000ns

    Location             Delay type                Incr(ns)  Path(ns)    Netlist Resource(s)
  -------------------------------------------------------------------    -------------------
                         (clock clk rise edge)        0.000     0.000 r  
                                                      0.000     0.000 r  clk (IN)
                         net (fo=428, unset)          0.076     0.076    u_mem/clk
    RAMB18_X5Y270        RAMB18E2                                     r  u_mem/mem_reg_bram_0/CLKBWRCLK
  -------------------------------------------------------------------    -------------------
    RAMB18_X5Y270        RAMB18E2 (Prop_RAMB18E2_L_RAMB180_CLKBWRCLK_DOUTBDOUT[0])
                                                      0.963     1.039 r  u_mem/mem_reg_bram_0/DOUTBDOUT[0]
                         net (fo=10, routed)          0.161     1.200    u_inv_bf/u_add/DOUTBDOUT[0]
    SLICE_X90Y675        LUT2 (Prop_A6LUT_SLICEL_I0_O)
                                                      0.090     1.290 r  u_inv_bf/u_add/mem_reg_bram_0_i_199/O
                         net (fo=1, routed)           0.009     1.299    u_mem/mem_reg_bram_0_i_176_0[0]
    SLICE_X90Y675        CARRY8 (Prop_CARRY8_SLICEL_S[0]_O[5])
                                                      0.238     1.537 f  u_mem/mem_reg_bram_0_i_153/O[5]
                         net (fo=3, routed)           0.140     1.677    u_mem/mem_reg_bram_0_i_153_n_10
    SLICE_X90Y676        LUT4 (Prop_F6LUT_SLICEL_I1_O)
                                                      0.089     1.766 r  u_mem/mem_reg_bram_0_i_200/O
                         net (fo=3, routed)           0.181     1.948    u_mem/mem_reg_bram_0_i_200_n_0
    SLICE_X89Y676        LUT6 (Prop_H6LUT_SLICEL_I1_O)
                                                      0.124     2.072 r  u_mem/mem_reg_bram_0_i_156/O
                         net (fo=7, routed)           0.147     2.219    u_mem/mem_reg_bram_0_i_156_n_0
    SLICE_X90Y676        LUT4 (Prop_G6LUT_SLICEL_I2_O)
                                                      0.050     2.269 r  u_mem/mem_reg_bram_0_i_161/O
                         net (fo=2, routed)           0.092     2.361    u_mem/mem_reg_bram_0_i_161_n_0
    SLICE_X90Y677        LUT6 (Prop_E6LUT_SLICEL_I5_O)
                                                      0.035     2.396 r  u_mem/mem_reg_bram_0_i_100/O
                         net (fo=1, routed)           0.139     2.535    u_mem/mem_reg_bram_0_i_100_n_0
    SLICE_X90Y676        LUT6 (Prop_H6LUT_SLICEL_I3_O)
                                                      0.036     2.571 r  u_mem/mem_reg_bram_0_i_34/O
                         net (fo=1, routed)           0.132     2.703    u_mem/mem_reg_bram_0_i_34_n_0
    RAMB18_X5Y270        RAMB18E2                                     r  u_mem/mem_reg_bram_0/DINBDIN[6]
  -------------------------------------------------------------------    -------------------

                         (clock clk rise edge)        3.333     3.333 r  
                                                      0.000     3.333 r  clk (IN)
                         net (fo=428, unset)          0.041     3.374    u_mem/clk
    RAMB18_X5Y270        RAMB18E2                                     r  u_mem/mem_reg_bram_0/CLKBWRCLK
                         clock pessimism              0.000     3.374    
                         clock uncertainty           -0.035     3.339    
    RAMB18_X5Y270        RAMB18E2 (Setup_RAMB18E2_L_RAMB180_CLKBWRCLK_DINBDIN[6])
                                                     -0.256     3.083    u_mem/mem_reg_bram_0
  -------------------------------------------------------------------
                         required time                          3.083    
                         arrival time                          -2.703    
  -------------------------------------------------------------------
                         slack                                  0.380    

Slack (MET) :             0.392ns  (required time - arrival time)
  Source:                 u_mem/mem_reg_bram_0/CLKBWRCLK
                            (rising edge-triggered cell RAMB18E2 clocked by clk  {rise@0.000ns fall@1.666ns period=3.333ns})
  Destination:            u_mem/mem_reg_bram_0/DINBDIN[9]
                            (rising edge-triggered cell RAMB18E2 clocked by clk  {rise@0.000ns fall@1.666ns period=3.333ns})
  Path Group:             clk
  Path Type:              Setup (Max at Slow Process Corner)
  Requirement:            3.333ns  (clk rise@3.333ns - clk rise@0.000ns)
  Data Path Delay:        2.633ns  (logic 1.602ns (60.847%)  route 1.031ns (39.153%))
  Logic Levels:           7  (CARRY8=1 LUT2=2 LUT6=4)
  Clock Path Skew:        -0.035ns (DCD - SCD + CPR)
    Destination Clock Delay (DCD):    0.041ns = ( 3.374 - 3.333 ) 
    Source Clock Delay      (SCD):    0.076ns
    Clock Pessimism Removal (CPR):    0.000ns
  Clock Uncertainty:      0.035ns  ((TSJ^2 + TIJ^2)^1/2 + DJ) / 2 + PE
    Total System Jitter     (TSJ):    0.071ns
    Total Input Jitter      (TIJ):    0.000ns
    Discrete Jitter          (DJ):    0.000ns
    Phase Error              (PE):    0.000ns

    Location             Delay type                Incr(ns)  Path(ns)    Netlist Resource(s)
  -------------------------------------------------------------------    -------------------
                         (clock clk rise edge)        0.000     0.000 r  
                                                      0.000     0.000 r  clk (IN)
                         net (fo=428, unset)          0.076     0.076    u_mem/clk
    RAMB18_X5Y270        RAMB18E2                                     r  u_mem/mem_reg_bram_0/CLKBWRCLK
  -------------------------------------------------------------------    -------------------
    RAMB18_X5Y270        RAMB18E2 (Prop_RAMB18E2_L_RAMB180_CLKBWRCLK_DOUTBDOUT[0])
                                                      0.963     1.039 r  u_mem/mem_reg_bram_0/DOUTBDOUT[0]
                         net (fo=10, routed)          0.311     1.350    u_fwd_bf/u_mult/mem_reg_bram_0_i_108[0]
    SLICE_X89Y673        LUT2 (Prop_A6LUT_SLICEL_I1_O)
                                                      0.035     1.385 r  u_fwd_bf/u_mult/mem_reg_bram_0_i_171/O
                         net (fo=1, routed)           0.009     1.394    u_mem/mem_reg_bram_0_5[0]
    SLICE_X89Y673        CARRY8 (Prop_CARRY8_SLICEL_S[0]_O[4])
                                                      0.204     1.598 f  u_mem/mem_reg_bram_0_i_108/O[4]
                         net (fo=5, routed)           0.133     1.731    u_mem/mem_reg_bram_0_i_108_n_11
    SLICE_X89Y672        LUT2 (Prop_G5LUT_SLICEL_I0_O)
                                                      0.135     1.866 f  u_mem/mem_reg_bram_0_i_191/O
                         net (fo=1, routed)           0.111     1.977    u_mem/mem_reg_bram_0_i_191_n_0
    SLICE_X89Y671        LUT6 (Prop_A6LUT_SLICEL_I3_O)
                                                      0.098     2.075 r  u_mem/mem_reg_bram_0_i_145/O
                         net (fo=4, routed)           0.099     2.174    u_mem/mem_reg_bram_0_i_145_n_0
    SLICE_X89Y672        LUT6 (Prop_C6LUT_SLICEL_I2_O)
                                                      0.096     2.270 f  u_mem/mem_reg_bram_0_i_147/O
                         net (fo=1, routed)           0.147     2.417    u_mem/mem_reg_bram_0_i_147_n_0
    SLICE_X89Y677        LUT6 (Prop_A6LUT_SLICEL_I0_O)
                                                      0.035     2.452 r  u_mem/mem_reg_bram_0_i_95/O
                         net (fo=1, routed)           0.040     2.492    u_mem/mem_reg_bram_0_i_95_n_0
    SLICE_X89Y677        LUT6 (Prop_D6LUT_SLICEL_I1_O)
                                                      0.036     2.528 r  u_mem/mem_reg_bram_0_i_31/O
                         net (fo=1, routed)           0.181     2.709    u_mem/mem_reg_bram_0_i_31_n_0
    RAMB18_X5Y270        RAMB18E2                                     r  u_mem/mem_reg_bram_0/DINBDIN[9]
  -------------------------------------------------------------------    -------------------

                         (clock clk rise edge)        3.333     3.333 r  
                                                      0.000     3.333 r  clk (IN)
                         net (fo=428, unset)          0.041     3.374    u_mem/clk
    RAMB18_X5Y270        RAMB18E2                                     r  u_mem/mem_reg_bram_0/CLKBWRCLK
                         clock pessimism              0.000     3.374    
                         clock uncertainty           -0.035     3.339    
    RAMB18_X5Y270        RAMB18E2 (Setup_RAMB18E2_L_RAMB180_CLKBWRCLK_DINBDIN[9])
                                                     -0.238     3.101    u_mem/mem_reg_bram_0
  -------------------------------------------------------------------
                         required time                          3.101    
                         arrival time                          -2.709    
  -------------------------------------------------------------------
                         slack                                  0.392    

Slack (MET) :             0.393ns  (required time - arrival time)
  Source:                 u_mem/mem_reg_bram_0/CLKBWRCLK
                            (rising edge-triggered cell RAMB18E2 clocked by clk  {rise@0.000ns fall@1.666ns period=3.333ns})
  Destination:            u_mem/mem_reg_bram_0/DINADIN[8]
                            (rising edge-triggered cell RAMB18E2 clocked by clk  {rise@0.000ns fall@1.666ns period=3.333ns})
  Path Group:             clk
  Path Type:              Setup (Max at Slow Process Corner)
  Requirement:            3.333ns  (clk rise@3.333ns - clk rise@0.000ns)
  Data Path Delay:        2.607ns  (logic 1.637ns (62.795%)  route 0.970ns (37.205%))
  Logic Levels:           6  (CARRY8=1 LUT2=2 LUT5=1 LUT6=2)
  Clock Path Skew:        -0.037ns (DCD - SCD + CPR)
    Destination Clock Delay (DCD):    0.039ns = ( 3.372 - 3.333 ) 
    Source Clock Delay      (SCD):    0.076ns
    Clock Pessimism Removal (CPR):    0.000ns
  Clock Uncertainty:      0.035ns  ((TSJ^2 + TIJ^2)^1/2 + DJ) / 2 + PE
    Total System Jitter     (TSJ):    0.071ns
    Total Input Jitter      (TIJ):    0.000ns
    Discrete Jitter          (DJ):    0.000ns
    Phase Error              (PE):    0.000ns

    Location             Delay type                Incr(ns)  Path(ns)    Netlist Resource(s)
  -------------------------------------------------------------------    -------------------
                         (clock clk rise edge)        0.000     0.000 r  
                                                      0.000     0.000 r  clk (IN)
                         net (fo=428, unset)          0.076     0.076    u_mem/clk
    RAMB18_X5Y270        RAMB18E2                                     r  u_mem/mem_reg_bram_0/CLKBWRCLK
  -------------------------------------------------------------------    -------------------
    RAMB18_X5Y270        RAMB18E2 (Prop_RAMB18E2_L_RAMB180_CLKBWRCLK_DOUTBDOUT[0])
                                                      0.963     1.039 r  u_mem/mem_reg_bram_0/DOUTBDOUT[0]
                         net (fo=10, routed)          0.229     1.268    u_mem/DOUTBDOUT[0]
    SLICE_X89Y675        LUT2 (Prop_A6LUT_SLICEL_I0_O)
                                                      0.035     1.303 r  u_mem/diff_carry_i_14__0/O
                         net (fo=1, routed)           0.009     1.312    u_fwd_bf/u_sub/S[0]
    SLICE_X89Y675        CARRY8 (Prop_CARRY8_SLICEL_S[0]_O[4])
                                                      0.204     1.516 f  u_fwd_bf/u_sub/diff_carry/O[4]
                         net (fo=4, routed)           0.173     1.689    u_fwd_bf/u_sub/diff_carry_n_11
    SLICE_X88Y676        LUT2 (Prop_D6LUT_SLICEM_I0_O)
                                                      0.122     1.811 f  u_fwd_bf/u_sub/mem_reg_bram_0_i_141/O
                         net (fo=1, routed)           0.094     1.905    u_fwd_bf/u_sub/mem_reg_bram_0_i_141_n_0
    SLICE_X88Y677        LUT6 (Prop_B6LUT_SLICEM_I3_O)
                                                      0.125     2.030 r  u_fwd_bf/u_sub/mem_reg_bram_0_i_85/O
                         net (fo=5, routed)           0.097     2.128    u_fwd_bf/u_mult/mem_reg_bram_0_1
    SLICE_X88Y677        LUT6 (Prop_C6LUT_SLICEM_I4_O)
                                                      0.098     2.226 r  u_fwd_bf/u_mult/mem_reg_bram_0_i_84/O
                         net (fo=8, routed)           0.111     2.337    u_fwd_bf/u_mult/diff_carry__0
    SLICE_X88Y677        LUT5 (Prop_G6LUT_SLICEM_I1_O)
                                                      0.090     2.427 r  u_fwd_bf/u_mult/mem_reg_bram_0_i_20/O
                         net (fo=1, routed)           0.256     2.683    u_mem/DINADIN[8]
    RAMB18_X5Y270        RAMB18E2                                     r  u_mem/mem_reg_bram_0/DINADIN[8]
  -------------------------------------------------------------------    -------------------

                         (clock clk rise edge)        3.333     3.333 r  
                                                      0.000     3.333 r  clk (IN)
                         net (fo=428, unset)          0.039     3.372    u_mem/clk
    RAMB18_X5Y270        RAMB18E2                                     r  u_mem/mem_reg_bram_0/CLKARDCLK
                         clock pessimism              0.000     3.372    
                         clock uncertainty           -0.035     3.337    
    RAMB18_X5Y270        RAMB18E2 (Setup_RAMB18E2_L_RAMB180_CLKARDCLK_DINADIN[8])
                                                     -0.261     3.076    u_mem/mem_reg_bram_0
  -------------------------------------------------------------------
                         required time                          3.076    
                         arrival time                          -2.683    
  -------------------------------------------------------------------
                         slack                                  0.393    





Min Delay Paths
--------------------------------------------------------------------------------------
Slack (MET) :             0.044ns  (arrival time - required time)
  Source:                 u_fwd_fsm/j_off_reg[6]/C
                            (rising edge-triggered cell FDRE clocked by clk  {rise@0.000ns fall@1.666ns period=3.333ns})
  Destination:            u_fwd_fsm/j_off_reg[7]/D
                            (rising edge-triggered cell FDRE clocked by clk  {rise@0.000ns fall@1.666ns period=3.333ns})
  Path Group:             clk
  Path Type:              Hold (Min at Fast Process Corner)
  Requirement:            0.000ns  (clk rise@0.000ns - clk rise@0.000ns)
  Data Path Delay:        0.097ns  (logic 0.060ns (62.058%)  route 0.037ns (37.942%))
  Logic Levels:           1  (LUT4=1)
  Clock Path Skew:        0.006ns (DCD - SCD - CPR)
    Destination Clock Delay (DCD):    0.019ns
    Source Clock Delay      (SCD):    0.013ns
    Clock Pessimism Removal (CPR):    -0.000ns

    Location             Delay type                Incr(ns)  Path(ns)    Netlist Resource(s)
  -------------------------------------------------------------------    -------------------
                         (clock clk rise edge)        0.000     0.000 r  
                                                      0.000     0.000 r  clk (IN)
                         net (fo=428, unset)          0.013     0.013    u_fwd_fsm/clk
    SLICE_X91Y682        FDRE                                         r  u_fwd_fsm/j_off_reg[6]/C
  -------------------------------------------------------------------    -------------------
    SLICE_X91Y682        FDRE (Prop_BFF_SLICEM_C_Q)
                                                      0.038     0.051 r  u_fwd_fsm/j_off_reg[6]/Q
                         net (fo=8, routed)           0.029     0.080    u_fwd_fsm/j_off_reg_n_0_[6]
    SLICE_X91Y682        LUT4 (Prop_B5LUT_SLICEM_I1_O)
                                                      0.022     0.102 r  u_fwd_fsm/j_off[7]_i_2/O
                         net (fo=1, routed)           0.008     0.110    u_fwd_fsm/j_off[7]_i_2_n_0
    SLICE_X91Y682        FDRE                                         r  u_fwd_fsm/j_off_reg[7]/D
  -------------------------------------------------------------------    -------------------

                         (clock clk rise edge)        0.000     0.000 r  
                                                      0.000     0.000 r  clk (IN)
                         net (fo=428, unset)          0.019     0.019    u_fwd_fsm/clk
    SLICE_X91Y682        FDRE                                         r  u_fwd_fsm/j_off_reg[7]/C
                         clock pessimism              0.000     0.019    
    SLICE_X91Y682        FDRE (Hold_BFF2_SLICEM_C_D)
                                                      0.047     0.066    u_fwd_fsm/j_off_reg[7]
  -------------------------------------------------------------------
                         required time                         -0.066    
                         arrival time                           0.110    
  -------------------------------------------------------------------
                         slack                                  0.044    

Slack (MET) :             0.046ns  (arrival time - required time)
  Source:                 u_inv_fsm/j_off_reg[0]/C
                            (rising edge-triggered cell FDRE clocked by clk  {rise@0.000ns fall@1.666ns period=3.333ns})
  Destination:            u_inv_fsm/j_off_reg[0]/D
                            (rising edge-triggered cell FDRE clocked by clk  {rise@0.000ns fall@1.666ns period=3.333ns})
  Path Group:             clk
  Path Type:              Hold (Min at Fast Process Corner)
  Requirement:            0.000ns  (clk rise@0.000ns - clk rise@0.000ns)
  Data Path Delay:        0.098ns  (logic 0.053ns (54.257%)  route 0.045ns (45.743%))
  Logic Levels:           1  (LUT2=1)
  Clock Path Skew:        0.006ns (DCD - SCD - CPR)
    Destination Clock Delay (DCD):    0.018ns
    Source Clock Delay      (SCD):    0.012ns
    Clock Pessimism Removal (CPR):    -0.000ns

    Location             Delay type                Incr(ns)  Path(ns)    Netlist Resource(s)
  -------------------------------------------------------------------    -------------------
                         (clock clk rise edge)        0.000     0.000 r  
                                                      0.000     0.000 r  clk (IN)
                         net (fo=428, unset)          0.012     0.012    u_inv_fsm/clk
    SLICE_X89Y681        FDRE                                         r  u_inv_fsm/j_off_reg[0]/C
  -------------------------------------------------------------------    -------------------
    SLICE_X89Y681        FDRE (Prop_CFF_SLICEL_C_Q)
                                                      0.039     0.051 f  u_inv_fsm/j_off_reg[0]/Q
                         net (fo=10, routed)          0.028     0.079    u_inv_fsm/j_off_reg[0]_0[0]
    SLICE_X89Y681        LUT2 (Prop_C6LUT_SLICEL_I1_O)
                                                      0.014     0.093 r  u_inv_fsm/j_off[0]_i_1__0/O
                         net (fo=1, routed)           0.017     0.110    u_inv_fsm/j_off[0]
    SLICE_X89Y681        FDRE                                         r  u_inv_fsm/j_off_reg[0]/D
  -------------------------------------------------------------------    -------------------

                         (clock clk rise edge)        0.000     0.000 r  
                                                      0.000     0.000 r  clk (IN)
                         net (fo=428, unset)          0.018     0.018    u_inv_fsm/clk
    SLICE_X89Y681        FDRE                                         r  u_inv_fsm/j_off_reg[0]/C
                         clock pessimism              0.000     0.018    
    SLICE_X89Y681        FDRE (Hold_CFF_SLICEL_C_D)
                                                      0.046     0.064    u_inv_fsm/j_off_reg[0]
  -------------------------------------------------------------------
                         required time                         -0.064    
                         arrival time                           0.110    
  -------------------------------------------------------------------
                         slack                                  0.046    

Slack (MET) :             0.052ns  (arrival time - required time)
  Source:                 u_inv_fsm/scale_i_reg[4]/C
                            (rising edge-triggered cell FDRE clocked by clk  {rise@0.000ns fall@1.666ns period=3.333ns})
  Destination:            u_inv_fsm/scale_i_reg[4]/D
                            (rising edge-triggered cell FDRE clocked by clk  {rise@0.000ns fall@1.666ns period=3.333ns})
  Path Group:             clk
  Path Type:              Hold (Min at Fast Process Corner)
  Requirement:            0.000ns  (clk rise@0.000ns - clk rise@0.000ns)
  Data Path Delay:        0.104ns  (logic 0.052ns (50.226%)  route 0.052ns (49.773%))
  Logic Levels:           1  (LUT6=1)
  Clock Path Skew:        0.006ns (DCD - SCD - CPR)
    Destination Clock Delay (DCD):    0.019ns
    Source Clock Delay      (SCD):    0.013ns
    Clock Pessimism Removal (CPR):    -0.000ns

    Location             Delay type                Incr(ns)  Path(ns)    Netlist Resource(s)
  -------------------------------------------------------------------    -------------------
                         (clock clk rise edge)        0.000     0.000 r  
                                                      0.000     0.000 r  clk (IN)
                         net (fo=428, unset)          0.013     0.013    u_inv_fsm/clk
    SLICE_X88Y679        FDRE                                         r  u_inv_fsm/scale_i_reg[4]/C
  -------------------------------------------------------------------    -------------------
    SLICE_X88Y679        FDRE (Prop_BFF_SLICEM_C_Q)
                                                      0.038     0.051 r  u_inv_fsm/scale_i_reg[4]/Q
                         net (fo=4, routed)           0.031     0.082    u_inv_fsm/scale_i_reg_n_0_[4]
    SLICE_X88Y679        LUT6 (Prop_B6LUT_SLICEM_I5_O)
                                                      0.014     0.096 r  u_inv_fsm/scale_i[4]_i_1/O
                         net (fo=1, routed)           0.021     0.117    u_inv_fsm/scale_i[4]_i_1_n_0
    SLICE_X88Y679        FDRE                                         r  u_inv_fsm/scale_i_reg[4]/D
  -------------------------------------------------------------------    -------------------

                         (clock clk rise edge)        0.000     0.000 r  
                                                      0.000     0.000 r  clk (IN)
                         net (fo=428, unset)          0.019     0.019    u_inv_fsm/clk
    SLICE_X88Y679        FDRE                                         r  u_inv_fsm/scale_i_reg[4]/C
                         clock pessimism              0.000     0.019    
    SLICE_X88Y679        FDRE (Hold_BFF_SLICEM_C_D)
                                                      0.046     0.065    u_inv_fsm/scale_i_reg[4]
  -------------------------------------------------------------------
                         required time                         -0.065    
                         arrival time                           0.117    
  -------------------------------------------------------------------
                         slack                                  0.052    

Slack (MET) :             0.052ns  (arrival time - required time)
  Source:                 u_inv_fsm/layer_reg[1]/C
                            (rising edge-triggered cell FDRE clocked by clk  {rise@0.000ns fall@1.666ns period=3.333ns})
  Destination:            u_inv_fsm/layer_reg[2]/D
                            (rising edge-triggered cell FDRE clocked by clk  {rise@0.000ns fall@1.666ns period=3.333ns})
  Path Group:             clk
  Path Type:              Hold (Min at Fast Process Corner)
  Requirement:            0.000ns  (clk rise@0.000ns - clk rise@0.000ns)
  Data Path Delay:        0.105ns  (logic 0.072ns (68.779%)  route 0.033ns (31.221%))
  Logic Levels:           1  (LUT4=1)
  Clock Path Skew:        0.006ns (DCD - SCD - CPR)
    Destination Clock Delay (DCD):    0.018ns
    Source Clock Delay      (SCD):    0.012ns
    Clock Pessimism Removal (CPR):    -0.000ns

    Location             Delay type                Incr(ns)  Path(ns)    Netlist Resource(s)
  -------------------------------------------------------------------    -------------------
                         (clock clk rise edge)        0.000     0.000 r  
                                                      0.000     0.000 r  clk (IN)
                         net (fo=428, unset)          0.012     0.012    u_inv_fsm/clk
    SLICE_X86Y683        FDRE                                         r  u_inv_fsm/layer_reg[1]/C
  -------------------------------------------------------------------    -------------------
    SLICE_X86Y683        FDRE (Prop_DFF_SLICEL_C_Q)
                                                      0.039     0.051 r  u_inv_fsm/layer_reg[1]/Q
                         net (fo=5, routed)           0.027     0.078    u_inv_fsm/layer_reg_n_0_[1]
    SLICE_X86Y683        LUT4 (Prop_D5LUT_SLICEL_I1_O)
                                                      0.033     0.111 r  u_inv_fsm/layer[2]_i_2__0/O
                         net (fo=1, routed)           0.006     0.117    u_inv_fsm/layer[2]
    SLICE_X86Y683        FDRE                                         r  u_inv_fsm/layer_reg[2]/D
  -------------------------------------------------------------------    -------------------

                         (clock clk rise edge)        0.000     0.000 r  
                                                      0.000     0.000 r  clk (IN)
                         net (fo=428, unset)          0.018     0.018    u_inv_fsm/clk
    SLICE_X86Y683        FDRE                                         r  u_inv_fsm/layer_reg[2]/C
                         clock pessimism              0.000     0.018    
    SLICE_X86Y683        FDRE (Hold_DFF2_SLICEL_C_D)
                                                      0.047     0.065    u_inv_fsm/layer_reg[2]
  -------------------------------------------------------------------
                         required time                         -0.065    
                         arrival time                           0.117    
  -------------------------------------------------------------------
                         slack                                  0.052    

Slack (MET) :             0.054ns  (arrival time - required time)
  Source:                 cmp_i_reg[2]/C
                            (rising edge-triggered cell FDRE clocked by clk  {rise@0.000ns fall@1.666ns period=3.333ns})
  Destination:            cmp_i_reg[3]/D
                            (rising edge-triggered cell FDRE clocked by clk  {rise@0.000ns fall@1.666ns period=3.333ns})
  Path Group:             clk
  Path Type:              Hold (Min at Fast Process Corner)
  Requirement:            0.000ns  (clk rise@0.000ns - clk rise@0.000ns)
  Data Path Delay:        0.107ns  (logic 0.072ns (67.431%)  route 0.035ns (32.569%))
  Logic Levels:           1  (LUT5=1)
  Clock Path Skew:        0.006ns (DCD - SCD - CPR)
    Destination Clock Delay (DCD):    0.018ns
    Source Clock Delay      (SCD):    0.012ns
    Clock Pessimism Removal (CPR):    -0.000ns

    Location             Delay type                Incr(ns)  Path(ns)    Netlist Resource(s)
  -------------------------------------------------------------------    -------------------
                         (clock clk rise edge)        0.000     0.000 r  
                                                      0.000     0.000 r  clk (IN)
                         net (fo=428, unset)          0.012     0.012    clk
    SLICE_X92Y678        FDRE                                         r  cmp_i_reg[2]/C
  -------------------------------------------------------------------    -------------------
    SLICE_X92Y678        FDRE (Prop_DFF_SLICEL_C_Q)
                                                      0.039     0.051 r  cmp_i_reg[2]/Q
                         net (fo=7, routed)           0.029     0.080    cmp_i_reg_n_0_[2]
    SLICE_X92Y678        LUT5 (Prop_D5LUT_SLICEL_I3_O)
                                                      0.033     0.113 r  cmp_i[3]_i_1/O
                         net (fo=1, routed)           0.006     0.119    cmp_i[3]_i_1_n_0
    SLICE_X92Y678        FDRE                                         r  cmp_i_reg[3]/D
  -------------------------------------------------------------------    -------------------

                         (clock clk rise edge)        0.000     0.000 r  
                                                      0.000     0.000 r  clk (IN)
                         net (fo=428, unset)          0.018     0.018    clk
    SLICE_X92Y678        FDRE                                         r  cmp_i_reg[3]/C
                         clock pessimism              0.000     0.018    
    SLICE_X92Y678        FDRE (Hold_DFF2_SLICEL_C_D)
                                                      0.047     0.065    cmp_i_reg[3]
  -------------------------------------------------------------------
                         required time                         -0.065    
                         arrival time                           0.119    
  -------------------------------------------------------------------
                         slack                                  0.054    

Slack (MET) :             0.055ns  (arrival time - required time)
  Source:                 u_fwd_fsm/FSM_onehot_state_reg[2]/C
                            (rising edge-triggered cell FDRE clocked by clk  {rise@0.000ns fall@1.666ns period=3.333ns})
  Destination:            u_fwd_fsm/FSM_onehot_state_reg[0]/D
                            (rising edge-triggered cell FDSE clocked by clk  {rise@0.000ns fall@1.666ns period=3.333ns})
  Path Group:             clk
  Path Type:              Hold (Min at Fast Process Corner)
  Requirement:            0.000ns  (clk rise@0.000ns - clk rise@0.000ns)
  Data Path Delay:        0.108ns  (logic 0.040ns (37.121%)  route 0.068ns (62.879%))
  Logic Levels:           0  
  Clock Path Skew:        0.006ns (DCD - SCD - CPR)
    Destination Clock Delay (DCD):    0.019ns
    Source Clock Delay      (SCD):    0.013ns
    Clock Pessimism Removal (CPR):    -0.000ns

    Location             Delay type                Incr(ns)  Path(ns)    Netlist Resource(s)
  -------------------------------------------------------------------    -------------------
                         (clock clk rise edge)        0.000     0.000 r  
                                                      0.000     0.000 r  clk (IN)
                         net (fo=428, unset)          0.013     0.013    u_fwd_fsm/clk
    SLICE_X90Y682        FDRE                                         r  u_fwd_fsm/FSM_onehot_state_reg[2]/C
  -------------------------------------------------------------------    -------------------
    SLICE_X90Y682        FDRE (Prop_FFF2_SLICEL_C_Q)
                                                      0.040     0.053 r  u_fwd_fsm/FSM_onehot_state_reg[2]/Q
                         net (fo=4, routed)           0.068     0.121    u_fwd_fsm/Q[0]
    SLICE_X90Y682        FDSE                                         r  u_fwd_fsm/FSM_onehot_state_reg[0]/D
  -------------------------------------------------------------------    -------------------

                         (clock clk rise edge)        0.000     0.000 r  
                                                      0.000     0.000 r  clk (IN)
                         net (fo=428, unset)          0.019     0.019    u_fwd_fsm/clk
    SLICE_X90Y682        FDSE                                         r  u_fwd_fsm/FSM_onehot_state_reg[0]/C
                         clock pessimism              0.000     0.019    
    SLICE_X90Y682        FDSE (Hold_HFF2_SLICEL_C_D)
                                                      0.047     0.066    u_fwd_fsm/FSM_onehot_state_reg[0]
  -------------------------------------------------------------------
                         required time                         -0.066    
                         arrival time                           0.121    
  -------------------------------------------------------------------
                         slack                                  0.055    

Slack (MET) :             0.057ns  (arrival time - required time)
  Source:                 load_phase_cnt_reg[0]/C
                            (rising edge-triggered cell FDRE clocked by clk  {rise@0.000ns fall@1.666ns period=3.333ns})
  Destination:            load_phase_cnt_reg[0]/D
                            (rising edge-triggered cell FDRE clocked by clk  {rise@0.000ns fall@1.666ns period=3.333ns})
  Path Group:             clk
  Path Type:              Hold (Min at Fast Process Corner)
  Requirement:            0.000ns  (clk rise@0.000ns - clk rise@0.000ns)
  Data Path Delay:        0.109ns  (logic 0.062ns (56.684%)  route 0.047ns (43.316%))
  Logic Levels:           1  (LUT2=1)
  Clock Path Skew:        0.006ns (DCD - SCD - CPR)
    Destination Clock Delay (DCD):    0.019ns
    Source Clock Delay      (SCD):    0.013ns
    Clock Pessimism Removal (CPR):    -0.000ns

    Location             Delay type                Incr(ns)  Path(ns)    Netlist Resource(s)
  -------------------------------------------------------------------    -------------------
                         (clock clk rise edge)        0.000     0.000 r  
                                                      0.000     0.000 r  clk (IN)
                         net (fo=428, unset)          0.013     0.013    clk
    SLICE_X92Y679        FDRE                                         r  load_phase_cnt_reg[0]/C
  -------------------------------------------------------------------    -------------------
    SLICE_X92Y679        FDRE (Prop_HFF_SLICEL_C_Q)
                                                      0.039     0.052 f  load_phase_cnt_reg[0]/Q
                         net (fo=8, routed)           0.030     0.082    load_phase_cnt_reg_n_0_[0]
    SLICE_X92Y679        LUT2 (Prop_H6LUT_SLICEL_I1_O)
                                                      0.023     0.105 r  load_phase_cnt[0]_i_1/O
                         net (fo=1, routed)           0.017     0.122    load_phase_cnt[0]_i_1_n_0
    SLICE_X92Y679        FDRE                                         r  load_phase_cnt_reg[0]/D
  -------------------------------------------------------------------    -------------------

                         (clock clk rise edge)        0.000     0.000 r  
                                                      0.000     0.000 r  clk (IN)
                         net (fo=428, unset)          0.019     0.019    clk
    SLICE_X92Y679        FDRE                                         r  load_phase_cnt_reg[0]/C
                         clock pessimism              0.000     0.019    
    SLICE_X92Y679        FDRE (Hold_HFF_SLICEL_C_D)
                                                      0.046     0.065    load_phase_cnt_reg[0]
  -------------------------------------------------------------------
                         required time                         -0.065    
                         arrival time                           0.122    
  -------------------------------------------------------------------
                         slack                                  0.057    

Slack (MET) :             0.057ns  (arrival time - required time)
  Source:                 load_i_reg[5]/C
                            (rising edge-triggered cell FDRE clocked by clk  {rise@0.000ns fall@1.666ns period=3.333ns})
  Destination:            orig_mem_reg_r1_128_191_7_11/RAMA/WADR5
                            (rising edge-triggered cell RAMD64E clocked by clk  {rise@0.000ns fall@1.666ns period=3.333ns})
  Path Group:             clk
  Path Type:              Hold (Min at Fast Process Corner)
  Requirement:            0.000ns  (clk rise@0.000ns - clk rise@0.000ns)
  Data Path Delay:        0.145ns  (logic 0.039ns (26.807%)  route 0.106ns (73.193%))
  Logic Levels:           0  
  Clock Path Skew:        0.026ns (DCD - SCD - CPR)
    Destination Clock Delay (DCD):    0.039ns
    Source Clock Delay      (SCD):    0.013ns
    Clock Pessimism Removal (CPR):    -0.000ns

    Location             Delay type                Incr(ns)  Path(ns)    Netlist Resource(s)
  -------------------------------------------------------------------    -------------------
                         (clock clk rise edge)        0.000     0.000 r  
                                                      0.000     0.000 r  clk (IN)
                         net (fo=428, unset)          0.013     0.013    clk
    SLICE_X94Y678        FDRE                                         r  load_i_reg[5]/C
  -------------------------------------------------------------------    -------------------
    SLICE_X94Y678        FDRE (Prop_EFF2_SLICEM_C_Q)
                                                      0.039     0.052 r  load_i_reg[5]/Q
                         net (fo=148, routed)         0.106     0.158    orig_mem_reg_r1_128_191_7_11/ADDRH5
    SLICE_X94Y676        RAMD64E                                      r  orig_mem_reg_r1_128_191_7_11/RAMA/WADR5
  -------------------------------------------------------------------    -------------------

                         (clock clk rise edge)        0.000     0.000 r  
                                                      0.000     0.000 r  clk (IN)
                         net (fo=428, unset)          0.039     0.039    orig_mem_reg_r1_128_191_7_11/WCLK
    SLICE_X94Y676        RAMD64E                                      r  orig_mem_reg_r1_128_191_7_11/RAMA/CLK
                         clock pessimism              0.000     0.039    
    SLICE_X94Y676        RAMD64E (Hold_A6LUT_SLICEM_CLK_WADR5)
                                                      0.062     0.101    orig_mem_reg_r1_128_191_7_11/RAMA
  -------------------------------------------------------------------
                         required time                         -0.101    
                         arrival time                           0.158    
  -------------------------------------------------------------------
                         slack                                  0.057    

Slack (MET) :             0.057ns  (arrival time - required time)
  Source:                 load_i_reg[5]/C
                            (rising edge-triggered cell FDRE clocked by clk  {rise@0.000ns fall@1.666ns period=3.333ns})
  Destination:            orig_mem_reg_r1_128_191_7_11/RAMB/WADR5
                            (rising edge-triggered cell RAMD64E clocked by clk  {rise@0.000ns fall@1.666ns period=3.333ns})
  Path Group:             clk
  Path Type:              Hold (Min at Fast Process Corner)
  Requirement:            0.000ns  (clk rise@0.000ns - clk rise@0.000ns)
  Data Path Delay:        0.145ns  (logic 0.039ns (26.807%)  route 0.106ns (73.193%))
  Logic Levels:           0  
  Clock Path Skew:        0.026ns (DCD - SCD - CPR)
    Destination Clock Delay (DCD):    0.039ns
    Source Clock Delay      (SCD):    0.013ns
    Clock Pessimism Removal (CPR):    -0.000ns

    Location             Delay type                Incr(ns)  Path(ns)    Netlist Resource(s)
  -------------------------------------------------------------------    -------------------
                         (clock clk rise edge)        0.000     0.000 r  
                                                      0.000     0.000 r  clk (IN)
                         net (fo=428, unset)          0.013     0.013    clk
    SLICE_X94Y678        FDRE                                         r  load_i_reg[5]/C
  -------------------------------------------------------------------    -------------------
    SLICE_X94Y678        FDRE (Prop_EFF2_SLICEM_C_Q)
                                                      0.039     0.052 r  load_i_reg[5]/Q
                         net (fo=148, routed)         0.106     0.158    orig_mem_reg_r1_128_191_7_11/ADDRH5
    SLICE_X94Y676        RAMD64E                                      r  orig_mem_reg_r1_128_191_7_11/RAMB/WADR5
  -------------------------------------------------------------------    -------------------

                         (clock clk rise edge)        0.000     0.000 r  
                                                      0.000     0.000 r  clk (IN)
                         net (fo=428, unset)          0.039     0.039    orig_mem_reg_r1_128_191_7_11/WCLK
    SLICE_X94Y676        RAMD64E                                      r  orig_mem_reg_r1_128_191_7_11/RAMB/CLK
                         clock pessimism              0.000     0.039    
    SLICE_X94Y676        RAMD64E (Hold_B6LUT_SLICEM_CLK_WADR5)
                                                      0.062     0.101    orig_mem_reg_r1_128_191_7_11/RAMB
  -------------------------------------------------------------------
                         required time                         -0.101    
                         arrival time                           0.158    
  -------------------------------------------------------------------
                         slack                                  0.057    

Slack (MET) :             0.057ns  (arrival time - required time)
  Source:                 load_i_reg[5]/C
                            (rising edge-triggered cell FDRE clocked by clk  {rise@0.000ns fall@1.666ns period=3.333ns})
  Destination:            orig_mem_reg_r1_128_191_7_11/RAMC/WADR5
                            (rising edge-triggered cell RAMD64E clocked by clk  {rise@0.000ns fall@1.666ns period=3.333ns})
  Path Group:             clk
  Path Type:              Hold (Min at Fast Process Corner)
  Requirement:            0.000ns  (clk rise@0.000ns - clk rise@0.000ns)
  Data Path Delay:        0.145ns  (logic 0.039ns (26.807%)  route 0.106ns (73.193%))
  Logic Levels:           0  
  Clock Path Skew:        0.026ns (DCD - SCD - CPR)
    Destination Clock Delay (DCD):    0.039ns
    Source Clock Delay      (SCD):    0.013ns
    Clock Pessimism Removal (CPR):    -0.000ns

    Location             Delay type                Incr(ns)  Path(ns)    Netlist Resource(s)
  -------------------------------------------------------------------    -------------------
                         (clock clk rise edge)        0.000     0.000 r  
                                                      0.000     0.000 r  clk (IN)
                         net (fo=428, unset)          0.013     0.013    clk
    SLICE_X94Y678        FDRE                                         r  load_i_reg[5]/C
  -------------------------------------------------------------------    -------------------
    SLICE_X94Y678        FDRE (Prop_EFF2_SLICEM_C_Q)
                                                      0.039     0.052 r  load_i_reg[5]/Q
                         net (fo=148, routed)         0.106     0.158    orig_mem_reg_r1_128_191_7_11/ADDRH5
    SLICE_X94Y676        RAMD64E                                      r  orig_mem_reg_r1_128_191_7_11/RAMC/WADR5
  -------------------------------------------------------------------    -------------------

                         (clock clk rise edge)        0.000     0.000 r  
                                                      0.000     0.000 r  clk (IN)
                         net (fo=428, unset)          0.039     0.039    orig_mem_reg_r1_128_191_7_11/WCLK
    SLICE_X94Y676        RAMD64E                                      r  orig_mem_reg_r1_128_191_7_11/RAMC/CLK
                         clock pessimism              0.000     0.039    
    SLICE_X94Y676        RAMD64E (Hold_C6LUT_SLICEM_CLK_WADR5)
                                                      0.062     0.101    orig_mem_reg_r1_128_191_7_11/RAMC
  -------------------------------------------------------------------
                         required time                         -0.101    
                         arrival time                           0.158    
  -------------------------------------------------------------------
                         slack                                  0.057    





Pulse Width Checks
--------------------------------------------------------------------------------------
Clock Name:         clk
Waveform(ns):       { 0.000 1.666 }
Period(ns):         3.333
Sources:            { clk }

Check Type        Corner  Lib Pin             Reference Pin  Required(ns)  Actual(ns)  Slack(ns)  Location       Pin
Min Period        n/a     RAMB18E2/CLKARDCLK  n/a            1.569         3.333       1.764      RAMB18_X5Y270  u_mem/mem_reg_bram_0/CLKARDCLK
Min Period        n/a     RAMB18E2/CLKBWRCLK  n/a            1.569         3.333       1.764      RAMB18_X5Y270  u_mem/mem_reg_bram_0/CLKBWRCLK
Min Period        n/a     RAMD64E/CLK         n/a            1.064         3.333       2.269      SLICE_X94Y672  orig_mem_reg_r1_0_63_0_6/RAMA/CLK
Min Period        n/a     RAMD64E/CLK         n/a            1.064         3.333       2.269      SLICE_X94Y672  orig_mem_reg_r1_0_63_0_6/RAMB/CLK
Min Period        n/a     RAMD64E/CLK         n/a            1.064         3.333       2.269      SLICE_X94Y672  orig_mem_reg_r1_0_63_0_6/RAMC/CLK
Min Period        n/a     RAMD64E/CLK         n/a            1.064         3.333       2.269      SLICE_X94Y672  orig_mem_reg_r1_0_63_0_6/RAMD/CLK
Min Period        n/a     RAMD64E/CLK         n/a            1.064         3.333       2.269      SLICE_X94Y672  orig_mem_reg_r1_0_63_0_6/RAME/CLK
Min Period        n/a     RAMD64E/CLK         n/a            1.064         3.333       2.269      SLICE_X94Y672  orig_mem_reg_r1_0_63_0_6/RAMF/CLK
Min Period        n/a     RAMD64E/CLK         n/a            1.064         3.333       2.269      SLICE_X94Y672  orig_mem_reg_r1_0_63_0_6/RAMG/CLK
Min Period        n/a     RAMD64E/CLK         n/a            1.064         3.333       2.269      SLICE_X94Y672  orig_mem_reg_r1_0_63_0_6/RAMH/CLK
Low Pulse Width   Slow    RAMB18E2/CLKARDCLK  n/a            0.542         1.666       1.124      RAMB18_X5Y270  u_mem/mem_reg_bram_0/CLKARDCLK
Low Pulse Width   Fast    RAMB18E2/CLKARDCLK  n/a            0.542         1.666       1.124      RAMB18_X5Y270  u_mem/mem_reg_bram_0/CLKARDCLK
Low Pulse Width   Slow    RAMB18E2/CLKBWRCLK  n/a            0.542         1.667       1.125      RAMB18_X5Y270  u_mem/mem_reg_bram_0/CLKBWRCLK
Low Pulse Width   Fast    RAMB18E2/CLKBWRCLK  n/a            0.542         1.666       1.124      RAMB18_X5Y270  u_mem/mem_reg_bram_0/CLKBWRCLK
Low Pulse Width   Slow    RAMD64E/CLK         n/a            0.532         1.667       1.135      SLICE_X94Y672  orig_mem_reg_r1_0_63_0_6/RAMA/CLK
Low Pulse Width   Fast    RAMD64E/CLK         n/a            0.532         1.666       1.134      SLICE_X94Y672  orig_mem_reg_r1_0_63_0_6/RAMA/CLK
Low Pulse Width   Slow    RAMD64E/CLK         n/a            0.532         1.667       1.135      SLICE_X94Y672  orig_mem_reg_r1_0_63_0_6/RAMB/CLK
Low Pulse Width   Fast    RAMD64E/CLK         n/a            0.532         1.666       1.134      SLICE_X94Y672  orig_mem_reg_r1_0_63_0_6/RAMB/CLK
Low Pulse Width   Slow    RAMD64E/CLK         n/a            0.532         1.667       1.135      SLICE_X94Y672  orig_mem_reg_r1_0_63_0_6/RAMC/CLK
Low Pulse Width   Fast    RAMD64E/CLK         n/a            0.532         1.666       1.134      SLICE_X94Y672  orig_mem_reg_r1_0_63_0_6/RAMC/CLK
High Pulse Width  Slow    RAMB18E2/CLKARDCLK  n/a            0.542         1.666       1.124      RAMB18_X5Y270  u_mem/mem_reg_bram_0/CLKARDCLK
High Pulse Width  Fast    RAMB18E2/CLKARDCLK  n/a            0.542         1.666       1.124      RAMB18_X5Y270  u_mem/mem_reg_bram_0/CLKARDCLK
High Pulse Width  Slow    RAMB18E2/CLKBWRCLK  n/a            0.542         1.666       1.124      RAMB18_X5Y270  u_mem/mem_reg_bram_0/CLKBWRCLK
High Pulse Width  Fast    RAMB18E2/CLKBWRCLK  n/a            0.542         1.666       1.124      RAMB18_X5Y270  u_mem/mem_reg_bram_0/CLKBWRCLK
High Pulse Width  Slow    RAMD64E/CLK         n/a            0.532         1.666       1.134      SLICE_X94Y672  orig_mem_reg_r1_0_63_0_6/RAMA/CLK
High Pulse Width  Fast    RAMD64E/CLK         n/a            0.532         1.666       1.134      SLICE_X94Y672  orig_mem_reg_r1_0_63_0_6/RAMA/CLK
High Pulse Width  Slow    RAMD64E/CLK         n/a            0.532         1.666       1.134      SLICE_X94Y672  orig_mem_reg_r1_0_63_0_6/RAMB/CLK
High Pulse Width  Fast    RAMD64E/CLK         n/a            0.532         1.666       1.134      SLICE_X94Y672  orig_mem_reg_r1_0_63_0_6/RAMB/CLK
High Pulse Width  Slow    RAMD64E/CLK         n/a            0.532         1.666       1.134      SLICE_X94Y672  orig_mem_reg_r1_0_63_0_6/RAMC/CLK
High Pulse Width  Fast    RAMD64E/CLK         n/a            0.532         1.666       1.134      SLICE_X94Y672  orig_mem_reg_r1_0_63_0_6/RAMC/CLK



--------------------------------------------------------------------------------------
Path Group:  (none)
From Clock:  
  To Clock:  

Max Delay            12 Endpoints
Min Delay            12 Endpoints
--------------------------------------------------------------------------------------


Max Delay Paths
--------------------------------------------------------------------------------------
Slack:                    inf
  Source:                 ext_addr[0]
                            (input port)
  Destination:            ext_dout[5]
                            (output port)
  Path Group:             (none)
  Path Type:              Max at Slow Process Corner
  Data Path Delay:        0.905ns  (logic 0.453ns (50.055%)  route 0.452ns (49.945%))
  Logic Levels:           3  (LUT3=1 LUT6=1 RAMD64E=1)

    Location             Delay type                Incr(ns)  Path(ns)    Netlist Resource(s)
  -------------------------------------------------------------------    -------------------
                                                      0.000     0.000 r  ext_addr[0] (IN)
                         net (fo=57, unset)           0.000     0.000    orig_mem_reg_r1_0_63_0_6/ADDRF0
    SLICE_X94Y672        RAMD64E (Prop_F6LUT_SLICEM_RADR0_O)
                                                      0.148     0.148 r  orig_mem_reg_r1_0_63_0_6/RAMF/O
                         net (fo=1, routed)           0.373     0.521    u_mem/ext_dout[5]_2
    SLICE_X96Y672        LUT6 (Prop_E6LUT_SLICEL_I5_O)
                                                      0.147     0.668 r  u_mem/ext_dout[5]_INST_0_i_1/O
                         net (fo=1, routed)           0.056     0.724    u_mem/orig_dout_c[5]
    SLICE_X96Y672        LUT3 (Prop_C5LUT_SLICEL_I0_O)
                                                      0.158     0.882 r  u_mem/ext_dout[5]_INST_0/O
                         net (fo=0)                   0.023     0.905    ext_dout[5]
                                                                      r  ext_dout[5] (OUT)
  -------------------------------------------------------------------    -------------------

Slack:                    inf
  Source:                 ext_addr[0]
                            (input port)
  Destination:            ext_dout[9]
                            (output port)
  Path Group:             (none)
  Path Type:              Max at Slow Process Corner
  Data Path Delay:        0.894ns  (logic 0.405ns (45.302%)  route 0.489ns (54.698%))
  Logic Levels:           3  (LUT3=1 LUT6=1 RAMD64E=1)

    Location             Delay type                Incr(ns)  Path(ns)    Netlist Resource(s)
  -------------------------------------------------------------------    -------------------
                                                      0.000     0.000 r  ext_addr[0] (IN)
                         net (fo=57, unset)           0.000     0.000    orig_mem_reg_r1_64_127_7_11/ADDRC0
    SLICE_X95Y676        RAMD64E (Prop_C6LUT_SLICEM_RADR0_O)
                                                      0.145     0.145 r  orig_mem_reg_r1_64_127_7_11/RAMC/O
                         net (fo=1, routed)           0.206     0.351    u_mem/ext_dout[9]_1
    SLICE_X94Y677        LUT6 (Prop_G6LUT_SLICEM_I3_O)
                                                      0.150     0.501 r  u_mem/ext_dout[9]_INST_0_i_1/O
                         net (fo=1, routed)           0.248     0.749    u_mem/orig_dout_c[9]
    SLICE_X94Y677        LUT3 (Prop_D5LUT_SLICEM_I0_O)
                                                      0.110     0.859 r  u_mem/ext_dout[9]_INST_0/O
                         net (fo=0)                   0.035     0.894    ext_dout[9]
                                                                      r  ext_dout[9] (OUT)
  -------------------------------------------------------------------    -------------------

Slack:                    inf
  Source:                 ext_addr[0]
                            (input port)
  Destination:            ext_dout[2]
                            (output port)
  Path Group:             (none)
  Path Type:              Max at Slow Process Corner
  Data Path Delay:        0.875ns  (logic 0.334ns (38.171%)  route 0.541ns (61.829%))
  Logic Levels:           3  (LUT3=1 LUT6=1 RAMD64E=1)

    Location             Delay type                Incr(ns)  Path(ns)    Netlist Resource(s)
  -------------------------------------------------------------------    -------------------
                                                      0.000     0.000 r  ext_addr[0] (IN)
                         net (fo=57, unset)           0.000     0.000    orig_mem_reg_r1_0_63_0_6/ADDRC0
    SLICE_X94Y672        RAMD64E (Prop_C6LUT_SLICEM_RADR0_O)
                                                      0.145     0.145 r  orig_mem_reg_r1_0_63_0_6/RAMC/O
                         net (fo=1, routed)           0.360     0.505    u_mem/ext_dout[2]_2
    SLICE_X96Y672        LUT6 (Prop_H6LUT_SLICEL_I5_O)
                                                      0.090     0.595 r  u_mem/ext_dout[2]_INST_0_i_1/O
                         net (fo=1, routed)           0.181     0.776    u_mem/orig_dout_c[2]
    SLICE_X96Y672        LUT3 (Prop_D6LUT_SLICEL_I0_O)
                                                      0.099     0.875 r  u_mem/ext_dout[2]_INST_0/O
                         net (fo=0)                   0.000     0.875    ext_dout[2]
                                                                      r  ext_dout[2] (OUT)
  -------------------------------------------------------------------    -------------------

Slack:                    inf
  Source:                 ext_addr[0]
                            (input port)
  Destination:            ext_dout[1]
                            (output port)
  Path Group:             (none)
  Path Type:              Max at Slow Process Corner
  Data Path Delay:        0.855ns  (logic 0.404ns (47.251%)  route 0.451ns (52.749%))
  Logic Levels:           3  (LUT3=1 LUT6=1 RAMD64E=1)

    Location             Delay type                Incr(ns)  Path(ns)    Netlist Resource(s)
  -------------------------------------------------------------------    -------------------
                                                      0.000     0.000 r  ext_addr[0] (IN)
                         net (fo=57, unset)           0.000     0.000    orig_mem_reg_r1_64_127_0_6/ADDRB0
    SLICE_X95Y671        RAMD64E (Prop_B6LUT_SLICEM_RADR0_O)
                                                      0.149     0.149 r  orig_mem_reg_r1_64_127_0_6/RAMB/O
                         net (fo=1, routed)           0.358     0.507    u_mem/ext_dout[1]_1
    SLICE_X94Y673        LUT6 (Prop_F6LUT_SLICEM_I3_O)
                                                      0.088     0.595 r  u_mem/ext_dout[1]_INST_0_i_1/O
                         net (fo=1, routed)           0.062     0.657    u_mem/orig_dout_c[1]
    SLICE_X94Y673        LUT3 (Prop_B5LUT_SLICEM_I0_O)
                                                      0.167     0.824 r  u_mem/ext_dout[1]_INST_0/O
                         net (fo=0)                   0.031     0.855    ext_dout[1]
                                                                      r  ext_dout[1] (OUT)
  -------------------------------------------------------------------    -------------------

Slack:                    inf
  Source:                 ext_addr[0]
                            (input port)
  Destination:            ext_dout[11]
                            (output port)
  Path Group:             (none)
  Path Type:              Max at Slow Process Corner
  Data Path Delay:        0.834ns  (logic 0.337ns (40.408%)  route 0.497ns (59.592%))
  Logic Levels:           3  (LUT3=1 LUT6=1 RAMD64E=1)

    Location             Delay type                Incr(ns)  Path(ns)    Netlist Resource(s)
  -------------------------------------------------------------------    -------------------
                                                      0.000     0.000 r  ext_addr[0] (IN)
                         net (fo=57, unset)           0.000     0.000    orig_mem_reg_r1_128_191_7_11/ADDRE0
    SLICE_X94Y676        RAMD64E (Prop_E6LUT_SLICEM_RADR0_O)
                                                      0.148     0.148 r  orig_mem_reg_r1_128_191_7_11/RAME/O
                         net (fo=1, routed)           0.246     0.394    u_mem/ext_dout[11]_0
    SLICE_X96Y675        LUT6 (Prop_G6LUT_SLICEL_I1_O)
                                                      0.123     0.517 r  u_mem/ext_dout[11]_INST_0_i_1/O
                         net (fo=1, routed)           0.230     0.747    u_mem/orig_dout_c[11]
    SLICE_X96Y675        LUT3 (Prop_D5LUT_SLICEL_I0_O)
                                                      0.066     0.813 r  u_mem/ext_dout[11]_INST_0/O
                         net (fo=0)                   0.021     0.834    ext_dout[11]
                                                                      r  ext_dout[11] (OUT)
  -------------------------------------------------------------------    -------------------

Slack:                    inf
  Source:                 ext_addr[0]
                            (input port)
  Destination:            ext_dout[6]
                            (output port)
  Path Group:             (none)
  Path Type:              Max at Slow Process Corner
  Data Path Delay:        0.821ns  (logic 0.290ns (35.323%)  route 0.531ns (64.677%))
  Logic Levels:           3  (LUT3=1 LUT6=1 RAMD64E=1)

    Location             Delay type                Incr(ns)  Path(ns)    Netlist Resource(s)
  -------------------------------------------------------------------    -------------------
                                                      0.000     0.000 r  ext_addr[0] (IN)
                         net (fo=57, unset)           0.000     0.000    orig_mem_reg_r1_0_63_0_6/ADDRG0
    SLICE_X94Y672        RAMD64E (Prop_G6LUT_SLICEM_RADR0_O)
                                                      0.150     0.150 r  orig_mem_reg_r1_0_63_0_6/RAMG/O
                         net (fo=1, routed)           0.340     0.490    u_mem/ext_dout[6]_2
    SLICE_X96Y672        LUT6 (Prop_B6LUT_SLICEL_I5_O)
                                                      0.090     0.580 r  u_mem/ext_dout[6]_INST_0_i_1/O
                         net (fo=1, routed)           0.191     0.771    u_mem/orig_dout_c[6]
    SLICE_X96Y675        LUT3 (Prop_C6LUT_SLICEL_I0_O)
                                                      0.050     0.821 r  u_mem/ext_dout[6]_INST_0/O
                         net (fo=0)                   0.000     0.821    ext_dout[6]
                                                                      r  ext_dout[6] (OUT)
  -------------------------------------------------------------------    -------------------

Slack:                    inf
  Source:                 ext_addr[0]
                            (input port)
  Destination:            ext_dout[3]
                            (output port)
  Path Group:             (none)
  Path Type:              Max at Slow Process Corner
  Data Path Delay:        0.802ns  (logic 0.425ns (52.993%)  route 0.377ns (47.007%))
  Logic Levels:           3  (LUT3=1 LUT6=1 RAMD64E=1)

    Location             Delay type                Incr(ns)  Path(ns)    Netlist Resource(s)
  -------------------------------------------------------------------    -------------------
                                                      0.000     0.000 r  ext_addr[0] (IN)
                         net (fo=57, unset)           0.000     0.000    orig_mem_reg_r1_128_191_0_6/ADDRD0
    SLICE_X95Y673        RAMD64E (Prop_D6LUT_SLICEM_RADR0_O)
                                                      0.145     0.145 r  orig_mem_reg_r1_128_191_0_6/RAMD/O
                         net (fo=1, routed)           0.183     0.328    u_mem/ext_dout[3]_0
    SLICE_X96Y672        LUT6 (Prop_G6LUT_SLICEL_I1_O)
                                                      0.123     0.451 r  u_mem/ext_dout[3]_INST_0_i_1/O
                         net (fo=1, routed)           0.173     0.624    u_mem/orig_dout_c[3]
    SLICE_X96Y672        LUT3 (Prop_D5LUT_SLICEL_I0_O)
                                                      0.157     0.781 r  u_mem/ext_dout[3]_INST_0/O
                         net (fo=0)                   0.021     0.802    ext_dout[3]
                                                                      r  ext_dout[3] (OUT)
  -------------------------------------------------------------------    -------------------

Slack:                    inf
  Source:                 ext_addr[0]
                            (input port)
  Destination:            ext_dout[10]
                            (output port)
  Path Group:             (none)
  Path Type:              Max at Slow Process Corner
  Data Path Delay:        0.786ns  (logic 0.394ns (50.127%)  route 0.392ns (49.873%))
  Logic Levels:           3  (LUT3=1 LUT6=1 RAMD64E=1)

    Location             Delay type                Incr(ns)  Path(ns)    Netlist Resource(s)
  -------------------------------------------------------------------    -------------------
                                                      0.000     0.000 r  ext_addr[0] (IN)
                         net (fo=57, unset)           0.000     0.000    orig_mem_reg_r1_0_63_7_11/ADDRD0
    SLICE_X94Y675        RAMD64E (Prop_D6LUT_SLICEM_RADR0_O)
                                                      0.145     0.145 r  orig_mem_reg_r1_0_63_7_11/RAMD/O
                         net (fo=1, routed)           0.303     0.448    u_mem/ext_dout[10]_2
    SLICE_X96Y675        LUT6 (Prop_H6LUT_SLICEL_I5_O)
                                                      0.150     0.598 r  u_mem/ext_dout[10]_INST_0_i_1/O
                         net (fo=1, routed)           0.089     0.687    u_mem/orig_dout_c[10]
    SLICE_X96Y675        LUT3 (Prop_D6LUT_SLICEL_I0_O)
                                                      0.099     0.786 r  u_mem/ext_dout[10]_INST_0/O
                         net (fo=0)                   0.000     0.786    ext_dout[10]
                                                                      r  ext_dout[10] (OUT)
  -------------------------------------------------------------------    -------------------

Slack:                    inf
  Source:                 ext_addr[0]
                            (input port)
  Destination:            ext_dout[8]
                            (output port)
  Path Group:             (none)
  Path Type:              Max at Slow Process Corner
  Data Path Delay:        0.777ns  (logic 0.396ns (50.965%)  route 0.381ns (49.035%))
  Logic Levels:           3  (LUT3=1 LUT6=1 RAMD64E=1)

    Location             Delay type                Incr(ns)  Path(ns)    Netlist Resource(s)
  -------------------------------------------------------------------    -------------------
                                                      0.000     0.000 r  ext_addr[0] (IN)
                         net (fo=57, unset)           0.000     0.000    orig_mem_reg_r1_192_255_7_11/ADDRB0
    SLICE_X95Y675        RAMD64E (Prop_B6LUT_SLICEM_RADR0_O)
                                                      0.149     0.149 r  orig_mem_reg_r1_192_255_7_11/RAMB/O
                         net (fo=1, routed)           0.284     0.433    u_mem/ext_dout_8_sn_1
    SLICE_X94Y677        LUT6 (Prop_H6LUT_SLICEM_I0_O)
                                                      0.125     0.558 r  u_mem/ext_dout[8]_INST_0_i_1/O
                         net (fo=1, routed)           0.097     0.655    u_mem/orig_dout_c[8]
    SLICE_X94Y677        LUT3 (Prop_D6LUT_SLICEM_I0_O)
                                                      0.122     0.777 r  u_mem/ext_dout[8]_INST_0/O
                         net (fo=0)                   0.000     0.777    ext_dout[8]
                                                                      r  ext_dout[8] (OUT)
  -------------------------------------------------------------------    -------------------

Slack:                    inf
  Source:                 ext_addr[0]
                            (input port)
  Destination:            ext_dout[4]
                            (output port)
  Path Group:             (none)
  Path Type:              Max at Slow Process Corner
  Data Path Delay:        0.752ns  (logic 0.394ns (52.394%)  route 0.358ns (47.606%))
  Logic Levels:           3  (LUT3=1 LUT6=1 RAMD64E=1)

    Location             Delay type                Incr(ns)  Path(ns)    Netlist Resource(s)
  -------------------------------------------------------------------    -------------------
                                                      0.000     0.000 r  ext_addr[0] (IN)
                         net (fo=57, unset)           0.000     0.000    orig_mem_reg_r1_64_127_0_6/ADDRE0
    SLICE_X95Y671        RAMD64E (Prop_E6LUT_SLICEM_RADR0_O)
                                                      0.148     0.148 r  orig_mem_reg_r1_64_127_0_6/RAME/O
                         net (fo=1, routed)           0.204     0.352    u_mem/ext_dout[4]_1
    SLICE_X96Y672        LUT6 (Prop_F6LUT_SLICEL_I3_O)
                                                      0.123     0.475 r  u_mem/ext_dout[4]_INST_0_i_1/O
                         net (fo=1, routed)           0.154     0.629    u_mem/orig_dout_c[4]
    SLICE_X96Y672        LUT3 (Prop_C6LUT_SLICEL_I0_O)
                                                      0.123     0.752 r  u_mem/ext_dout[4]_INST_0/O
                         net (fo=0)                   0.000     0.752    ext_dout[4]
                                                                      r  ext_dout[4] (OUT)
  -------------------------------------------------------------------    -------------------





Min Delay Paths
--------------------------------------------------------------------------------------
Slack:                    inf
  Source:                 ext_addr_sel
                            (input port)
  Destination:            ext_dout[0]
                            (output port)
  Path Group:             (none)
  Path Type:              Min at Fast Process Corner
  Data Path Delay:        0.035ns  (logic 0.035ns (100.000%)  route 0.000ns (0.000%))
  Logic Levels:           1  (LUT3=1)

    Location             Delay type                Incr(ns)  Path(ns)    Netlist Resource(s)
  -------------------------------------------------------------------    -------------------
                                                      0.000     0.000 r  ext_addr_sel (IN)
                         net (fo=11, unset)           0.000     0.000    u_mem/ext_addr_sel
    SLICE_X94Y673        LUT3 (Prop_B6LUT_SLICEM_I1_O)
                                                      0.035     0.035 r  u_mem/ext_dout[0]_INST_0/O
                         net (fo=0)                   0.000     0.035    ext_dout[0]
                                                                      r  ext_dout[0] (OUT)
  -------------------------------------------------------------------    -------------------

Slack:                    inf
  Source:                 ext_addr_sel
                            (input port)
  Destination:            ext_dout[10]
                            (output port)
  Path Group:             (none)
  Path Type:              Min at Fast Process Corner
  Data Path Delay:        0.035ns  (logic 0.035ns (100.000%)  route 0.000ns (0.000%))
  Logic Levels:           1  (LUT3=1)

    Location             Delay type                Incr(ns)  Path(ns)    Netlist Resource(s)
  -------------------------------------------------------------------    -------------------
                                                      0.000     0.000 r  ext_addr_sel (IN)
                         net (fo=11, unset)           0.000     0.000    u_mem/ext_addr_sel
    SLICE_X96Y675        LUT3 (Prop_D6LUT_SLICEL_I1_O)
                                                      0.035     0.035 r  u_mem/ext_dout[10]_INST_0/O
                         net (fo=0)                   0.000     0.035    ext_dout[10]
                                                                      r  ext_dout[10] (OUT)
  -------------------------------------------------------------------    -------------------

Slack:                    inf
  Source:                 ext_addr_sel
                            (input port)
  Destination:            ext_dout[2]
                            (output port)
  Path Group:             (none)
  Path Type:              Min at Fast Process Corner
  Data Path Delay:        0.035ns  (logic 0.035ns (100.000%)  route 0.000ns (0.000%))
  Logic Levels:           1  (LUT3=1)

    Location             Delay type                Incr(ns)  Path(ns)    Netlist Resource(s)
  -------------------------------------------------------------------    -------------------
                                                      0.000     0.000 r  ext_addr_sel (IN)
                         net (fo=11, unset)           0.000     0.000    u_mem/ext_addr_sel
    SLICE_X96Y672        LUT3 (Prop_D6LUT_SLICEL_I1_O)
                                                      0.035     0.035 r  u_mem/ext_dout[2]_INST_0/O
                         net (fo=0)                   0.000     0.035    ext_dout[2]
                                                                      r  ext_dout[2] (OUT)
  -------------------------------------------------------------------    -------------------

Slack:                    inf
  Source:                 ext_addr_sel
                            (input port)
  Destination:            ext_dout[4]
                            (output port)
  Path Group:             (none)
  Path Type:              Min at Fast Process Corner
  Data Path Delay:        0.035ns  (logic 0.035ns (100.000%)  route 0.000ns (0.000%))
  Logic Levels:           1  (LUT3=1)

    Location             Delay type                Incr(ns)  Path(ns)    Netlist Resource(s)
  -------------------------------------------------------------------    -------------------
                                                      0.000     0.000 r  ext_addr_sel (IN)
                         net (fo=11, unset)           0.000     0.000    u_mem/ext_addr_sel
    SLICE_X96Y672        LUT3 (Prop_C6LUT_SLICEL_I1_O)
                                                      0.035     0.035 r  u_mem/ext_dout[4]_INST_0/O
                         net (fo=0)                   0.000     0.035    ext_dout[4]
                                                                      r  ext_dout[4] (OUT)
  -------------------------------------------------------------------    -------------------

Slack:                    inf
  Source:                 ext_addr_sel
                            (input port)
  Destination:            ext_dout[6]
                            (output port)
  Path Group:             (none)
  Path Type:              Min at Fast Process Corner
  Data Path Delay:        0.035ns  (logic 0.035ns (100.000%)  route 0.000ns (0.000%))
  Logic Levels:           1  (LUT3=1)

    Location             Delay type                Incr(ns)  Path(ns)    Netlist Resource(s)
  -------------------------------------------------------------------    -------------------
                                                      0.000     0.000 r  ext_addr_sel (IN)
                         net (fo=11, unset)           0.000     0.000    u_mem/ext_addr_sel
    SLICE_X96Y675        LUT3 (Prop_C6LUT_SLICEL_I1_O)
                                                      0.035     0.035 r  u_mem/ext_dout[6]_INST_0/O
                         net (fo=0)                   0.000     0.035    ext_dout[6]
                                                                      r  ext_dout[6] (OUT)
  -------------------------------------------------------------------    -------------------

Slack:                    inf
  Source:                 ext_addr_sel
                            (input port)
  Destination:            ext_dout[8]
                            (output port)
  Path Group:             (none)
  Path Type:              Min at Fast Process Corner
  Data Path Delay:        0.035ns  (logic 0.035ns (100.000%)  route 0.000ns (0.000%))
  Logic Levels:           1  (LUT3=1)

    Location             Delay type                Incr(ns)  Path(ns)    Netlist Resource(s)
  -------------------------------------------------------------------    -------------------
                                                      0.000     0.000 r  ext_addr_sel (IN)
                         net (fo=11, unset)           0.000     0.000    u_mem/ext_addr_sel
    SLICE_X94Y677        LUT3 (Prop_D6LUT_SLICEM_I1_O)
                                                      0.035     0.035 r  u_mem/ext_dout[8]_INST_0/O
                         net (fo=0)                   0.000     0.035    ext_dout[8]
                                                                      r  ext_dout[8] (OUT)
  -------------------------------------------------------------------    -------------------

Slack:                    inf
  Source:                 ext_addr_sel
                            (input port)
  Destination:            ext_dout[11]
                            (output port)
  Path Group:             (none)
  Path Type:              Min at Fast Process Corner
  Data Path Delay:        0.047ns  (logic 0.033ns (70.213%)  route 0.014ns (29.787%))
  Logic Levels:           1  (LUT3=1)

    Location             Delay type                Incr(ns)  Path(ns)    Netlist Resource(s)
  -------------------------------------------------------------------    -------------------
                                                      0.000     0.000 r  ext_addr_sel (IN)
                         net (fo=11, unset)           0.000     0.000    u_mem/ext_addr_sel
    SLICE_X96Y675        LUT3 (Prop_D5LUT_SLICEL_I1_O)
                                                      0.033     0.033 r  u_mem/ext_dout[11]_INST_0/O
                         net (fo=0)                   0.014     0.047    ext_dout[11]
                                                                      r  ext_dout[11] (OUT)
  -------------------------------------------------------------------    -------------------

Slack:                    inf
  Source:                 ext_addr_sel
                            (input port)
  Destination:            ext_dout[3]
                            (output port)
  Path Group:             (none)
  Path Type:              Min at Fast Process Corner
  Data Path Delay:        0.047ns  (logic 0.033ns (70.213%)  route 0.014ns (29.787%))
  Logic Levels:           1  (LUT3=1)

    Location             Delay type                Incr(ns)  Path(ns)    Netlist Resource(s)
  -------------------------------------------------------------------    -------------------
                                                      0.000     0.000 r  ext_addr_sel (IN)
                         net (fo=11, unset)           0.000     0.000    u_mem/ext_addr_sel
    SLICE_X96Y672        LUT3 (Prop_D5LUT_SLICEL_I1_O)
                                                      0.033     0.033 r  u_mem/ext_dout[3]_INST_0/O
                         net (fo=0)                   0.014     0.047    ext_dout[3]
                                                                      r  ext_dout[3] (OUT)
  -------------------------------------------------------------------    -------------------

Slack:                    inf
  Source:                 ext_addr_sel
                            (input port)
  Destination:            ext_dout[5]
                            (output port)
  Path Group:             (none)
  Path Type:              Min at Fast Process Corner
  Data Path Delay:        0.048ns  (logic 0.033ns (68.750%)  route 0.015ns (31.250%))
  Logic Levels:           1  (LUT3=1)

    Location             Delay type                Incr(ns)  Path(ns)    Netlist Resource(s)
  -------------------------------------------------------------------    -------------------
                                                      0.000     0.000 r  ext_addr_sel (IN)
                         net (fo=11, unset)           0.000     0.000    u_mem/ext_addr_sel
    SLICE_X96Y672        LUT3 (Prop_C5LUT_SLICEL_I1_O)
                                                      0.033     0.033 r  u_mem/ext_dout[5]_INST_0/O
                         net (fo=0)                   0.015     0.048    ext_dout[5]
                                                                      r  ext_dout[5] (OUT)
  -------------------------------------------------------------------    -------------------

Slack:                    inf
  Source:                 ext_addr_sel
                            (input port)
  Destination:            ext_dout[7]
                            (output port)
  Path Group:             (none)
  Path Type:              Min at Fast Process Corner
  Data Path Delay:        0.048ns  (logic 0.033ns (68.750%)  route 0.015ns (31.250%))
  Logic Levels:           1  (LUT3=1)

    Location             Delay type                Incr(ns)  Path(ns)    Netlist Resource(s)
  -------------------------------------------------------------------    -------------------
                                                      0.000     0.000 r  ext_addr_sel (IN)
                         net (fo=11, unset)           0.000     0.000    u_mem/ext_addr_sel
    SLICE_X96Y675        LUT3 (Prop_C5LUT_SLICEL_I1_O)
                                                      0.033     0.033 r  u_mem/ext_dout[7]_INST_0/O
                         net (fo=0)                   0.015     0.048    ext_dout[7]
                                                                      r  ext_dout[7] (OUT)
  -------------------------------------------------------------------    -------------------





--------------------------------------------------------------------------------------
Path Group:  (none)
From Clock:  clk
  To Clock:  

Max Delay            50 Endpoints
Min Delay            50 Endpoints
--------------------------------------------------------------------------------------


Max Delay Paths
--------------------------------------------------------------------------------------
Slack:                    inf
  Source:                 u_mem/mem_reg_bram_0/CLKBWRCLK
                            (rising edge-triggered cell RAMB18E2 clocked by clk  {rise@0.000ns fall@1.666ns period=3.333ns})
  Destination:            ext_dout[3]
                            (output port)
  Path Group:             (none)
  Path Type:              Max at Slow Process Corner
  Data Path Delay:        1.837ns  (logic 1.032ns (56.190%)  route 0.805ns (43.810%))
  Logic Levels:           1  (LUT3=1)
  Clock Uncertainty:      0.025ns  ((TSJ^2 + TIJ^2)^1/2 + DJ) / 2 + PE
    Total System Jitter     (TSJ):    0.050ns
    Total Input Jitter      (TIJ):    0.000ns
    Discrete Jitter          (DJ):    0.000ns
    Phase Error              (PE):    0.000ns

    Location             Delay type                Incr(ns)  Path(ns)    Netlist Resource(s)
  -------------------------------------------------------------------    -------------------
                         (clock clk rise edge)        0.000     0.000 r  
                                                      0.000     0.000 r  clk (IN)
                         net (fo=428, unset)          0.076     0.076    u_mem/clk
    RAMB18_X5Y270        RAMB18E2                                     r  u_mem/mem_reg_bram_0/CLKBWRCLK
  -------------------------------------------------------------------    -------------------
    RAMB18_X5Y270        RAMB18E2 (Prop_RAMB18E2_L_RAMB180_CLKBWRCLK_DOUTBDOUT[3])
                                                      0.899     0.975 r  u_mem/mem_reg_bram_0/DOUTBDOUT[3]
                         net (fo=13, routed)          0.784     1.759    u_mem/DOUTBDOUT[3]
    SLICE_X96Y672        LUT3 (Prop_D5LUT_SLICEL_I2_O)
                                                      0.133     1.892 r  u_mem/ext_dout[3]_INST_0/O
                         net (fo=0)                   0.021     1.913    ext_dout[3]
                                                                      r  ext_dout[3] (OUT)
  -------------------------------------------------------------------    -------------------

Slack:                    inf
  Source:                 u_mem/mem_reg_bram_0/CLKBWRCLK
                            (rising edge-triggered cell RAMB18E2 clocked by clk  {rise@0.000ns fall@1.666ns period=3.333ns})
  Destination:            ext_dout[7]
                            (output port)
  Path Group:             (none)
  Path Type:              Max at Slow Process Corner
  Data Path Delay:        1.744ns  (logic 0.979ns (56.138%)  route 0.765ns (43.862%))
  Logic Levels:           1  (LUT3=1)
  Clock Uncertainty:      0.025ns  ((TSJ^2 + TIJ^2)^1/2 + DJ) / 2 + PE
    Total System Jitter     (TSJ):    0.050ns
    Total Input Jitter      (TIJ):    0.000ns
    Discrete Jitter          (DJ):    0.000ns
    Phase Error              (PE):    0.000ns

    Location             Delay type                Incr(ns)  Path(ns)    Netlist Resource(s)
  -------------------------------------------------------------------    -------------------
                         (clock clk rise edge)        0.000     0.000 r  
                                                      0.000     0.000 r  clk (IN)
                         net (fo=428, unset)          0.076     0.076    u_mem/clk
    RAMB18_X5Y270        RAMB18E2                                     r  u_mem/mem_reg_bram_0/CLKBWRCLK
  -------------------------------------------------------------------    -------------------
    RAMB18_X5Y270        RAMB18E2 (Prop_RAMB18E2_L_RAMB180_CLKBWRCLK_DOUTBDOUT[7])
                                                      0.869     0.945 r  u_mem/mem_reg_bram_0/DOUTBDOUT[7]
                         net (fo=11, routed)          0.742     1.687    u_mem/DOUTBDOUT[7]
    SLICE_X96Y675        LUT3 (Prop_C5LUT_SLICEL_I2_O)
                                                      0.110     1.797 r  u_mem/ext_dout[7]_INST_0/O
                         net (fo=0)                   0.023     1.820    ext_dout[7]
                                                                      r  ext_dout[7] (OUT)
  -------------------------------------------------------------------    -------------------

Slack:                    inf
  Source:                 u_mem/mem_reg_bram_0/CLKBWRCLK
                            (rising edge-triggered cell RAMB18E2 clocked by clk  {rise@0.000ns fall@1.666ns period=3.333ns})
  Destination:            ext_dout[4]
                            (output port)
  Path Group:             (none)
  Path Type:              Max at Slow Process Corner
  Data Path Delay:        1.715ns  (logic 0.972ns (56.665%)  route 0.743ns (43.335%))
  Logic Levels:           1  (LUT3=1)
  Clock Uncertainty:      0.025ns  ((TSJ^2 + TIJ^2)^1/2 + DJ) / 2 + PE
    Total System Jitter     (TSJ):    0.050ns
    Total Input Jitter      (TIJ):    0.000ns
    Discrete Jitter          (DJ):    0.000ns
    Phase Error              (PE):    0.000ns

    Location             Delay type                Incr(ns)  Path(ns)    Netlist Resource(s)
  -------------------------------------------------------------------    -------------------
                         (clock clk rise edge)        0.000     0.000 r  
                                                      0.000     0.000 r  clk (IN)
                         net (fo=428, unset)          0.076     0.076    u_mem/clk
    RAMB18_X5Y270        RAMB18E2                                     r  u_mem/mem_reg_bram_0/CLKBWRCLK
  -------------------------------------------------------------------    -------------------
    RAMB18_X5Y270        RAMB18E2 (Prop_RAMB18E2_L_RAMB180_CLKBWRCLK_DOUTBDOUT[4])
                                                      0.876     0.952 r  u_mem/mem_reg_bram_0/DOUTBDOUT[4]
                         net (fo=13, routed)          0.743     1.695    u_mem/DOUTBDOUT[4]
    SLICE_X96Y672        LUT3 (Prop_C6LUT_SLICEL_I2_O)
                                                      0.096     1.791 r  u_mem/ext_dout[4]_INST_0/O
                         net (fo=0)                   0.000     1.791    ext_dout[4]
                                                                      r  ext_dout[4] (OUT)
  -------------------------------------------------------------------    -------------------

Slack:                    inf
  Source:                 u_mem/mem_reg_bram_0/CLKBWRCLK
                            (rising edge-triggered cell RAMB18E2 clocked by clk  {rise@0.000ns fall@1.666ns period=3.333ns})
  Destination:            ext_dout[1]
                            (output port)
  Path Group:             (none)
  Path Type:              Max at Slow Process Corner
  Data Path Delay:        1.701ns  (logic 0.978ns (57.506%)  route 0.723ns (42.494%))
  Logic Levels:           1  (LUT3=1)
  Clock Uncertainty:      0.025ns  ((TSJ^2 + TIJ^2)^1/2 + DJ) / 2 + PE
    Total System Jitter     (TSJ):    0.050ns
    Total Input Jitter      (TIJ):    0.000ns
    Discrete Jitter          (DJ):    0.000ns
    Phase Error              (PE):    0.000ns

    Location             Delay type                Incr(ns)  Path(ns)    Netlist Resource(s)
  -------------------------------------------------------------------    -------------------
                         (clock clk rise edge)        0.000     0.000 r  
                                                      0.000     0.000 r  clk (IN)
                         net (fo=428, unset)          0.076     0.076    u_mem/clk
    RAMB18_X5Y270        RAMB18E2                                     r  u_mem/mem_reg_bram_0/CLKBWRCLK
  -------------------------------------------------------------------    -------------------
    RAMB18_X5Y270        RAMB18E2 (Prop_RAMB18E2_L_RAMB180_CLKBWRCLK_DOUTBDOUT[1])
                                                      0.906     0.982 r  u_mem/mem_reg_bram_0/DOUTBDOUT[1]
                         net (fo=12, routed)          0.692     1.674    u_mem/DOUTBDOUT[1]
    SLICE_X94Y673        LUT3 (Prop_B5LUT_SLICEM_I2_O)
                                                      0.072     1.746 r  u_mem/ext_dout[1]_INST_0/O
                         net (fo=0)                   0.031     1.777    ext_dout[1]
                                                                      r  ext_dout[1] (OUT)
  -------------------------------------------------------------------    -------------------

Slack:                    inf
  Source:                 u_mem/mem_reg_bram_0/CLKBWRCLK
                            (rising edge-triggered cell RAMB18E2 clocked by clk  {rise@0.000ns fall@1.666ns period=3.333ns})
  Destination:            ext_dout[0]
                            (output port)
  Path Group:             (none)
  Path Type:              Max at Slow Process Corner
  Data Path Delay:        1.618ns  (logic 1.063ns (65.696%)  route 0.555ns (34.304%))
  Logic Levels:           1  (LUT3=1)
  Clock Uncertainty:      0.025ns  ((TSJ^2 + TIJ^2)^1/2 + DJ) / 2 + PE
    Total System Jitter     (TSJ):    0.050ns
    Total Input Jitter      (TIJ):    0.000ns
    Discrete Jitter          (DJ):    0.000ns
    Phase Error              (PE):    0.000ns

    Location             Delay type                Incr(ns)  Path(ns)    Netlist Resource(s)
  -------------------------------------------------------------------    -------------------
                         (clock clk rise edge)        0.000     0.000 r  
                                                      0.000     0.000 r  clk (IN)
                         net (fo=428, unset)          0.076     0.076    u_mem/clk
    RAMB18_X5Y270        RAMB18E2                                     r  u_mem/mem_reg_bram_0/CLKBWRCLK
  -------------------------------------------------------------------    -------------------
    RAMB18_X5Y270        RAMB18E2 (Prop_RAMB18E2_L_RAMB180_CLKBWRCLK_DOUTBDOUT[0])
                                                      0.963     1.039 r  u_mem/mem_reg_bram_0/DOUTBDOUT[0]
                         net (fo=10, routed)          0.555     1.594    u_mem/DOUTBDOUT[0]
    SLICE_X94Y673        LUT3 (Prop_B6LUT_SLICEM_I2_O)
                                                      0.100     1.694 r  u_mem/ext_dout[0]_INST_0/O
                         net (fo=0)                   0.000     1.694    ext_dout[0]
                                                                      r  ext_dout[0] (OUT)
  -------------------------------------------------------------------    -------------------

Slack:                    inf
  Source:                 u_mem/mem_reg_bram_0/CLKBWRCLK
                            (rising edge-triggered cell RAMB18E2 clocked by clk  {rise@0.000ns fall@1.666ns period=3.333ns})
  Destination:            ext_dout[5]
                            (output port)
  Path Group:             (none)
  Path Type:              Max at Slow Process Corner
  Data Path Delay:        1.593ns  (logic 0.943ns (59.189%)  route 0.650ns (40.811%))
  Logic Levels:           1  (LUT3=1)
  Clock Uncertainty:      0.025ns  ((TSJ^2 + TIJ^2)^1/2 + DJ) / 2 + PE
    Total System Jitter     (TSJ):    0.050ns
    Total Input Jitter      (TIJ):    0.000ns
    Discrete Jitter          (DJ):    0.000ns
    Phase Error              (PE):    0.000ns

    Location             Delay type                Incr(ns)  Path(ns)    Netlist Resource(s)
  -------------------------------------------------------------------    -------------------
                         (clock clk rise edge)        0.000     0.000 r  
                                                      0.000     0.000 r  clk (IN)
                         net (fo=428, unset)          0.076     0.076    u_mem/clk
    RAMB18_X5Y270        RAMB18E2                                     r  u_mem/mem_reg_bram_0/CLKBWRCLK
  -------------------------------------------------------------------    -------------------
    RAMB18_X5Y270        RAMB18E2 (Prop_RAMB18E2_L_RAMB180_CLKBWRCLK_DOUTBDOUT[5])
                                                      0.875     0.951 r  u_mem/mem_reg_bram_0/DOUTBDOUT[5]
                         net (fo=13, routed)          0.627     1.578    u_mem/DOUTBDOUT[5]
    SLICE_X96Y672        LUT3 (Prop_C5LUT_SLICEL_I2_O)
                                                      0.068     1.646 r  u_mem/ext_dout[5]_INST_0/O
                         net (fo=0)                   0.023     1.669    ext_dout[5]
                                                                      r  ext_dout[5] (OUT)
  -------------------------------------------------------------------    -------------------

Slack:                    inf
  Source:                 u_mem/mem_reg_bram_0/CLKBWRCLK
                            (rising edge-triggered cell RAMB18E2 clocked by clk  {rise@0.000ns fall@1.666ns period=3.333ns})
  Destination:            ext_dout[2]
                            (output port)
  Path Group:             (none)
  Path Type:              Max at Slow Process Corner
  Data Path Delay:        1.537ns  (logic 0.940ns (61.140%)  route 0.597ns (38.860%))
  Logic Levels:           1  (LUT3=1)
  Clock Uncertainty:      0.025ns  ((TSJ^2 + TIJ^2)^1/2 + DJ) / 2 + PE
    Total System Jitter     (TSJ):    0.050ns
    Total Input Jitter      (TIJ):    0.000ns
    Discrete Jitter          (DJ):    0.000ns
    Phase Error              (PE):    0.000ns

    Location             Delay type                Incr(ns)  Path(ns)    Netlist Resource(s)
  -------------------------------------------------------------------    -------------------
                         (clock clk rise edge)        0.000     0.000 r  
                                                      0.000     0.000 r  clk (IN)
                         net (fo=428, unset)          0.076     0.076    u_mem/clk
    RAMB18_X5Y270        RAMB18E2                                     r  u_mem/mem_reg_bram_0/CLKBWRCLK
  -------------------------------------------------------------------    -------------------
    RAMB18_X5Y270        RAMB18E2 (Prop_RAMB18E2_L_RAMB180_CLKBWRCLK_DOUTBDOUT[2])
                                                      0.890     0.966 r  u_mem/mem_reg_bram_0/DOUTBDOUT[2]
                         net (fo=13, routed)          0.597     1.563    u_mem/DOUTBDOUT[2]
    SLICE_X96Y672        LUT3 (Prop_D6LUT_SLICEL_I2_O)
                                                      0.050     1.613 r  u_mem/ext_dout[2]_INST_0/O
                         net (fo=0)                   0.000     1.613    ext_dout[2]
                                                                      r  ext_dout[2] (OUT)
  -------------------------------------------------------------------    -------------------

Slack:                    inf
  Source:                 u_mem/mem_reg_bram_0/CLKBWRCLK
                            (rising edge-triggered cell RAMB18E2 clocked by clk  {rise@0.000ns fall@1.666ns period=3.333ns})
  Destination:            ext_dout[10]
                            (output port)
  Path Group:             (none)
  Path Type:              Max at Slow Process Corner
  Data Path Delay:        1.481ns  (logic 1.016ns (68.594%)  route 0.465ns (31.406%))
  Logic Levels:           1  (LUT3=1)
  Clock Uncertainty:      0.025ns  ((TSJ^2 + TIJ^2)^1/2 + DJ) / 2 + PE
    Total System Jitter     (TSJ):    0.050ns
    Total Input Jitter      (TIJ):    0.000ns
    Discrete Jitter          (DJ):    0.000ns
    Phase Error              (PE):    0.000ns

    Location             Delay type                Incr(ns)  Path(ns)    Netlist Resource(s)
  -------------------------------------------------------------------    -------------------
                         (clock clk rise edge)        0.000     0.000 r  
                                                      0.000     0.000 r  clk (IN)
                         net (fo=428, unset)          0.076     0.076    u_mem/clk
    RAMB18_X5Y270        RAMB18E2                                     r  u_mem/mem_reg_bram_0/CLKBWRCLK
  -------------------------------------------------------------------    -------------------
    RAMB18_X5Y270        RAMB18E2 (Prop_RAMB18E2_L_RAMB180_CLKBWRCLK_DOUTBDOUT[10])
                                                      0.870     0.946 r  u_mem/mem_reg_bram_0/DOUTBDOUT[10]
                         net (fo=15, routed)          0.465     1.411    u_mem/DOUTBDOUT[10]
    SLICE_X96Y675        LUT3 (Prop_D6LUT_SLICEL_I2_O)
                                                      0.146     1.557 r  u_mem/ext_dout[10]_INST_0/O
                         net (fo=0)                   0.000     1.557    ext_dout[10]
                                                                      r  ext_dout[10] (OUT)
  -------------------------------------------------------------------    -------------------

Slack:                    inf
  Source:                 u_mem/mem_reg_bram_0/CLKBWRCLK
                            (rising edge-triggered cell RAMB18E2 clocked by clk  {rise@0.000ns fall@1.666ns period=3.333ns})
  Destination:            ext_dout[6]
                            (output port)
  Path Group:             (none)
  Path Type:              Max at Slow Process Corner
  Data Path Delay:        1.472ns  (logic 0.999ns (67.862%)  route 0.473ns (32.138%))
  Logic Levels:           1  (LUT3=1)
  Clock Uncertainty:      0.025ns  ((TSJ^2 + TIJ^2)^1/2 + DJ) / 2 + PE
    Total System Jitter     (TSJ):    0.050ns
    Total Input Jitter      (TIJ):    0.000ns
    Discrete Jitter          (DJ):    0.000ns
    Phase Error              (PE):    0.000ns

    Location             Delay type                Incr(ns)  Path(ns)    Netlist Resource(s)
  -------------------------------------------------------------------    -------------------
                         (clock clk rise edge)        0.000     0.000 r  
                                                      0.000     0.000 r  clk (IN)
                         net (fo=428, unset)          0.076     0.076    u_mem/clk
    RAMB18_X5Y270        RAMB18E2                                     r  u_mem/mem_reg_bram_0/CLKBWRCLK
  -------------------------------------------------------------------    -------------------
    RAMB18_X5Y270        RAMB18E2 (Prop_RAMB18E2_L_RAMB180_CLKBWRCLK_DOUTBDOUT[6])
                                                      0.876     0.952 r  u_mem/mem_reg_bram_0/DOUTBDOUT[6]
                         net (fo=13, routed)          0.473     1.425    u_mem/DOUTBDOUT[6]
    SLICE_X96Y675        LUT3 (Prop_C6LUT_SLICEL_I2_O)
                                                      0.123     1.548 r  u_mem/ext_dout[6]_INST_0/O
                         net (fo=0)                   0.000     1.548    ext_dout[6]
                                                                      r  ext_dout[6] (OUT)
  -------------------------------------------------------------------    -------------------

Slack:                    inf
  Source:                 u_mem/mem_reg_bram_0/CLKBWRCLK
                            (rising edge-triggered cell RAMB18E2 clocked by clk  {rise@0.000ns fall@1.666ns period=3.333ns})
  Destination:            ext_dout[9]
                            (output port)
  Path Group:             (none)
  Path Type:              Max at Slow Process Corner
  Data Path Delay:        1.411ns  (logic 1.017ns (72.062%)  route 0.394ns (27.938%))
  Logic Levels:           1  (LUT3=1)
  Clock Uncertainty:      0.025ns  ((TSJ^2 + TIJ^2)^1/2 + DJ) / 2 + PE
    Total System Jitter     (TSJ):    0.050ns
    Total Input Jitter      (TIJ):    0.000ns
    Discrete Jitter          (DJ):    0.000ns
    Phase Error              (PE):    0.000ns

    Location             Delay type                Incr(ns)  Path(ns)    Netlist Resource(s)
  -------------------------------------------------------------------    -------------------
                         (clock clk rise edge)        0.000     0.000 r  
                                                      0.000     0.000 r  clk (IN)
                         net (fo=428, unset)          0.076     0.076    u_mem/clk
    RAMB18_X5Y270        RAMB18E2                                     r  u_mem/mem_reg_bram_0/CLKBWRCLK
  -------------------------------------------------------------------    -------------------
    RAMB18_X5Y270        RAMB18E2 (Prop_RAMB18E2_L_RAMB180_CLKBWRCLK_DOUTBDOUT[9])
                                                      0.859     0.935 r  u_mem/mem_reg_bram_0/DOUTBDOUT[9]
                         net (fo=11, routed)          0.359     1.294    u_mem/DOUTBDOUT[9]
    SLICE_X94Y677        LUT3 (Prop_D5LUT_SLICEM_I2_O)
                                                      0.158     1.452 r  u_mem/ext_dout[9]_INST_0/O
                         net (fo=0)                   0.035     1.487    ext_dout[9]
                                                                      r  ext_dout[9] (OUT)
  -------------------------------------------------------------------    -------------------





Min Delay Paths
--------------------------------------------------------------------------------------
Slack:                    inf
  Source:                 cycle_cnt_r_reg[13]/C
                            (rising edge-triggered cell FDRE clocked by clk  {rise@0.000ns fall@1.666ns period=3.333ns})
  Destination:            cycle_count[13]
                            (output port)
  Path Group:             (none)
  Path Type:              Min at Fast Process Corner
  Data Path Delay:        0.037ns  (logic 0.037ns (100.000%)  route 0.000ns (0.000%))
  Logic Levels:           0  
  Clock Uncertainty:      0.025ns  ((TSJ^2 + TIJ^2)^1/2 + DJ) / 2 + PE
    Total System Jitter     (TSJ):    0.050ns
    Total Input Jitter      (TIJ):    0.000ns
    Discrete Jitter          (DJ):    0.000ns
    Phase Error              (PE):    0.000ns

    Location             Delay type                Incr(ns)  Path(ns)    Netlist Resource(s)
  -------------------------------------------------------------------    -------------------
                         (clock clk rise edge)        0.000     0.000 r  
                                                      0.000     0.000 r  clk (IN)
                         net (fo=428, unset)          0.013     0.013    clk
    SLICE_X91Y690        FDRE                                         r  cycle_cnt_r_reg[13]/C
  -------------------------------------------------------------------    -------------------
    SLICE_X91Y690        FDRE (Prop_FFF_SLICEM_C_Q)
                                                      0.037     0.050 r  cycle_cnt_r_reg[13]/Q
                         net (fo=1, unset)            0.000     0.050    cycle_count[13]
                                                                      r  cycle_count[13] (OUT)
  -------------------------------------------------------------------    -------------------

Slack:                    inf
  Source:                 cycle_cnt_r_reg[21]/C
                            (rising edge-triggered cell FDRE clocked by clk  {rise@0.000ns fall@1.666ns period=3.333ns})
  Destination:            cycle_count[21]
                            (output port)
  Path Group:             (none)
  Path Type:              Min at Fast Process Corner
  Data Path Delay:        0.037ns  (logic 0.037ns (100.000%)  route 0.000ns (0.000%))
  Logic Levels:           0  
  Clock Uncertainty:      0.025ns  ((TSJ^2 + TIJ^2)^1/2 + DJ) / 2 + PE
    Total System Jitter     (TSJ):    0.050ns
    Total Input Jitter      (TIJ):    0.000ns
    Discrete Jitter          (DJ):    0.000ns
    Phase Error              (PE):    0.000ns

    Location             Delay type                Incr(ns)  Path(ns)    Netlist Resource(s)
  -------------------------------------------------------------------    -------------------
                         (clock clk rise edge)        0.000     0.000 r  
                                                      0.000     0.000 r  clk (IN)
                         net (fo=428, unset)          0.013     0.013    clk
    SLICE_X91Y691        FDRE                                         r  cycle_cnt_r_reg[21]/C
  -------------------------------------------------------------------    -------------------
    SLICE_X91Y691        FDRE (Prop_FFF_SLICEM_C_Q)
                                                      0.037     0.050 r  cycle_cnt_r_reg[21]/Q
                         net (fo=1, unset)            0.000     0.050    cycle_count[21]
                                                                      r  cycle_count[21] (OUT)
  -------------------------------------------------------------------    -------------------

Slack:                    inf
  Source:                 cycle_cnt_r_reg[29]/C
                            (rising edge-triggered cell FDRE clocked by clk  {rise@0.000ns fall@1.666ns period=3.333ns})
  Destination:            cycle_count[29]
                            (output port)
  Path Group:             (none)
  Path Type:              Min at Fast Process Corner
  Data Path Delay:        0.037ns  (logic 0.037ns (100.000%)  route 0.000ns (0.000%))
  Logic Levels:           0  
  Clock Uncertainty:      0.025ns  ((TSJ^2 + TIJ^2)^1/2 + DJ) / 2 + PE
    Total System Jitter     (TSJ):    0.050ns
    Total Input Jitter      (TIJ):    0.000ns
    Discrete Jitter          (DJ):    0.000ns
    Phase Error              (PE):    0.000ns

    Location             Delay type                Incr(ns)  Path(ns)    Netlist Resource(s)
  -------------------------------------------------------------------    -------------------
                         (clock clk rise edge)        0.000     0.000 r  
                                                      0.000     0.000 r  clk (IN)
                         net (fo=428, unset)          0.013     0.013    clk
    SLICE_X91Y692        FDRE                                         r  cycle_cnt_r_reg[29]/C
  -------------------------------------------------------------------    -------------------
    SLICE_X91Y692        FDRE (Prop_FFF_SLICEM_C_Q)
                                                      0.037     0.050 r  cycle_cnt_r_reg[29]/Q
                         net (fo=1, unset)            0.000     0.050    cycle_count[29]
                                                                      r  cycle_count[29] (OUT)
  -------------------------------------------------------------------    -------------------

Slack:                    inf
  Source:                 cycle_cnt_r_reg[5]/C
                            (rising edge-triggered cell FDRE clocked by clk  {rise@0.000ns fall@1.666ns period=3.333ns})
  Destination:            cycle_count[5]
                            (output port)
  Path Group:             (none)
  Path Type:              Min at Fast Process Corner
  Data Path Delay:        0.037ns  (logic 0.037ns (100.000%)  route 0.000ns (0.000%))
  Logic Levels:           0  
  Clock Uncertainty:      0.025ns  ((TSJ^2 + TIJ^2)^1/2 + DJ) / 2 + PE
    Total System Jitter     (TSJ):    0.050ns
    Total Input Jitter      (TIJ):    0.000ns
    Discrete Jitter          (DJ):    0.000ns
    Phase Error              (PE):    0.000ns

    Location             Delay type                Incr(ns)  Path(ns)    Netlist Resource(s)
  -------------------------------------------------------------------    -------------------
                         (clock clk rise edge)        0.000     0.000 r  
                                                      0.000     0.000 r  clk (IN)
                         net (fo=428, unset)          0.013     0.013    clk
    SLICE_X91Y689        FDRE                                         r  cycle_cnt_r_reg[5]/C
  -------------------------------------------------------------------    -------------------
    SLICE_X91Y689        FDRE (Prop_FFF_SLICEM_C_Q)
                                                      0.037     0.050 r  cycle_cnt_r_reg[5]/Q
                         net (fo=1, unset)            0.000     0.050    cycle_count[5]
                                                                      r  cycle_count[5] (OUT)
  -------------------------------------------------------------------    -------------------

Slack:                    inf
  Source:                 cycle_cnt_r_reg[0]/C
                            (rising edge-triggered cell FDRE clocked by clk  {rise@0.000ns fall@1.666ns period=3.333ns})
  Destination:            cycle_count[0]
                            (output port)
  Path Group:             (none)
  Path Type:              Min at Fast Process Corner
  Data Path Delay:        0.038ns  (logic 0.038ns (100.000%)  route 0.000ns (0.000%))
  Logic Levels:           0  
  Clock Uncertainty:      0.025ns  ((TSJ^2 + TIJ^2)^1/2 + DJ) / 2 + PE
    Total System Jitter     (TSJ):    0.050ns
    Total Input Jitter      (TIJ):    0.000ns
    Discrete Jitter          (DJ):    0.000ns
    Phase Error              (PE):    0.000ns

    Location             Delay type                Incr(ns)  Path(ns)    Netlist Resource(s)
  -------------------------------------------------------------------    -------------------
                         (clock clk rise edge)        0.000     0.000 r  
                                                      0.000     0.000 r  clk (IN)
                         net (fo=428, unset)          0.013     0.013    clk
    SLICE_X91Y689        FDRE                                         r  cycle_cnt_r_reg[0]/C
  -------------------------------------------------------------------    -------------------
    SLICE_X91Y689        FDRE (Prop_AFF_SLICEM_C_Q)
                                                      0.038     0.051 r  cycle_cnt_r_reg[0]/Q
                         net (fo=1, unset)            0.000     0.051    cycle_count[0]
                                                                      r  cycle_count[0] (OUT)
  -------------------------------------------------------------------    -------------------

Slack:                    inf
  Source:                 cycle_cnt_r_reg[10]/C
                            (rising edge-triggered cell FDRE clocked by clk  {rise@0.000ns fall@1.666ns period=3.333ns})
  Destination:            cycle_count[10]
                            (output port)
  Path Group:             (none)
  Path Type:              Min at Fast Process Corner
  Data Path Delay:        0.038ns  (logic 0.038ns (100.000%)  route 0.000ns (0.000%))
  Logic Levels:           0  
  Clock Uncertainty:      0.025ns  ((TSJ^2 + TIJ^2)^1/2 + DJ) / 2 + PE
    Total System Jitter     (TSJ):    0.050ns
    Total Input Jitter      (TIJ):    0.000ns
    Discrete Jitter          (DJ):    0.000ns
    Phase Error              (PE):    0.000ns

    Location             Delay type                Incr(ns)  Path(ns)    Netlist Resource(s)
  -------------------------------------------------------------------    -------------------
                         (clock clk rise edge)        0.000     0.000 r  
                                                      0.000     0.000 r  clk (IN)
                         net (fo=428, unset)          0.013     0.013    clk
    SLICE_X91Y690        FDRE                                         r  cycle_cnt_r_reg[10]/C
  -------------------------------------------------------------------    -------------------
    SLICE_X91Y690        FDRE (Prop_CFF_SLICEM_C_Q)
                                                      0.038     0.051 r  cycle_cnt_r_reg[10]/Q
                         net (fo=1, unset)            0.000     0.051    cycle_count[10]
                                                                      r  cycle_count[10] (OUT)
  -------------------------------------------------------------------    -------------------

Slack:                    inf
  Source:                 cycle_cnt_r_reg[12]/C
                            (rising edge-triggered cell FDRE clocked by clk  {rise@0.000ns fall@1.666ns period=3.333ns})
  Destination:            cycle_count[12]
                            (output port)
  Path Group:             (none)
  Path Type:              Min at Fast Process Corner
  Data Path Delay:        0.038ns  (logic 0.038ns (100.000%)  route 0.000ns (0.000%))
  Logic Levels:           0  
  Clock Uncertainty:      0.025ns  ((TSJ^2 + TIJ^2)^1/2 + DJ) / 2 + PE
    Total System Jitter     (TSJ):    0.050ns
    Total Input Jitter      (TIJ):    0.000ns
    Discrete Jitter          (DJ):    0.000ns
    Phase Error              (PE):    0.000ns

    Location             Delay type                Incr(ns)  Path(ns)    Netlist Resource(s)
  -------------------------------------------------------------------    -------------------
                         (clock clk rise edge)        0.000     0.000 r  
                                                      0.000     0.000 r  clk (IN)
                         net (fo=428, unset)          0.013     0.013    clk
    SLICE_X91Y690        FDRE                                         r  cycle_cnt_r_reg[12]/C
  -------------------------------------------------------------------    -------------------
    SLICE_X91Y690        FDRE (Prop_EFF_SLICEM_C_Q)
                                                      0.038     0.051 r  cycle_cnt_r_reg[12]/Q
                         net (fo=1, unset)            0.000     0.051    cycle_count[12]
                                                                      r  cycle_count[12] (OUT)
  -------------------------------------------------------------------    -------------------

Slack:                    inf
  Source:                 cycle_cnt_r_reg[16]/C
                            (rising edge-triggered cell FDRE clocked by clk  {rise@0.000ns fall@1.666ns period=3.333ns})
  Destination:            cycle_count[16]
                            (output port)
  Path Group:             (none)
  Path Type:              Min at Fast Process Corner
  Data Path Delay:        0.038ns  (logic 0.038ns (100.000%)  route 0.000ns (0.000%))
  Logic Levels:           0  
  Clock Uncertainty:      0.025ns  ((TSJ^2 + TIJ^2)^1/2 + DJ) / 2 + PE
    Total System Jitter     (TSJ):    0.050ns
    Total Input Jitter      (TIJ):    0.000ns
    Discrete Jitter          (DJ):    0.000ns
    Phase Error              (PE):    0.000ns

    Location             Delay type                Incr(ns)  Path(ns)    Netlist Resource(s)
  -------------------------------------------------------------------    -------------------
                         (clock clk rise edge)        0.000     0.000 r  
                                                      0.000     0.000 r  clk (IN)
                         net (fo=428, unset)          0.013     0.013    clk
    SLICE_X91Y691        FDRE                                         r  cycle_cnt_r_reg[16]/C
  -------------------------------------------------------------------    -------------------
    SLICE_X91Y691        FDRE (Prop_AFF_SLICEM_C_Q)
                                                      0.038     0.051 r  cycle_cnt_r_reg[16]/Q
                         net (fo=1, unset)            0.000     0.051    cycle_count[16]
                                                                      r  cycle_count[16] (OUT)
  -------------------------------------------------------------------    -------------------

Slack:                    inf
  Source:                 cycle_cnt_r_reg[17]/C
                            (rising edge-triggered cell FDRE clocked by clk  {rise@0.000ns fall@1.666ns period=3.333ns})
  Destination:            cycle_count[17]
                            (output port)
  Path Group:             (none)
  Path Type:              Min at Fast Process Corner
  Data Path Delay:        0.038ns  (logic 0.038ns (100.000%)  route 0.000ns (0.000%))
  Logic Levels:           0  
  Clock Uncertainty:      0.025ns  ((TSJ^2 + TIJ^2)^1/2 + DJ) / 2 + PE
    Total System Jitter     (TSJ):    0.050ns
    Total Input Jitter      (TIJ):    0.000ns
    Discrete Jitter          (DJ):    0.000ns
    Phase Error              (PE):    0.000ns

    Location             Delay type                Incr(ns)  Path(ns)    Netlist Resource(s)
  -------------------------------------------------------------------    -------------------
                         (clock clk rise edge)        0.000     0.000 r  
                                                      0.000     0.000 r  clk (IN)
                         net (fo=428, unset)          0.013     0.013    clk
    SLICE_X91Y691        FDRE                                         r  cycle_cnt_r_reg[17]/C
  -------------------------------------------------------------------    -------------------
    SLICE_X91Y691        FDRE (Prop_BFF_SLICEM_C_Q)
                                                      0.038     0.051 r  cycle_cnt_r_reg[17]/Q
                         net (fo=1, unset)            0.000     0.051    cycle_count[17]
                                                                      r  cycle_count[17] (OUT)
  -------------------------------------------------------------------    -------------------

Slack:                    inf
  Source:                 cycle_cnt_r_reg[18]/C
                            (rising edge-triggered cell FDRE clocked by clk  {rise@0.000ns fall@1.666ns period=3.333ns})
  Destination:            cycle_count[18]
                            (output port)
  Path Group:             (none)
  Path Type:              Min at Fast Process Corner
  Data Path Delay:        0.038ns  (logic 0.038ns (100.000%)  route 0.000ns (0.000%))
  Logic Levels:           0  
  Clock Uncertainty:      0.025ns  ((TSJ^2 + TIJ^2)^1/2 + DJ) / 2 + PE
    Total System Jitter     (TSJ):    0.050ns
    Total Input Jitter      (TIJ):    0.000ns
    Discrete Jitter          (DJ):    0.000ns
    Phase Error              (PE):    0.000ns

    Location             Delay type                Incr(ns)  Path(ns)    Netlist Resource(s)
  -------------------------------------------------------------------    -------------------
                         (clock clk rise edge)        0.000     0.000 r  
                                                      0.000     0.000 r  clk (IN)
                         net (fo=428, unset)          0.013     0.013    clk
    SLICE_X91Y691        FDRE                                         r  cycle_cnt_r_reg[18]/C
  -------------------------------------------------------------------    -------------------
    SLICE_X91Y691        FDRE (Prop_CFF_SLICEM_C_Q)
                                                      0.038     0.051 r  cycle_cnt_r_reg[18]/Q
                         net (fo=1, unset)            0.000     0.051    cycle_count[18]
                                                                      r  cycle_count[18] (OUT)
  -------------------------------------------------------------------    -------------------





--------------------------------------------------------------------------------------
Path Group:  (none)
From Clock:  
  To Clock:  clk

Max Delay           325 Endpoints
Min Delay           325 Endpoints
--------------------------------------------------------------------------------------


Max Delay Paths
--------------------------------------------------------------------------------------
Slack:                    inf
  Source:                 rst
                            (input port)
  Destination:            orig_mem_reg_r2_0_63_7_11/RAMA/WE
                            (rising edge-triggered cell RAMD64E clocked by clk  {rise@0.000ns fall@1.666ns period=3.333ns})
  Path Group:             (none)
  Path Type:              Setup (Max at Slow Process Corner)
  Data Path Delay:        1.380ns  (logic 0.209ns (15.142%)  route 1.171ns (84.858%))
  Logic Levels:           2  (LUT3=1 LUT5=1)
  Clock Path Skew:        0.043ns (DCD - SCD + CPR)
    Destination Clock Delay (DCD):    0.043ns
    Source Clock Delay      (SCD):    0.000ns
    Clock Pessimism Removal (CPR):    0.000ns
  Clock Uncertainty:      0.025ns  ((TSJ^2 + TIJ^2)^1/2 + DJ) / 2 + PE
    Total System Jitter     (TSJ):    0.050ns
    Total Input Jitter      (TIJ):    0.000ns
    Discrete Jitter          (DJ):    0.000ns
    Phase Error              (PE):    0.000ns

    Location             Delay type                Incr(ns)  Path(ns)    Netlist Resource(s)
  -------------------------------------------------------------------    -------------------
                                                      0.000     0.000 f  rst (IN)
                         net (fo=138, unset)          0.000     0.000    rst
    SLICE_X92Y679        LUT5 (Prop_C5LUT_SLICEL_I3_O)
                                                      0.158     0.158 r  orig_mem_reg_r1_0_63_0_6_i_13/O
                         net (fo=4, routed)           0.314     0.472    p_0_in0_out
    SLICE_X93Y678        LUT3 (Prop_B6LUT_SLICEL_I0_O)
                                                      0.051     0.523 r  orig_mem_reg_r1_0_63_0_6_i_8/O
                         net (fo=32, routed)          0.858     1.380    orig_mem_reg_r2_0_63_7_11/WE
    SLICE_X91Y675        RAMD64E                                      r  orig_mem_reg_r2_0_63_7_11/RAMA/WE
  -------------------------------------------------------------------    -------------------

                         (clock clk rise edge)        0.000     0.000 r  
                                                      0.000     0.000 r  clk (IN)
                         net (fo=428, unset)          0.043     0.043    orig_mem_reg_r2_0_63_7_11/WCLK
    SLICE_X91Y675        RAMD64E                                      r  orig_mem_reg_r2_0_63_7_11/RAMA/CLK

Slack:                    inf
  Source:                 rst
                            (input port)
  Destination:            orig_mem_reg_r2_0_63_7_11/RAMB/WE
                            (rising edge-triggered cell RAMD64E clocked by clk  {rise@0.000ns fall@1.666ns period=3.333ns})
  Path Group:             (none)
  Path Type:              Setup (Max at Slow Process Corner)
  Data Path Delay:        1.380ns  (logic 0.209ns (15.142%)  route 1.171ns (84.858%))
  Logic Levels:           2  (LUT3=1 LUT5=1)
  Clock Path Skew:        0.043ns (DCD - SCD + CPR)
    Destination Clock Delay (DCD):    0.043ns
    Source Clock Delay      (SCD):    0.000ns
    Clock Pessimism Removal (CPR):    0.000ns
  Clock Uncertainty:      0.025ns  ((TSJ^2 + TIJ^2)^1/2 + DJ) / 2 + PE
    Total System Jitter     (TSJ):    0.050ns
    Total Input Jitter      (TIJ):    0.000ns
    Discrete Jitter          (DJ):    0.000ns
    Phase Error              (PE):    0.000ns

    Location             Delay type                Incr(ns)  Path(ns)    Netlist Resource(s)
  -------------------------------------------------------------------    -------------------
                                                      0.000     0.000 f  rst (IN)
                         net (fo=138, unset)          0.000     0.000    rst
    SLICE_X92Y679        LUT5 (Prop_C5LUT_SLICEL_I3_O)
                                                      0.158     0.158 r  orig_mem_reg_r1_0_63_0_6_i_13/O
                         net (fo=4, routed)           0.314     0.472    p_0_in0_out
    SLICE_X93Y678        LUT3 (Prop_B6LUT_SLICEL_I0_O)
                                                      0.051     0.523 r  orig_mem_reg_r1_0_63_0_6_i_8/O
                         net (fo=32, routed)          0.858     1.380    orig_mem_reg_r2_0_63_7_11/WE
    SLICE_X91Y675        RAMD64E                                      r  orig_mem_reg_r2_0_63_7_11/RAMB/WE
  -------------------------------------------------------------------    -------------------

                         (clock clk rise edge)        0.000     0.000 r  
                                                      0.000     0.000 r  clk (IN)
                         net (fo=428, unset)          0.043     0.043    orig_mem_reg_r2_0_63_7_11/WCLK
    SLICE_X91Y675        RAMD64E                                      r  orig_mem_reg_r2_0_63_7_11/RAMB/CLK

Slack:                    inf
  Source:                 rst
                            (input port)
  Destination:            orig_mem_reg_r2_0_63_7_11/RAMC/WE
                            (rising edge-triggered cell RAMD64E clocked by clk  {rise@0.000ns fall@1.666ns period=3.333ns})
  Path Group:             (none)
  Path Type:              Setup (Max at Slow Process Corner)
  Data Path Delay:        1.380ns  (logic 0.209ns (15.142%)  route 1.171ns (84.858%))
  Logic Levels:           2  (LUT3=1 LUT5=1)
  Clock Path Skew:        0.043ns (DCD - SCD + CPR)
    Destination Clock Delay (DCD):    0.043ns
    Source Clock Delay      (SCD):    0.000ns
    Clock Pessimism Removal (CPR):    0.000ns
  Clock Uncertainty:      0.025ns  ((TSJ^2 + TIJ^2)^1/2 + DJ) / 2 + PE
    Total System Jitter     (TSJ):    0.050ns
    Total Input Jitter      (TIJ):    0.000ns
    Discrete Jitter          (DJ):    0.000ns
    Phase Error              (PE):    0.000ns

    Location             Delay type                Incr(ns)  Path(ns)    Netlist Resource(s)
  -------------------------------------------------------------------    -------------------
                                                      0.000     0.000 f  rst (IN)
                         net (fo=138, unset)          0.000     0.000    rst
    SLICE_X92Y679        LUT5 (Prop_C5LUT_SLICEL_I3_O)
                                                      0.158     0.158 r  orig_mem_reg_r1_0_63_0_6_i_13/O
                         net (fo=4, routed)           0.314     0.472    p_0_in0_out
    SLICE_X93Y678        LUT3 (Prop_B6LUT_SLICEL_I0_O)
                                                      0.051     0.523 r  orig_mem_reg_r1_0_63_0_6_i_8/O
                         net (fo=32, routed)          0.858     1.380    orig_mem_reg_r2_0_63_7_11/WE
    SLICE_X91Y675        RAMD64E                                      r  orig_mem_reg_r2_0_63_7_11/RAMC/WE
  -------------------------------------------------------------------    -------------------

                         (clock clk rise edge)        0.000     0.000 r  
                                                      0.000     0.000 r  clk (IN)
                         net (fo=428, unset)          0.043     0.043    orig_mem_reg_r2_0_63_7_11/WCLK
    SLICE_X91Y675        RAMD64E                                      r  orig_mem_reg_r2_0_63_7_11/RAMC/CLK

Slack:                    inf
  Source:                 rst
                            (input port)
  Destination:            orig_mem_reg_r2_0_63_7_11/RAMD/WE
                            (rising edge-triggered cell RAMD64E clocked by clk  {rise@0.000ns fall@1.666ns period=3.333ns})
  Path Group:             (none)
  Path Type:              Setup (Max at Slow Process Corner)
  Data Path Delay:        1.380ns  (logic 0.209ns (15.142%)  route 1.171ns (84.858%))
  Logic Levels:           2  (LUT3=1 LUT5=1)
  Clock Path Skew:        0.043ns (DCD - SCD + CPR)
    Destination Clock Delay (DCD):    0.043ns
    Source Clock Delay      (SCD):    0.000ns
    Clock Pessimism Removal (CPR):    0.000ns
  Clock Uncertainty:      0.025ns  ((TSJ^2 + TIJ^2)^1/2 + DJ) / 2 + PE
    Total System Jitter     (TSJ):    0.050ns
    Total Input Jitter      (TIJ):    0.000ns
    Discrete Jitter          (DJ):    0.000ns
    Phase Error              (PE):    0.000ns

    Location             Delay type                Incr(ns)  Path(ns)    Netlist Resource(s)
  -------------------------------------------------------------------    -------------------
                                                      0.000     0.000 f  rst (IN)
                         net (fo=138, unset)          0.000     0.000    rst
    SLICE_X92Y679        LUT5 (Prop_C5LUT_SLICEL_I3_O)
                                                      0.158     0.158 r  orig_mem_reg_r1_0_63_0_6_i_13/O
                         net (fo=4, routed)           0.314     0.472    p_0_in0_out
    SLICE_X93Y678        LUT3 (Prop_B6LUT_SLICEL_I0_O)
                                                      0.051     0.523 r  orig_mem_reg_r1_0_63_0_6_i_8/O
                         net (fo=32, routed)          0.858     1.380    orig_mem_reg_r2_0_63_7_11/WE
    SLICE_X91Y675        RAMD64E                                      r  orig_mem_reg_r2_0_63_7_11/RAMD/WE
  -------------------------------------------------------------------    -------------------

                         (clock clk rise edge)        0.000     0.000 r  
                                                      0.000     0.000 r  clk (IN)
                         net (fo=428, unset)          0.043     0.043    orig_mem_reg_r2_0_63_7_11/WCLK
    SLICE_X91Y675        RAMD64E                                      r  orig_mem_reg_r2_0_63_7_11/RAMD/CLK

Slack:                    inf
  Source:                 rst
                            (input port)
  Destination:            orig_mem_reg_r2_0_63_7_11/RAME/WE
                            (rising edge-triggered cell RAMD64E clocked by clk  {rise@0.000ns fall@1.666ns period=3.333ns})
  Path Group:             (none)
  Path Type:              Setup (Max at Slow Process Corner)
  Data Path Delay:        1.380ns  (logic 0.209ns (15.142%)  route 1.171ns (84.858%))
  Logic Levels:           2  (LUT3=1 LUT5=1)
  Clock Path Skew:        0.043ns (DCD - SCD + CPR)
    Destination Clock Delay (DCD):    0.043ns
    Source Clock Delay      (SCD):    0.000ns
    Clock Pessimism Removal (CPR):    0.000ns
  Clock Uncertainty:      0.025ns  ((TSJ^2 + TIJ^2)^1/2 + DJ) / 2 + PE
    Total System Jitter     (TSJ):    0.050ns
    Total Input Jitter      (TIJ):    0.000ns
    Discrete Jitter          (DJ):    0.000ns
    Phase Error              (PE):    0.000ns

    Location             Delay type                Incr(ns)  Path(ns)    Netlist Resource(s)
  -------------------------------------------------------------------    -------------------
                                                      0.000     0.000 f  rst (IN)
                         net (fo=138, unset)          0.000     0.000    rst
    SLICE_X92Y679        LUT5 (Prop_C5LUT_SLICEL_I3_O)
                                                      0.158     0.158 r  orig_mem_reg_r1_0_63_0_6_i_13/O
                         net (fo=4, routed)           0.314     0.472    p_0_in0_out
    SLICE_X93Y678        LUT3 (Prop_B6LUT_SLICEL_I0_O)
                                                      0.051     0.523 r  orig_mem_reg_r1_0_63_0_6_i_8/O
                         net (fo=32, routed)          0.858     1.380    orig_mem_reg_r2_0_63_7_11/WE
    SLICE_X91Y675        RAMD64E                                      r  orig_mem_reg_r2_0_63_7_11/RAME/WE
  -------------------------------------------------------------------    -------------------

                         (clock clk rise edge)        0.000     0.000 r  
                                                      0.000     0.000 r  clk (IN)
                         net (fo=428, unset)          0.043     0.043    orig_mem_reg_r2_0_63_7_11/WCLK
    SLICE_X91Y675        RAMD64E                                      r  orig_mem_reg_r2_0_63_7_11/RAME/CLK

Slack:                    inf
  Source:                 rst
                            (input port)
  Destination:            orig_mem_reg_r2_0_63_7_11/RAMF/WE
                            (rising edge-triggered cell RAMD64E clocked by clk  {rise@0.000ns fall@1.666ns period=3.333ns})
  Path Group:             (none)
  Path Type:              Setup (Max at Slow Process Corner)
  Data Path Delay:        1.380ns  (logic 0.209ns (15.142%)  route 1.171ns (84.858%))
  Logic Levels:           2  (LUT3=1 LUT5=1)
  Clock Path Skew:        0.043ns (DCD - SCD + CPR)
    Destination Clock Delay (DCD):    0.043ns
    Source Clock Delay      (SCD):    0.000ns
    Clock Pessimism Removal (CPR):    0.000ns
  Clock Uncertainty:      0.025ns  ((TSJ^2 + TIJ^2)^1/2 + DJ) / 2 + PE
    Total System Jitter     (TSJ):    0.050ns
    Total Input Jitter      (TIJ):    0.000ns
    Discrete Jitter          (DJ):    0.000ns
    Phase Error              (PE):    0.000ns

    Location             Delay type                Incr(ns)  Path(ns)    Netlist Resource(s)
  -------------------------------------------------------------------    -------------------
                                                      0.000     0.000 f  rst (IN)
                         net (fo=138, unset)          0.000     0.000    rst
    SLICE_X92Y679        LUT5 (Prop_C5LUT_SLICEL_I3_O)
                                                      0.158     0.158 r  orig_mem_reg_r1_0_63_0_6_i_13/O
                         net (fo=4, routed)           0.314     0.472    p_0_in0_out
    SLICE_X93Y678        LUT3 (Prop_B6LUT_SLICEL_I0_O)
                                                      0.051     0.523 r  orig_mem_reg_r1_0_63_0_6_i_8/O
                         net (fo=32, routed)          0.858     1.380    orig_mem_reg_r2_0_63_7_11/WE
    SLICE_X91Y675        RAMD64E                                      r  orig_mem_reg_r2_0_63_7_11/RAMF/WE
  -------------------------------------------------------------------    -------------------

                         (clock clk rise edge)        0.000     0.000 r  
                                                      0.000     0.000 r  clk (IN)
                         net (fo=428, unset)          0.043     0.043    orig_mem_reg_r2_0_63_7_11/WCLK
    SLICE_X91Y675        RAMD64E                                      r  orig_mem_reg_r2_0_63_7_11/RAMF/CLK

Slack:                    inf
  Source:                 rst
                            (input port)
  Destination:            orig_mem_reg_r2_0_63_7_11/RAMG/WE
                            (rising edge-triggered cell RAMD64E clocked by clk  {rise@0.000ns fall@1.666ns period=3.333ns})
  Path Group:             (none)
  Path Type:              Setup (Max at Slow Process Corner)
  Data Path Delay:        1.380ns  (logic 0.209ns (15.142%)  route 1.171ns (84.858%))
  Logic Levels:           2  (LUT3=1 LUT5=1)
  Clock Path Skew:        0.043ns (DCD - SCD + CPR)
    Destination Clock Delay (DCD):    0.043ns
    Source Clock Delay      (SCD):    0.000ns
    Clock Pessimism Removal (CPR):    0.000ns
  Clock Uncertainty:      0.025ns  ((TSJ^2 + TIJ^2)^1/2 + DJ) / 2 + PE
    Total System Jitter     (TSJ):    0.050ns
    Total Input Jitter      (TIJ):    0.000ns
    Discrete Jitter          (DJ):    0.000ns
    Phase Error              (PE):    0.000ns

    Location             Delay type                Incr(ns)  Path(ns)    Netlist Resource(s)
  -------------------------------------------------------------------    -------------------
                                                      0.000     0.000 f  rst (IN)
                         net (fo=138, unset)          0.000     0.000    rst
    SLICE_X92Y679        LUT5 (Prop_C5LUT_SLICEL_I3_O)
                                                      0.158     0.158 r  orig_mem_reg_r1_0_63_0_6_i_13/O
                         net (fo=4, routed)           0.314     0.472    p_0_in0_out
    SLICE_X93Y678        LUT3 (Prop_B6LUT_SLICEL_I0_O)
                                                      0.051     0.523 r  orig_mem_reg_r1_0_63_0_6_i_8/O
                         net (fo=32, routed)          0.858     1.380    orig_mem_reg_r2_0_63_7_11/WE
    SLICE_X91Y675        RAMD64E                                      r  orig_mem_reg_r2_0_63_7_11/RAMG/WE
  -------------------------------------------------------------------    -------------------

                         (clock clk rise edge)        0.000     0.000 r  
                                                      0.000     0.000 r  clk (IN)
                         net (fo=428, unset)          0.043     0.043    orig_mem_reg_r2_0_63_7_11/WCLK
    SLICE_X91Y675        RAMD64E                                      r  orig_mem_reg_r2_0_63_7_11/RAMG/CLK

Slack:                    inf
  Source:                 rst
                            (input port)
  Destination:            orig_mem_reg_r2_0_63_7_11/RAMH/WE
                            (rising edge-triggered cell RAMD64E clocked by clk  {rise@0.000ns fall@1.666ns period=3.333ns})
  Path Group:             (none)
  Path Type:              Setup (Max at Slow Process Corner)
  Data Path Delay:        1.380ns  (logic 0.209ns (15.142%)  route 1.171ns (84.858%))
  Logic Levels:           2  (LUT3=1 LUT5=1)
  Clock Path Skew:        0.043ns (DCD - SCD + CPR)
    Destination Clock Delay (DCD):    0.043ns
    Source Clock Delay      (SCD):    0.000ns
    Clock Pessimism Removal (CPR):    0.000ns
  Clock Uncertainty:      0.025ns  ((TSJ^2 + TIJ^2)^1/2 + DJ) / 2 + PE
    Total System Jitter     (TSJ):    0.050ns
    Total Input Jitter      (TIJ):    0.000ns
    Discrete Jitter          (DJ):    0.000ns
    Phase Error              (PE):    0.000ns

    Location             Delay type                Incr(ns)  Path(ns)    Netlist Resource(s)
  -------------------------------------------------------------------    -------------------
                                                      0.000     0.000 f  rst (IN)
                         net (fo=138, unset)          0.000     0.000    rst
    SLICE_X92Y679        LUT5 (Prop_C5LUT_SLICEL_I3_O)
                                                      0.158     0.158 r  orig_mem_reg_r1_0_63_0_6_i_13/O
                         net (fo=4, routed)           0.314     0.472    p_0_in0_out
    SLICE_X93Y678        LUT3 (Prop_B6LUT_SLICEL_I0_O)
                                                      0.051     0.523 r  orig_mem_reg_r1_0_63_0_6_i_8/O
                         net (fo=32, routed)          0.858     1.380    orig_mem_reg_r2_0_63_7_11/WE
    SLICE_X91Y675        RAMD64E                                      r  orig_mem_reg_r2_0_63_7_11/RAMH/WE
  -------------------------------------------------------------------    -------------------

                         (clock clk rise edge)        0.000     0.000 r  
                                                      0.000     0.000 r  clk (IN)
                         net (fo=428, unset)          0.043     0.043    orig_mem_reg_r2_0_63_7_11/WCLK
    SLICE_X91Y675        RAMD64E                                      r  orig_mem_reg_r2_0_63_7_11/RAMH/CLK

Slack:                    inf
  Source:                 rst
                            (input port)
  Destination:            orig_mem_reg_r1_192_255_0_6/RAMA/WE
                            (rising edge-triggered cell RAMD64E clocked by clk  {rise@0.000ns fall@1.666ns period=3.333ns})
  Path Group:             (none)
  Path Type:              Setup (Max at Slow Process Corner)
  Data Path Delay:        1.314ns  (logic 0.231ns (17.577%)  route 1.083ns (82.423%))
  Logic Levels:           2  (LUT3=1 LUT5=1)
  Clock Path Skew:        0.043ns (DCD - SCD + CPR)
    Destination Clock Delay (DCD):    0.043ns
    Source Clock Delay      (SCD):    0.000ns
    Clock Pessimism Removal (CPR):    0.000ns
  Clock Uncertainty:      0.025ns  ((TSJ^2 + TIJ^2)^1/2 + DJ) / 2 + PE
    Total System Jitter     (TSJ):    0.050ns
    Total Input Jitter      (TIJ):    0.000ns
    Discrete Jitter          (DJ):    0.000ns
    Phase Error              (PE):    0.000ns

    Location             Delay type                Incr(ns)  Path(ns)    Netlist Resource(s)
  -------------------------------------------------------------------    -------------------
                                                      0.000     0.000 f  rst (IN)
                         net (fo=138, unset)          0.000     0.000    rst
    SLICE_X92Y679        LUT5 (Prop_C5LUT_SLICEL_I3_O)
                                                      0.158     0.158 r  orig_mem_reg_r1_0_63_0_6_i_13/O
                         net (fo=4, routed)           0.314     0.472    p_0_in0_out
    SLICE_X93Y678        LUT3 (Prop_B5LUT_SLICEL_I0_O)
                                                      0.073     0.545 r  orig_mem_reg_r1_192_255_0_6_i_1/O
                         net (fo=32, routed)          0.770     1.314    orig_mem_reg_r1_192_255_0_6/WE
    SLICE_X95Y672        RAMD64E                                      r  orig_mem_reg_r1_192_255_0_6/RAMA/WE
  -------------------------------------------------------------------    -------------------

                         (clock clk rise edge)        0.000     0.000 r  
                                                      0.000     0.000 r  clk (IN)
                         net (fo=428, unset)          0.043     0.043    orig_mem_reg_r1_192_255_0_6/WCLK
    SLICE_X95Y672        RAMD64E                                      r  orig_mem_reg_r1_192_255_0_6/RAMA/CLK

Slack:                    inf
  Source:                 rst
                            (input port)
  Destination:            orig_mem_reg_r1_192_255_0_6/RAMB/WE
                            (rising edge-triggered cell RAMD64E clocked by clk  {rise@0.000ns fall@1.666ns period=3.333ns})
  Path Group:             (none)
  Path Type:              Setup (Max at Slow Process Corner)
  Data Path Delay:        1.314ns  (logic 0.231ns (17.577%)  route 1.083ns (82.423%))
  Logic Levels:           2  (LUT3=1 LUT5=1)
  Clock Path Skew:        0.043ns (DCD - SCD + CPR)
    Destination Clock Delay (DCD):    0.043ns
    Source Clock Delay      (SCD):    0.000ns
    Clock Pessimism Removal (CPR):    0.000ns
  Clock Uncertainty:      0.025ns  ((TSJ^2 + TIJ^2)^1/2 + DJ) / 2 + PE
    Total System Jitter     (TSJ):    0.050ns
    Total Input Jitter      (TIJ):    0.000ns
    Discrete Jitter          (DJ):    0.000ns
    Phase Error              (PE):    0.000ns

    Location             Delay type                Incr(ns)  Path(ns)    Netlist Resource(s)
  -------------------------------------------------------------------    -------------------
                                                      0.000     0.000 f  rst (IN)
                         net (fo=138, unset)          0.000     0.000    rst
    SLICE_X92Y679        LUT5 (Prop_C5LUT_SLICEL_I3_O)
                                                      0.158     0.158 r  orig_mem_reg_r1_0_63_0_6_i_13/O
                         net (fo=4, routed)           0.314     0.472    p_0_in0_out
    SLICE_X93Y678        LUT3 (Prop_B5LUT_SLICEL_I0_O)
                                                      0.073     0.545 r  orig_mem_reg_r1_192_255_0_6_i_1/O
                         net (fo=32, routed)          0.770     1.314    orig_mem_reg_r1_192_255_0_6/WE
    SLICE_X95Y672        RAMD64E                                      r  orig_mem_reg_r1_192_255_0_6/RAMB/WE
  -------------------------------------------------------------------    -------------------

                         (clock clk rise edge)        0.000     0.000 r  
                                                      0.000     0.000 r  clk (IN)
                         net (fo=428, unset)          0.043     0.043    orig_mem_reg_r1_192_255_0_6/WCLK
    SLICE_X95Y672        RAMD64E                                      r  orig_mem_reg_r1_192_255_0_6/RAMB/CLK





Min Delay Paths
--------------------------------------------------------------------------------------
Slack:                    inf
  Source:                 rst
                            (input port)
  Destination:            FSM_onehot_state_reg[0]/S
                            (rising edge-triggered cell FDSE clocked by clk  {rise@0.000ns fall@1.666ns period=3.333ns})
  Path Group:             (none)
  Path Type:              Hold (Min at Fast Process Corner)
  Data Path Delay:        0.009ns  (logic 0.000ns (0.000%)  route 0.009ns (100.000%))
  Logic Levels:           0  
  Clock Path Skew:        0.019ns (DCD - SCD - CPR)
    Destination Clock Delay (DCD):    0.019ns
    Source Clock Delay      (SCD):    0.000ns
    Clock Pessimism Removal (CPR):    -0.000ns

    Location             Delay type                Incr(ns)  Path(ns)    Netlist Resource(s)
  -------------------------------------------------------------------    -------------------
                                                      0.000     0.000 r  rst (IN)
                         net (fo=138, unset)          0.009     0.009    rst
    SLICE_X92Y679        FDSE                                         r  FSM_onehot_state_reg[0]/S
  -------------------------------------------------------------------    -------------------

                         (clock clk rise edge)        0.000     0.000 r  
                                                      0.000     0.000 r  clk (IN)
                         net (fo=428, unset)          0.019     0.019    clk
    SLICE_X92Y679        FDSE                                         r  FSM_onehot_state_reg[0]/C

Slack:                    inf
  Source:                 rst
                            (input port)
  Destination:            FSM_onehot_state_reg[1]/R
                            (rising edge-triggered cell FDRE clocked by clk  {rise@0.000ns fall@1.666ns period=3.333ns})
  Path Group:             (none)
  Path Type:              Hold (Min at Fast Process Corner)
  Data Path Delay:        0.009ns  (logic 0.000ns (0.000%)  route 0.009ns (100.000%))
  Logic Levels:           0  
  Clock Path Skew:        0.019ns (DCD - SCD - CPR)
    Destination Clock Delay (DCD):    0.019ns
    Source Clock Delay      (SCD):    0.000ns
    Clock Pessimism Removal (CPR):    -0.000ns

    Location             Delay type                Incr(ns)  Path(ns)    Netlist Resource(s)
  -------------------------------------------------------------------    -------------------
                                                      0.000     0.000 r  rst (IN)
                         net (fo=138, unset)          0.009     0.009    rst
    SLICE_X92Y679        FDRE                                         r  FSM_onehot_state_reg[1]/R
  -------------------------------------------------------------------    -------------------

                         (clock clk rise edge)        0.000     0.000 r  
                                                      0.000     0.000 r  clk (IN)
                         net (fo=428, unset)          0.019     0.019    clk
    SLICE_X92Y679        FDRE                                         r  FSM_onehot_state_reg[1]/C

Slack:                    inf
  Source:                 rst
                            (input port)
  Destination:            FSM_onehot_state_reg[2]/R
                            (rising edge-triggered cell FDRE clocked by clk  {rise@0.000ns fall@1.666ns period=3.333ns})
  Path Group:             (none)
  Path Type:              Hold (Min at Fast Process Corner)
  Data Path Delay:        0.009ns  (logic 0.000ns (0.000%)  route 0.009ns (100.000%))
  Logic Levels:           0  
  Clock Path Skew:        0.019ns (DCD - SCD - CPR)
    Destination Clock Delay (DCD):    0.019ns
    Source Clock Delay      (SCD):    0.000ns
    Clock Pessimism Removal (CPR):    -0.000ns

    Location             Delay type                Incr(ns)  Path(ns)    Netlist Resource(s)
  -------------------------------------------------------------------    -------------------
                                                      0.000     0.000 r  rst (IN)
                         net (fo=138, unset)          0.009     0.009    rst
    SLICE_X89Y677        FDRE                                         r  FSM_onehot_state_reg[2]/R
  -------------------------------------------------------------------    -------------------

                         (clock clk rise edge)        0.000     0.000 r  
                                                      0.000     0.000 r  clk (IN)
                         net (fo=428, unset)          0.019     0.019    clk
    SLICE_X89Y677        FDRE                                         r  FSM_onehot_state_reg[2]/C

Slack:                    inf
  Source:                 rst
                            (input port)
  Destination:            FSM_onehot_state_reg[3]/R
                            (rising edge-triggered cell FDRE clocked by clk  {rise@0.000ns fall@1.666ns period=3.333ns})
  Path Group:             (none)
  Path Type:              Hold (Min at Fast Process Corner)
  Data Path Delay:        0.009ns  (logic 0.000ns (0.000%)  route 0.009ns (100.000%))
  Logic Levels:           0  
  Clock Path Skew:        0.019ns (DCD - SCD - CPR)
    Destination Clock Delay (DCD):    0.019ns
    Source Clock Delay      (SCD):    0.000ns
    Clock Pessimism Removal (CPR):    -0.000ns

    Location             Delay type                Incr(ns)  Path(ns)    Netlist Resource(s)
  -------------------------------------------------------------------    -------------------
                                                      0.000     0.000 r  rst (IN)
                         net (fo=138, unset)          0.009     0.009    rst
    SLICE_X92Y680        FDRE                                         r  FSM_onehot_state_reg[3]/R
  -------------------------------------------------------------------    -------------------

                         (clock clk rise edge)        0.000     0.000 r  
                                                      0.000     0.000 r  clk (IN)
                         net (fo=428, unset)          0.019     0.019    clk
    SLICE_X92Y680        FDRE                                         r  FSM_onehot_state_reg[3]/C

Slack:                    inf
  Source:                 rst
                            (input port)
  Destination:            FSM_onehot_state_reg[5]/R
                            (rising edge-triggered cell FDRE clocked by clk  {rise@0.000ns fall@1.666ns period=3.333ns})
  Path Group:             (none)
  Path Type:              Hold (Min at Fast Process Corner)
  Data Path Delay:        0.009ns  (logic 0.000ns (0.000%)  route 0.009ns (100.000%))
  Logic Levels:           0  
  Clock Path Skew:        0.019ns (DCD - SCD - CPR)
    Destination Clock Delay (DCD):    0.019ns
    Source Clock Delay      (SCD):    0.000ns
    Clock Pessimism Removal (CPR):    -0.000ns

    Location             Delay type                Incr(ns)  Path(ns)    Netlist Resource(s)
  -------------------------------------------------------------------    -------------------
                                                      0.000     0.000 r  rst (IN)
                         net (fo=138, unset)          0.009     0.009    rst
    SLICE_X92Y679        FDRE                                         r  FSM_onehot_state_reg[5]/R
  -------------------------------------------------------------------    -------------------

                         (clock clk rise edge)        0.000     0.000 r  
                                                      0.000     0.000 r  clk (IN)
                         net (fo=428, unset)          0.019     0.019    clk
    SLICE_X92Y679        FDRE                                         r  FSM_onehot_state_reg[5]/C

Slack:                    inf
  Source:                 rst
                            (input port)
  Destination:            cmp_i_d1_reg[0]/R
                            (rising edge-triggered cell FDRE clocked by clk  {rise@0.000ns fall@1.666ns period=3.333ns})
  Path Group:             (none)
  Path Type:              Hold (Min at Fast Process Corner)
  Data Path Delay:        0.009ns  (logic 0.000ns (0.000%)  route 0.009ns (100.000%))
  Logic Levels:           0  
  Clock Path Skew:        0.019ns (DCD - SCD - CPR)
    Destination Clock Delay (DCD):    0.019ns
    Source Clock Delay      (SCD):    0.000ns
    Clock Pessimism Removal (CPR):    -0.000ns

    Location             Delay type                Incr(ns)  Path(ns)    Netlist Resource(s)
  -------------------------------------------------------------------    -------------------
                                                      0.000     0.000 r  rst (IN)
                         net (fo=138, unset)          0.009     0.009    rst
    SLICE_X92Y678        FDRE                                         r  cmp_i_d1_reg[0]/R
  -------------------------------------------------------------------    -------------------

                         (clock clk rise edge)        0.000     0.000 r  
                                                      0.000     0.000 r  clk (IN)
                         net (fo=428, unset)          0.019     0.019    clk
    SLICE_X92Y678        FDRE                                         r  cmp_i_d1_reg[0]/C

Slack:                    inf
  Source:                 rst
                            (input port)
  Destination:            cmp_i_d1_reg[2]/R
                            (rising edge-triggered cell FDRE clocked by clk  {rise@0.000ns fall@1.666ns period=3.333ns})
  Path Group:             (none)
  Path Type:              Hold (Min at Fast Process Corner)
  Data Path Delay:        0.009ns  (logic 0.000ns (0.000%)  route 0.009ns (100.000%))
  Logic Levels:           0  
  Clock Path Skew:        0.019ns (DCD - SCD - CPR)
    Destination Clock Delay (DCD):    0.019ns
    Source Clock Delay      (SCD):    0.000ns
    Clock Pessimism Removal (CPR):    -0.000ns

    Location             Delay type                Incr(ns)  Path(ns)    Netlist Resource(s)
  -------------------------------------------------------------------    -------------------
                                                      0.000     0.000 r  rst (IN)
                         net (fo=138, unset)          0.009     0.009    rst
    SLICE_X92Y678        FDRE                                         r  cmp_i_d1_reg[2]/R
  -------------------------------------------------------------------    -------------------

                         (clock clk rise edge)        0.000     0.000 r  
                                                      0.000     0.000 r  clk (IN)
                         net (fo=428, unset)          0.019     0.019    clk
    SLICE_X92Y678        FDRE                                         r  cmp_i_d1_reg[2]/C

Slack:                    inf
  Source:                 rst
                            (input port)
  Destination:            cmp_i_d1_reg[6]/R
                            (rising edge-triggered cell FDRE clocked by clk  {rise@0.000ns fall@1.666ns period=3.333ns})
  Path Group:             (none)
  Path Type:              Hold (Min at Fast Process Corner)
  Data Path Delay:        0.009ns  (logic 0.000ns (0.000%)  route 0.009ns (100.000%))
  Logic Levels:           0  
  Clock Path Skew:        0.019ns (DCD - SCD - CPR)
    Destination Clock Delay (DCD):    0.019ns
    Source Clock Delay      (SCD):    0.000ns
    Clock Pessimism Removal (CPR):    -0.000ns

    Location             Delay type                Incr(ns)  Path(ns)    Netlist Resource(s)
  -------------------------------------------------------------------    -------------------
                                                      0.000     0.000 r  rst (IN)
                         net (fo=138, unset)          0.009     0.009    rst
    SLICE_X92Y675        FDRE                                         r  cmp_i_d1_reg[6]/R
  -------------------------------------------------------------------    -------------------

                         (clock clk rise edge)        0.000     0.000 r  
                                                      0.000     0.000 r  clk (IN)
                         net (fo=428, unset)          0.019     0.019    clk
    SLICE_X92Y675        FDRE                                         r  cmp_i_d1_reg[6]/C

Slack:                    inf
  Source:                 rst
                            (input port)
  Destination:            cmp_i_d1_reg[7]/R
                            (rising edge-triggered cell FDRE clocked by clk  {rise@0.000ns fall@1.666ns period=3.333ns})
  Path Group:             (none)
  Path Type:              Hold (Min at Fast Process Corner)
  Data Path Delay:        0.009ns  (logic 0.000ns (0.000%)  route 0.009ns (100.000%))
  Logic Levels:           0  
  Clock Path Skew:        0.019ns (DCD - SCD - CPR)
    Destination Clock Delay (DCD):    0.019ns
    Source Clock Delay      (SCD):    0.000ns
    Clock Pessimism Removal (CPR):    -0.000ns

    Location             Delay type                Incr(ns)  Path(ns)    Netlist Resource(s)
  -------------------------------------------------------------------    -------------------
                                                      0.000     0.000 r  rst (IN)
                         net (fo=138, unset)          0.009     0.009    rst
    SLICE_X92Y675        FDRE                                         r  cmp_i_d1_reg[7]/R
  -------------------------------------------------------------------    -------------------

                         (clock clk rise edge)        0.000     0.000 r  
                                                      0.000     0.000 r  clk (IN)
                         net (fo=428, unset)          0.019     0.019    clk
    SLICE_X92Y675        FDRE                                         r  cmp_i_d1_reg[7]/C

Slack:                    inf
  Source:                 rst
                            (input port)
  Destination:            cmp_i_reg[2]/R
                            (rising edge-triggered cell FDRE clocked by clk  {rise@0.000ns fall@1.666ns period=3.333ns})
  Path Group:             (none)
  Path Type:              Hold (Min at Fast Process Corner)
  Data Path Delay:        0.009ns  (logic 0.000ns (0.000%)  route 0.009ns (100.000%))
  Logic Levels:           0  
  Clock Path Skew:        0.018ns (DCD - SCD - CPR)
    Destination Clock Delay (DCD):    0.018ns
    Source Clock Delay      (SCD):    0.000ns
    Clock Pessimism Removal (CPR):    -0.000ns

    Location             Delay type                Incr(ns)  Path(ns)    Netlist Resource(s)
  -------------------------------------------------------------------    -------------------
                                                      0.000     0.000 r  rst (IN)
                         net (fo=138, unset)          0.009     0.009    rst
    SLICE_X92Y678        FDRE                                         r  cmp_i_reg[2]/R
  -------------------------------------------------------------------    -------------------

                         (clock clk rise edge)        0.000     0.000 r  
                                                      0.000     0.000 r  clk (IN)
                         net (fo=428, unset)          0.018     0.018    clk
    SLICE_X92Y678        FDRE                                         r  cmp_i_reg[2]/C





